{
  "voltage": [
    -0.4,
    -0.35000000000000003,
    -0.30000000000000004,
    -0.25,
    -0.2,
    -0.15000000000000002,
    -0.09999999999999998,
    -0.04999999999999999,
    0.0,
    0.04999999999999999,
    0.09999999999999998,
    0.15000000000000002,
    0.20000000000000007,
    0.25,
    0.30000000000000004,
    0.35,
    0.4
  ],
  "current": [
    4.3181995106249993e-16,
    4.3181995106249993e-16,
    4.3181995106249993e-16,
    4.3181995106249993e-16,
    4.3181995106249993e-16,
    4.3181995106249993e-16,
    4.3181995106249993e-16,
    4.3181995106249993e-16,
    4.3181995106249993e-16,
    4.3181995106249993e-16,
    4.3181995106249993e-16,
    4.3181995106249993e-16,
    4.3181995106249993e-16,
    4.3181995106249993e-16,
    4.3181995106249993e-16,
    4.3181995106249993e-16,
    4.3181995106249993e-16
  ],
  "temperature": 100.0,
  "device": "nBn_HgCdTe_corrected"
}