Searching DEVSIM_MATH_LIBS="libopenblas.dylib:liblapack.dylib:libblas.dylib"
Loading "libopenblas.dylib": MISSING DLL
Loading "liblapack.dylib": ALL BLAS/LAPACK LOADED
Skipping libblas.dylib
loading UMFPACK 5.1 as direct solver
p_i
i_n
bot
 (region: SiRegion)
 (contact: top)
 (contact: bot)
number of equations 1695
Iteration: 0
  Device: "BenchmarkDiode"	RelError: 1.00000e+00	AbsError: 1.63902e-01
    Region: "SiRegion"	RelError: 1.00000e+00	AbsError: 1.63902e-01
      Equation: "PotentialEquation"	RelError: 1.00000e+00	AbsError: 1.63902e-01
Iteration: 1
  Device: "BenchmarkDiode"	RelError: 4.97944e-01	AbsError: 1.62430e-01
    Region: "SiRegion"	RelError: 4.97944e-01	AbsError: 1.62430e-01
      Equation: "PotentialEquation"	RelError: 4.97944e-01	AbsError: 1.62430e-01
Iteration: 2
  Device: "BenchmarkDiode"	RelError: 2.39824e+01	AbsError: 1.03408e-01
    Region: "SiRegion"	RelError: 2.39824e+01	AbsError: 1.03408e-01
      Equation: "PotentialEquation"	RelError: 2.39824e+01	AbsError: 1.03408e-01
Iteration: 3
  Device: "BenchmarkDiode"	RelError: 1.53991e+01	AbsError: 5.73651e-02
    Region: "SiRegion"	RelError: 1.53991e+01	AbsError: 5.73651e-02
      Equation: "PotentialEquation"	RelError: 1.53991e+01	AbsError: 5.73651e-02
Iteration: 4
  Device: "BenchmarkDiode"	RelError: 5.98642e+00	AbsError: 5.01960e-02
    Region: "SiRegion"	RelError: 5.98642e+00	AbsError: 5.01960e-02
      Equation: "PotentialEquation"	RelError: 5.98642e+00	AbsError: 5.01960e-02
Iteration: 5
  Device: "BenchmarkDiode"	RelError: 2.30820e+00	AbsError: 4.17220e-02
    Region: "SiRegion"	RelError: 2.30820e+00	AbsError: 4.17220e-02
      Equation: "PotentialEquation"	RelError: 2.30820e+00	AbsError: 4.17220e-02
Iteration: 6
  Device: "BenchmarkDiode"	RelError: 1.27440e+00	AbsError: 3.16681e-02
    Region: "SiRegion"	RelError: 1.27440e+00	AbsError: 3.16681e-02
      Equation: "PotentialEquation"	RelError: 1.27440e+00	AbsError: 3.16681e-02
Iteration: 7
  Device: "BenchmarkDiode"	RelError: 3.45009e-01	AbsError: 2.38740e-02
    Region: "SiRegion"	RelError: 3.45009e-01	AbsError: 2.38740e-02
      Equation: "PotentialEquation"	RelError: 3.45009e-01	AbsError: 2.38740e-02
Iteration: 8
  Device: "BenchmarkDiode"	RelError: 2.46584e-02	AbsError: 1.02888e-02
    Region: "SiRegion"	RelError: 2.46584e-02	AbsError: 1.02888e-02
      Equation: "PotentialEquation"	RelError: 2.46584e-02	AbsError: 1.02888e-02
Iteration: 9
  Device: "BenchmarkDiode"	RelError: 1.38055e-05	AbsError: 5.76038e-06
    Region: "SiRegion"	RelError: 1.38055e-05	AbsError: 5.76038e-06
      Equation: "PotentialEquation"	RelError: 1.38055e-05	AbsError: 5.76038e-06
Iteration: 10
  Device: "BenchmarkDiode"	RelError: 1.83872e-10	AbsError: 7.67209e-11
    Region: "SiRegion"	RelError: 1.83872e-10	AbsError: 7.67209e-11
      Equation: "PotentialEquation"	RelError: 1.83872e-10	AbsError: 7.67209e-11
Iteration: 11
  Device: "BenchmarkDiode"	RelError: 4.22940e-15	AbsError: 3.95529e-17
    Region: "SiRegion"	RelError: 4.22940e-15	AbsError: 3.95529e-17
      Equation: "PotentialEquation"	RelError: 4.22940e-15	AbsError: 3.95529e-17
Warning: Replacing equation with equation of the same name.
Region: SiRegion, Equation: PotentialEquation, Variable: Potential
number of equations 5085
Iteration: 0
  Device: "BenchmarkDiode"	RelError: 1.81005e-13	AbsError: 1.00800e+03
    Region: "SiRegion"	RelError: 1.81005e-13	AbsError: 1.00800e+03
      Equation: "ElectronContinuityEquation"	RelError: 9.99539e-15	AbsError: 4.96000e+02
      Equation: "HoleContinuityEquation"	RelError: 7.63049e-15	AbsError: 5.12000e+02
      Equation: "PotentialEquation"	RelError: 1.63380e-13	AbsError: 1.33092e-16
number of equations 5085
Iteration: 0
  Device: "BenchmarkDiode"	RelError: 5.61621e+02	AbsError: 2.64843e+15
    Region: "SiRegion"	RelError: 5.61621e+02	AbsError: 2.64843e+15
      Equation: "ElectronContinuityEquation"	RelError: 9.68102e-01	AbsError: 1.31751e+15
      Equation: "HoleContinuityEquation"	RelError: 9.67896e-01	AbsError: 1.33092e+15
      Equation: "PotentialEquation"	RelError: 5.59685e+02	AbsError: 8.96718e-02
Iteration: 1
  Device: "BenchmarkDiode"	RelError: 4.19313e+03	AbsError: 1.06010e+15
    Region: "SiRegion"	RelError: 4.19313e+03	AbsError: 1.06010e+15
      Equation: "ElectronContinuityEquation"	RelError: 9.64740e-01	AbsError: 5.15965e+14
      Equation: "HoleContinuityEquation"	RelError: 9.94376e-01	AbsError: 5.44139e+14
      Equation: "PotentialEquation"	RelError: 4.19117e+03	AbsError: 8.66950e-02
Iteration: 2
  Device: "BenchmarkDiode"	RelError: 7.10574e+02	AbsError: 4.74028e+14
    Region: "SiRegion"	RelError: 7.10574e+02	AbsError: 4.74028e+14
      Equation: "ElectronContinuityEquation"	RelError: 9.60100e-01	AbsError: 2.51422e+14
      Equation: "HoleContinuityEquation"	RelError: 9.94129e-01	AbsError: 2.22606e+14
      Equation: "PotentialEquation"	RelError: 7.08619e+02	AbsError: 8.34501e-02
Iteration: 3
  Device: "BenchmarkDiode"	RelError: 1.31522e+02	AbsError: 6.18363e+14
    Region: "SiRegion"	RelError: 1.31522e+02	AbsError: 6.18363e+14
      Equation: "ElectronContinuityEquation"	RelError: 9.54185e-01	AbsError: 3.41389e+14
      Equation: "HoleContinuityEquation"	RelError: 9.90749e-01	AbsError: 2.76975e+14
      Equation: "PotentialEquation"	RelError: 1.29577e+02	AbsError: 7.98885e-02
Iteration: 4
  Device: "BenchmarkDiode"	RelError: 2.84431e+03	AbsError: 1.44518e+15
    Region: "SiRegion"	RelError: 2.84431e+03	AbsError: 1.44518e+15
      Equation: "ElectronContinuityEquation"	RelError: 9.46516e-01	AbsError: 8.41132e+14
      Equation: "HoleContinuityEquation"	RelError: 9.83393e-01	AbsError: 6.04046e+14
      Equation: "PotentialEquation"	RelError: 2.84238e+03	AbsError: 7.59483e-02
Iteration: 5
  Device: "BenchmarkDiode"	RelError: 2.88376e+00	AbsError: 4.22697e+15
    Region: "SiRegion"	RelError: 2.88376e+00	AbsError: 4.22697e+15
      Equation: "ElectronContinuityEquation"	RelError: 9.36428e-01	AbsError: 1.90709e+15
      Equation: "HoleContinuityEquation"	RelError: 9.24469e-01	AbsError: 2.31987e+15
      Equation: "PotentialEquation"	RelError: 1.02286e+00	AbsError: 7.15491e-02
Iteration: 6
  Device: "BenchmarkDiode"	RelError: 2.07414e+00	AbsError: 3.10176e+15
    Region: "SiRegion"	RelError: 2.07414e+00	AbsError: 3.10176e+15
      Equation: "ElectronContinuityEquation"	RelError: 9.22972e-01	AbsError: 2.04456e+15
      Equation: "HoleContinuityEquation"	RelError: 6.63493e-01	AbsError: 1.05720e+15
      Equation: "PotentialEquation"	RelError: 4.87677e-01	AbsError: 6.65854e-02
Iteration: 7
  Device: "BenchmarkDiode"	RelError: 1.82972e+00	AbsError: 6.48913e+15
    Region: "SiRegion"	RelError: 1.82972e+00	AbsError: 6.48913e+15
      Equation: "ElectronContinuityEquation"	RelError: 9.03588e-01	AbsError: 3.77785e+15
      Equation: "HoleContinuityEquation"	RelError: 6.17619e-01	AbsError: 2.71128e+15
      Equation: "PotentialEquation"	RelError: 3.08511e-01	AbsError: 6.09160e-02
Iteration: 8
  Device: "BenchmarkDiode"	RelError: 1.79368e+00	AbsError: 1.20179e+16
    Region: "SiRegion"	RelError: 1.79368e+00	AbsError: 1.20179e+16
      Equation: "ElectronContinuityEquation"	RelError: 8.73306e-01	AbsError: 6.91509e+15
      Equation: "HoleContinuityEquation"	RelError: 7.04526e-01	AbsError: 5.10283e+15
      Equation: "PotentialEquation"	RelError: 2.15851e-01	AbsError: 5.43523e-02
Iteration: 9
  Device: "BenchmarkDiode"	RelError: 1.65919e+00	AbsError: 1.88861e+16
    Region: "SiRegion"	RelError: 1.65919e+00	AbsError: 1.88861e+16
      Equation: "ElectronContinuityEquation"	RelError: 8.19670e-01	AbsError: 1.09036e+16
      Equation: "HoleContinuityEquation"	RelError: 6.83228e-01	AbsError: 7.98248e+15
      Equation: "PotentialEquation"	RelError: 1.56294e-01	AbsError: 4.66461e-02
Iteration: 10
  Device: "BenchmarkDiode"	RelError: 1.38735e+00	AbsError: 1.97476e+16
    Region: "SiRegion"	RelError: 1.38735e+00	AbsError: 1.97476e+16
      Equation: "ElectronContinuityEquation"	RelError: 7.10635e-01	AbsError: 1.15633e+16
      Equation: "HoleContinuityEquation"	RelError: 5.65086e-01	AbsError: 8.18422e+15
      Equation: "PotentialEquation"	RelError: 1.11634e-01	AbsError: 3.75040e-02
Iteration: 11
  Device: "BenchmarkDiode"	RelError: 8.93638e-01	AbsError: 9.90341e+15
    Region: "SiRegion"	RelError: 8.93638e-01	AbsError: 9.90341e+15
      Equation: "ElectronContinuityEquation"	RelError: 4.83229e-01	AbsError: 5.86279e+15
      Equation: "HoleContinuityEquation"	RelError: 3.36711e-01	AbsError: 4.04063e+15
      Equation: "PotentialEquation"	RelError: 7.36980e-02	AbsError: 2.67290e-02
Iteration: 12
  Device: "BenchmarkDiode"	RelError: 2.94491e-01	AbsError: 1.61029e+15
    Region: "SiRegion"	RelError: 2.94491e-01	AbsError: 1.61029e+15
      Equation: "ElectronContinuityEquation"	RelError: 1.61391e-01	AbsError: 8.30912e+14
      Equation: "HoleContinuityEquation"	RelError: 8.06783e-02	AbsError: 7.79375e+14
      Equation: "PotentialEquation"	RelError: 5.24222e-02	AbsError: 2.00645e-02
Iteration: 13
  Device: "BenchmarkDiode"	RelError: 1.83262e-02	AbsError: 4.30981e+14
    Region: "SiRegion"	RelError: 1.83262e-02	AbsError: 4.30981e+14
      Equation: "ElectronContinuityEquation"	RelError: 1.19920e-02	AbsError: 2.50028e+14
      Equation: "HoleContinuityEquation"	RelError: 5.99601e-03	AbsError: 1.80954e+14
      Equation: "PotentialEquation"	RelError: 3.38247e-04	AbsError: 1.39824e-04
Iteration: 14
  Device: "BenchmarkDiode"	RelError: 2.82367e-05	AbsError: 6.04216e+11
    Region: "SiRegion"	RelError: 2.82367e-05	AbsError: 6.04216e+11
      Equation: "ElectronContinuityEquation"	RelError: 1.62264e-05	AbsError: 3.41153e+11
      Equation: "HoleContinuityEquation"	RelError: 1.06470e-05	AbsError: 2.63063e+11
      Equation: "PotentialEquation"	RelError: 1.36331e-06	AbsError: 5.63523e-07
Iteration: 15
  Device: "BenchmarkDiode"	RelError: 1.54630e-10	AbsError: 3.34992e+06
    Region: "SiRegion"	RelError: 1.54630e-10	AbsError: 3.34992e+06
      Equation: "ElectronContinuityEquation"	RelError: 7.21397e-11	AbsError: 1.77621e+06
      Equation: "HoleContinuityEquation"	RelError: 7.15280e-11	AbsError: 1.57371e+06
      Equation: "PotentialEquation"	RelError: 1.09626e-11	AbsError: 4.53062e-12
Iteration: 16
  Device: "BenchmarkDiode"	RelError: 4.46797e-15	AbsError: 9.41287e+01
    Region: "SiRegion"	RelError: 4.46797e-15	AbsError: 9.41287e+01
      Equation: "ElectronContinuityEquation"	RelError: 2.84539e-15	AbsError: 4.57114e+01
      Equation: "HoleContinuityEquation"	RelError: 1.43606e-15	AbsError: 4.84172e+01
      Equation: "PotentialEquation"	RelError: 1.86517e-16	AbsError: 7.80142e-17
number of equations 5085
Iteration: 0
  Device: "BenchmarkDiode"	RelError: 3.34109e-15	AbsError: 7.29589e+01
    Region: "SiRegion"	RelError: 3.34109e-15	AbsError: 7.29589e+01
      Equation: "ElectronContinuityEquation"	RelError: 1.71715e-15	AbsError: 3.80492e+01
      Equation: "HoleContinuityEquation"	RelError: 1.48043e-15	AbsError: 3.49098e+01
      Equation: "PotentialEquation"	RelError: 1.43507e-16	AbsError: 5.57741e-17
number of equations 5085
Iteration: 0
  Device: "BenchmarkDiode"	RelError: 2.36872e-15	AbsError: 5.57916e+01
    Region: "SiRegion"	RelError: 2.36872e-15	AbsError: 5.57916e+01
      Equation: "ElectronContinuityEquation"	RelError: 1.10401e-15	AbsError: 2.54606e+01
      Equation: "HoleContinuityEquation"	RelError: 1.12368e-15	AbsError: 3.03311e+01
      Equation: "PotentialEquation"	RelError: 1.41034e-16	AbsError: 5.48653e-17
Charge Relative Error 3.58435e-09
number of equations 5085
Iteration: 0
  Device: "BenchmarkDiode"	RelError: 2.30067e-15	AbsError: 6.12686e+01
    Region: "SiRegion"	RelError: 2.30067e-15	AbsError: 6.12686e+01
      Equation: "ElectronContinuityEquation"	RelError: 1.06691e-15	AbsError: 2.70132e+01
      Equation: "HoleContinuityEquation"	RelError: 1.10528e-15	AbsError: 3.42554e+01
      Equation: "PotentialEquation"	RelError: 1.28478e-16	AbsError: 5.31696e-17
Charge Relative Error 3.58435e-09
number of equations 5085
Iteration: 0
  Device: "BenchmarkDiode"	RelError: 2.11281e-15	AbsError: 5.53004e+01
    Region: "SiRegion"	RelError: 2.11281e-15	AbsError: 5.53004e+01
      Equation: "ElectronContinuityEquation"	RelError: 1.17638e-15	AbsError: 2.43719e+01
      Equation: "HoleContinuityEquation"	RelError: 8.21465e-16	AbsError: 3.09285e+01
      Equation: "PotentialEquation"	RelError: 1.14962e-16	AbsError: 4.38634e-17
Charge Relative Error 3.58435e-09
number of equations 5085
Iteration: 0
  Device: "BenchmarkDiode"	RelError: 1.91872e-15	AbsError: 5.61300e+01
    Region: "SiRegion"	RelError: 1.91872e-15	AbsError: 5.61300e+01
      Equation: "ElectronContinuityEquation"	RelError: 1.07268e-15	AbsError: 2.43936e+01
      Equation: "HoleContinuityEquation"	RelError: 7.30849e-16	AbsError: 3.17364e+01
      Equation: "PotentialEquation"	RelError: 1.15187e-16	AbsError: 4.39447e-17
Charge Relative Error 3.58435e-09
number of equations 5085
Iteration: 0
  Device: "BenchmarkDiode"	RelError: 2.65101e-15	AbsError: 5.32050e+01
    Region: "SiRegion"	RelError: 2.65101e-15	AbsError: 5.32050e+01
      Equation: "ElectronContinuityEquation"	RelError: 1.28348e-15	AbsError: 2.25261e+01
      Equation: "HoleContinuityEquation"	RelError: 1.23948e-15	AbsError: 3.06789e+01
      Equation: "PotentialEquation"	RelError: 1.28051e-16	AbsError: 4.88576e-17
Charge Relative Error 3.58435e-09
number of equations 5085
Iteration: 0
  Device: "BenchmarkDiode"	RelError: 2.29314e-15	AbsError: 6.23112e+01
    Region: "SiRegion"	RelError: 2.29314e-15	AbsError: 6.23112e+01
      Equation: "ElectronContinuityEquation"	RelError: 1.08067e-15	AbsError: 2.72012e+01
      Equation: "HoleContinuityEquation"	RelError: 1.08320e-15	AbsError: 3.51101e+01
      Equation: "PotentialEquation"	RelError: 1.29263e-16	AbsError: 4.93308e-17
Charge Relative Error 3.58435e-09
number of equations 5085
Iteration: 0
  Device: "BenchmarkDiode"	RelError: 2.11175e-15	AbsError: 6.22928e+01
    Region: "SiRegion"	RelError: 2.11175e-15	AbsError: 6.22928e+01
      Equation: "ElectronContinuityEquation"	RelError: 1.06645e-15	AbsError: 2.38332e+01
      Equation: "HoleContinuityEquation"	RelError: 9.17586e-16	AbsError: 3.84596e+01
      Equation: "PotentialEquation"	RelError: 1.27712e-16	AbsError: 4.87284e-17
Charge Relative Error 3.58435e-09
number of equations 5085
Iteration: 0
  Device: "BenchmarkDiode"	RelError: 2.42404e-15	AbsError: 5.62449e+01
    Region: "SiRegion"	RelError: 2.42404e-15	AbsError: 5.62449e+01
      Equation: "ElectronContinuityEquation"	RelError: 1.26087e-15	AbsError: 2.08732e+01
      Equation: "HoleContinuityEquation"	RelError: 1.04359e-15	AbsError: 3.53716e+01
      Equation: "PotentialEquation"	RelError: 1.19581e-16	AbsError: 4.56370e-17
Charge Relative Error 3.58435e-09
number of equations 5085
Iteration: 0
  Device: "BenchmarkDiode"	RelError: 2.66878e-15	AbsError: 5.97551e+01
    Region: "SiRegion"	RelError: 2.66878e-15	AbsError: 5.97551e+01
      Equation: "ElectronContinuityEquation"	RelError: 1.15314e-15	AbsError: 2.17796e+01
      Equation: "HoleContinuityEquation"	RelError: 1.39152e-15	AbsError: 3.79755e+01
      Equation: "PotentialEquation"	RelError: 1.24122e-16	AbsError: 4.83632e-17
Charge Relative Error 3.58435e-09
number of equations 5085
Iteration: 0
  Device: "BenchmarkDiode"	RelError: 2.04502e-15	AbsError: 5.94472e+01
    Region: "SiRegion"	RelError: 2.04502e-15	AbsError: 5.94472e+01
      Equation: "ElectronContinuityEquation"	RelError: 9.88960e-16	AbsError: 2.49578e+01
      Equation: "HoleContinuityEquation"	RelError: 9.10571e-16	AbsError: 3.44894e+01
      Equation: "PotentialEquation"	RelError: 1.45491e-16	AbsError: 5.99463e-17
Charge Relative Error 3.58435e-09
number of equations 5085
Iteration: 0
  Device: "BenchmarkDiode"	RelError: 2.18989e+03	AbsError: 2.10270e+17
    Region: "SiRegion"	RelError: 2.18989e+03	AbsError: 2.10270e+17
      Equation: "ElectronContinuityEquation"	RelError: 9.99000e+02	AbsError: 1.05008e+17
      Equation: "HoleContinuityEquation"	RelError: 1.19049e+03	AbsError: 1.05261e+17
      Equation: "PotentialEquation"	RelError: 4.04434e-01	AbsError: 1.10220e-01
Iteration: 1
  Device: "BenchmarkDiode"	RelError: 2.66270e+00	AbsError: 2.23670e+17
    Region: "SiRegion"	RelError: 2.66270e+00	AbsError: 2.23670e+17
      Equation: "ElectronContinuityEquation"	RelError: 9.99256e-01	AbsError: 1.40435e+17
      Equation: "HoleContinuityEquation"	RelError: 9.98945e-01	AbsError: 8.32347e+16
      Equation: "PotentialEquation"	RelError: 6.64502e-01	AbsError: 1.33239e-01
Iteration: 2
  Device: "BenchmarkDiode"	RelError: 1.99988e+03	AbsError: 1.22892e+17
    Region: "SiRegion"	RelError: 1.99988e+03	AbsError: 1.22892e+17
      Equation: "ElectronContinuityEquation"	RelError: 9.99000e+02	AbsError: 6.22428e+16
      Equation: "HoleContinuityEquation"	RelError: 9.99000e+02	AbsError: 6.06496e+16
      Equation: "PotentialEquation"	RelError: 1.87926e+00	AbsError: 1.06913e-01
Iteration: 3
  Device: "BenchmarkDiode"	RelError: 9.33651e+01	AbsError: 1.36598e+17
    Region: "SiRegion"	RelError: 9.33651e+01	AbsError: 1.36598e+17
      Equation: "ElectronContinuityEquation"	RelError: 9.98848e-01	AbsError: 3.30159e+16
      Equation: "HoleContinuityEquation"	RelError: 9.99398e-01	AbsError: 1.03583e+17
      Equation: "PotentialEquation"	RelError: 9.13668e+01	AbsError: 1.28188e-01
Iteration: 4
  Device: "BenchmarkDiode"	RelError: 1.94285e+04	AbsError: 8.45143e+16
    Region: "SiRegion"	RelError: 1.94285e+04	AbsError: 8.45143e+16
      Equation: "ElectronContinuityEquation"	RelError: 9.99000e+02	AbsError: 1.95088e+16
      Equation: "HoleContinuityEquation"	RelError: 1.84087e+04	AbsError: 6.50055e+16
      Equation: "PotentialEquation"	RelError: 2.08284e+01	AbsError: 1.03352e-01
Iteration: 5
  Device: "BenchmarkDiode"	RelError: 1.57041e+02	AbsError: 5.82511e+16
    Region: "SiRegion"	RelError: 1.57041e+02	AbsError: 5.82511e+16
      Equation: "ElectronContinuityEquation"	RelError: 9.99514e-01	AbsError: 4.52170e+16
      Equation: "HoleContinuityEquation"	RelError: 9.99259e-01	AbsError: 1.30341e+16
      Equation: "PotentialEquation"	RelError: 1.55042e+02	AbsError: 1.01404e-01
Iteration: 6
  Device: "BenchmarkDiode"	RelError: 8.57308e+03	AbsError: 5.44311e+16
    Region: "SiRegion"	RelError: 8.57308e+03	AbsError: 5.44311e+16
      Equation: "ElectronContinuityEquation"	RelError: 9.99000e+02	AbsError: 4.57277e+16
      Equation: "HoleContinuityEquation"	RelError: 9.99000e+02	AbsError: 8.70343e+15
      Equation: "PotentialEquation"	RelError: 6.57508e+03	AbsError: 9.92313e-02
Iteration: 7
  Device: "BenchmarkDiode"	RelError: 1.86663e+02	AbsError: 3.13508e+16
    Region: "SiRegion"	RelError: 1.86663e+02	AbsError: 3.13508e+16
      Equation: "ElectronContinuityEquation"	RelError: 9.99151e-01	AbsError: 1.46627e+16
      Equation: "HoleContinuityEquation"	RelError: 9.99497e-01	AbsError: 1.66882e+16
      Equation: "PotentialEquation"	RelError: 1.84665e+02	AbsError: 9.73153e-02
Iteration: 8
  Device: "BenchmarkDiode"	RelError: 2.16121e+03	AbsError: 1.15586e+16
    Region: "SiRegion"	RelError: 2.16121e+03	AbsError: 1.15586e+16
      Equation: "ElectronContinuityEquation"	RelError: 9.99000e+02	AbsError: 6.27029e+15
      Equation: "HoleContinuityEquation"	RelError: 9.99000e+02	AbsError: 5.28829e+15
      Equation: "PotentialEquation"	RelError: 1.63211e+02	AbsError: 9.47541e-02
Iteration: 9
  Device: "BenchmarkDiode"	RelError: 4.43365e+02	AbsError: 1.67484e+16
    Region: "SiRegion"	RelError: 4.43365e+02	AbsError: 1.67484e+16
      Equation: "ElectronContinuityEquation"	RelError: 9.99151e-01	AbsError: 1.14318e+16
      Equation: "HoleContinuityEquation"	RelError: 4.77464e+00	AbsError: 5.31658e+15
      Equation: "PotentialEquation"	RelError: 4.37591e+02	AbsError: 9.21176e-02
Iteration: 10
  Device: "BenchmarkDiode"	RelError: 2.07722e+03	AbsError: 1.43969e+16
    Region: "SiRegion"	RelError: 2.07722e+03	AbsError: 1.43969e+16
      Equation: "ElectronContinuityEquation"	RelError: 9.99000e+02	AbsError: 1.03079e+16
      Equation: "HoleContinuityEquation"	RelError: 9.99000e+02	AbsError: 4.08901e+15
      Equation: "PotentialEquation"	RelError: 7.92246e+01	AbsError: 8.93347e-02
Iteration: 11
  Device: "BenchmarkDiode"	RelError: 1.51812e+03	AbsError: 6.88911e+15
    Region: "SiRegion"	RelError: 1.51812e+03	AbsError: 6.88911e+15
      Equation: "ElectronContinuityEquation"	RelError: 9.98945e-01	AbsError: 4.53180e+15
      Equation: "HoleContinuityEquation"	RelError: 9.99000e+02	AbsError: 2.35731e+15
      Equation: "PotentialEquation"	RelError: 5.18126e+02	AbsError: 8.65857e-02
Iteration: 12
  Device: "BenchmarkDiode"	RelError: 5.89603e+04	AbsError: 4.62012e+15
    Region: "SiRegion"	RelError: 5.89603e+04	AbsError: 4.62012e+15
      Equation: "ElectronContinuityEquation"	RelError: 5.76706e+04	AbsError: 2.45887e+15
      Equation: "HoleContinuityEquation"	RelError: 9.99000e+02	AbsError: 2.16125e+15
      Equation: "PotentialEquation"	RelError: 2.90670e+02	AbsError: 8.30594e-02
Iteration: 13
  Device: "BenchmarkDiode"	RelError: 2.16437e+02	AbsError: 3.93402e+15
    Region: "SiRegion"	RelError: 2.16437e+02	AbsError: 3.93402e+15
      Equation: "ElectronContinuityEquation"	RelError: 9.99968e-01	AbsError: 1.36237e+15
      Equation: "HoleContinuityEquation"	RelError: 1.52185e+01	AbsError: 2.57165e+15
      Equation: "PotentialEquation"	RelError: 2.00218e+02	AbsError: 8.01073e-02
Iteration: 14
  Device: "BenchmarkDiode"	RelError: 1.02256e+03	AbsError: 2.75672e+15
    Region: "SiRegion"	RelError: 1.02256e+03	AbsError: 2.75672e+15
      Equation: "ElectronContinuityEquation"	RelError: 9.99000e+02	AbsError: 8.33470e+14
      Equation: "HoleContinuityEquation"	RelError: 1.53438e+00	AbsError: 1.92325e+15
      Equation: "PotentialEquation"	RelError: 2.20207e+01	AbsError: 7.54778e-02
Iteration: 15
  Device: "BenchmarkDiode"	RelError: 1.19924e+02	AbsError: 1.55746e+15
    Region: "SiRegion"	RelError: 1.19924e+02	AbsError: 1.55746e+15
      Equation: "ElectronContinuityEquation"	RelError: 9.98911e-01	AbsError: 3.08845e+14
      Equation: "HoleContinuityEquation"	RelError: 1.77619e+00	AbsError: 1.24861e+15
      Equation: "PotentialEquation"	RelError: 1.17149e+02	AbsError: 7.14145e-02
Iteration: 16
  Device: "BenchmarkDiode"	RelError: 6.80594e+01	AbsError: 6.84115e+14
    Region: "SiRegion"	RelError: 6.80594e+01	AbsError: 6.84115e+14
      Equation: "ElectronContinuityEquation"	RelError: 1.01250e+01	AbsError: 1.42758e+14
      Equation: "HoleContinuityEquation"	RelError: 5.35093e-01	AbsError: 5.41357e+14
      Equation: "PotentialEquation"	RelError: 5.73993e+01	AbsError: 6.61158e-02
Iteration: 17
  Device: "BenchmarkDiode"	RelError: 1.18724e+01	AbsError: 3.13346e+14
    Region: "SiRegion"	RelError: 1.18724e+01	AbsError: 3.13346e+14
      Equation: "ElectronContinuityEquation"	RelError: 8.84197e-01	AbsError: 7.82345e+13
      Equation: "HoleContinuityEquation"	RelError: 2.71849e-01	AbsError: 2.35111e+14
      Equation: "PotentialEquation"	RelError: 1.07164e+01	AbsError: 6.04128e-02
Iteration: 18
  Device: "BenchmarkDiode"	RelError: 1.54738e+00	AbsError: 1.64330e+14
    Region: "SiRegion"	RelError: 1.54738e+00	AbsError: 1.64330e+14
      Equation: "ElectronContinuityEquation"	RelError: 1.09079e+00	AbsError: 4.21099e+13
      Equation: "HoleContinuityEquation"	RelError: 1.62675e-01	AbsError: 1.22220e+14
      Equation: "PotentialEquation"	RelError: 2.93917e-01	AbsError: 5.38274e-02
Iteration: 19
  Device: "BenchmarkDiode"	RelError: 6.48599e+01	AbsError: 6.45826e+13
    Region: "SiRegion"	RelError: 6.48599e+01	AbsError: 6.45826e+13
      Equation: "ElectronContinuityEquation"	RelError: 3.36136e-01	AbsError: 1.79317e+13
      Equation: "HoleContinuityEquation"	RelError: 5.82656e-02	AbsError: 4.66509e+13
      Equation: "PotentialEquation"	RelError: 6.44655e+01	AbsError: 4.59770e-02
Iteration: 20
  Device: "BenchmarkDiode"	RelError: 1.10966e+00	AbsError: 1.79748e+13
    Region: "SiRegion"	RelError: 1.10966e+00	AbsError: 1.79748e+13
      Equation: "ElectronContinuityEquation"	RelError: 1.36289e-01	AbsError: 5.95076e+12
      Equation: "HoleContinuityEquation"	RelError: 1.51926e-02	AbsError: 1.20241e+13
      Equation: "PotentialEquation"	RelError: 9.58173e-01	AbsError: 3.67235e-02
Iteration: 21
  Device: "BenchmarkDiode"	RelError: 2.03043e-01	AbsError: 3.83134e+12
    Region: "SiRegion"	RelError: 2.03043e-01	AbsError: 3.83134e+12
      Equation: "ElectronContinuityEquation"	RelError: 3.37490e-02	AbsError: 1.42687e+12
      Equation: "HoleContinuityEquation"	RelError: 2.97168e-03	AbsError: 2.40447e+12
      Equation: "PotentialEquation"	RelError: 1.66322e-01	AbsError: 2.58259e-02
Iteration: 22
  Device: "BenchmarkDiode"	RelError: 2.15542e-02	AbsError: 7.47109e+11
    Region: "SiRegion"	RelError: 2.15542e-02	AbsError: 7.47109e+11
      Equation: "ElectronContinuityEquation"	RelError: 5.66969e-03	AbsError: 2.25888e+11
      Equation: "HoleContinuityEquation"	RelError: 6.62803e-04	AbsError: 5.21221e+11
      Equation: "PotentialEquation"	RelError: 1.52217e-02	AbsError: 1.84735e-02
Iteration: 23
  Device: "BenchmarkDiode"	RelError: 1.73808e-03	AbsError: 1.25276e+11
    Region: "SiRegion"	RelError: 1.73808e-03	AbsError: 1.25276e+11
      Equation: "ElectronContinuityEquation"	RelError: 9.00604e-04	AbsError: 4.84653e+10
      Equation: "HoleContinuityEquation"	RelError: 3.57844e-05	AbsError: 7.68111e+10
      Equation: "PotentialEquation"	RelError: 8.01695e-04	AbsError: 4.15213e-07
Iteration: 24
  Device: "BenchmarkDiode"	RelError: 2.19814e-09	AbsError: 8.14227e+04
    Region: "SiRegion"	RelError: 2.19814e-09	AbsError: 8.14227e+04
      Equation: "ElectronContinuityEquation"	RelError: 1.16687e-09	AbsError: 3.94436e+04
      Equation: "HoleContinuityEquation"	RelError: 4.31441e-11	AbsError: 4.19792e+04
      Equation: "PotentialEquation"	RelError: 9.88127e-10	AbsError: 2.59136e-13
Iteration: 25
  Device: "BenchmarkDiode"	RelError: 1.87099e-13	AbsError: 6.85994e+01
    Region: "SiRegion"	RelError: 1.87099e-13	AbsError: 6.85994e+01
      Equation: "ElectronContinuityEquation"	RelError: 1.77616e-15	AbsError: 3.28442e+01
      Equation: "HoleContinuityEquation"	RelError: 1.14189e-15	AbsError: 3.57551e+01
      Equation: "PotentialEquation"	RelError: 1.84181e-13	AbsError: 1.38992e-16
Charge Relative Error 9.98649e-01
number of equations 5085
Iteration: 0
  Device: "BenchmarkDiode"	RelError: 2.82827e+03	AbsError: 7.41128e+15
    Region: "SiRegion"	RelError: 2.82827e+03	AbsError: 7.41128e+15
      Equation: "ElectronContinuityEquation"	RelError: 1.77389e+03	AbsError: 8.96425e+14
      Equation: "HoleContinuityEquation"	RelError: 9.99000e+02	AbsError: 6.51485e+15
      Equation: "PotentialEquation"	RelError: 5.53778e+01	AbsError: 6.00071e-02
Iteration: 1
  Device: "BenchmarkDiode"	RelError: 4.07649e+01	AbsError: 1.24015e+15
    Region: "SiRegion"	RelError: 4.07649e+01	AbsError: 1.24015e+15
      Equation: "ElectronContinuityEquation"	RelError: 8.88811e+00	AbsError: 1.59799e+14
      Equation: "HoleContinuityEquation"	RelError: 2.33279e+00	AbsError: 1.08035e+15
      Equation: "PotentialEquation"	RelError: 2.95440e+01	AbsError: 5.65533e-02
Iteration: 2
  Device: "BenchmarkDiode"	RelError: 3.76289e+02	AbsError: 3.44981e+14
    Region: "SiRegion"	RelError: 3.76289e+02	AbsError: 3.44981e+14
      Equation: "ElectronContinuityEquation"	RelError: 6.55327e+00	AbsError: 4.30945e+13
      Equation: "HoleContinuityEquation"	RelError: 9.27470e-01	AbsError: 3.01887e+14
      Equation: "PotentialEquation"	RelError: 3.68808e+02	AbsError: 5.01395e-02
Iteration: 3
  Device: "BenchmarkDiode"	RelError: 8.69828e+00	AbsError: 5.89866e+13
    Region: "SiRegion"	RelError: 8.69828e+00	AbsError: 5.89866e+13
      Equation: "ElectronContinuityEquation"	RelError: 6.93223e+00	AbsError: 2.12240e+12
      Equation: "HoleContinuityEquation"	RelError: 3.57987e-01	AbsError: 5.68642e+13
      Equation: "PotentialEquation"	RelError: 1.40807e+00	AbsError: 4.18296e-02
Iteration: 4
  Device: "BenchmarkDiode"	RelError: 3.81074e+00	AbsError: 8.33830e+12
    Region: "SiRegion"	RelError: 3.81074e+00	AbsError: 8.33830e+12
      Equation: "ElectronContinuityEquation"	RelError: 3.10504e+00	AbsError: 2.30044e+12
      Equation: "HoleContinuityEquation"	RelError: 9.57132e-02	AbsError: 6.03786e+12
      Equation: "PotentialEquation"	RelError: 6.09981e-01	AbsError: 3.18784e-02
Iteration: 5
  Device: "BenchmarkDiode"	RelError: 6.45549e-01	AbsError: 1.22566e+12
    Region: "SiRegion"	RelError: 6.45549e-01	AbsError: 1.22566e+12
      Equation: "ElectronContinuityEquation"	RelError: 5.73802e-01	AbsError: 1.42507e+11
      Equation: "HoleContinuityEquation"	RelError: 2.67701e-02	AbsError: 1.08315e+12
      Equation: "PotentialEquation"	RelError: 4.49769e-02	AbsError: 2.58730e-02
Iteration: 6
  Device: "BenchmarkDiode"	RelError: 5.29587e-02	AbsError: 1.65001e+11
    Region: "SiRegion"	RelError: 5.29587e-02	AbsError: 1.65001e+11
      Equation: "ElectronContinuityEquation"	RelError: 3.36389e-02	AbsError: 2.39022e+10
      Equation: "HoleContinuityEquation"	RelError: 4.08325e-03	AbsError: 1.41099e+11
      Equation: "PotentialEquation"	RelError: 1.52365e-02	AbsError: 1.05883e-02
Iteration: 7
  Device: "BenchmarkDiode"	RelError: 3.49751e-04	AbsError: 3.06238e+09
    Region: "SiRegion"	RelError: 3.49751e-04	AbsError: 3.06238e+09
      Equation: "ElectronContinuityEquation"	RelError: 1.82105e-04	AbsError: 4.63393e+08
      Equation: "HoleContinuityEquation"	RelError: 8.68563e-05	AbsError: 2.59899e+09
      Equation: "PotentialEquation"	RelError: 8.07905e-05	AbsError: 6.04575e-08
Iteration: 8
  Device: "BenchmarkDiode"	RelError: 1.10692e-11	AbsError: 1.51045e+02
    Region: "SiRegion"	RelError: 1.10692e-11	AbsError: 1.51045e+02
      Equation: "ElectronContinuityEquation"	RelError: 5.18392e-12	AbsError: 7.12827e+01
      Equation: "HoleContinuityEquation"	RelError: 2.70064e-12	AbsError: 7.97625e+01
      Equation: "PotentialEquation"	RelError: 3.18464e-12	AbsError: 1.83482e-15
Charge Relative Error 1.00000e+00
number of equations 5085
Iteration: 0
  Device: "BenchmarkDiode"	RelError: 1.36769e+05	AbsError: 3.07059e+14
    Region: "SiRegion"	RelError: 1.36769e+05	AbsError: 3.07059e+14
      Equation: "ElectronContinuityEquation"	RelError: 9.82748e+04	AbsError: 4.78373e+13
      Equation: "HoleContinuityEquation"	RelError: 3.84891e+04	AbsError: 2.59222e+14
      Equation: "PotentialEquation"	RelError: 5.49012e+00	AbsError: 1.21813e-02
Iteration: 1
  Device: "BenchmarkDiode"	RelError: 4.71938e+00	AbsError: 3.37174e+12
    Region: "SiRegion"	RelError: 4.71938e+00	AbsError: 3.37174e+12
      Equation: "ElectronContinuityEquation"	RelError: 3.68916e+00	AbsError: 7.52194e+11
      Equation: "HoleContinuityEquation"	RelError: 9.97730e-01	AbsError: 2.61954e+12
      Equation: "PotentialEquation"	RelError: 3.24883e-02	AbsError: 8.61705e-05
Iteration: 2
  Device: "BenchmarkDiode"	RelError: 1.69615e-03	AbsError: 5.14521e+08
    Region: "SiRegion"	RelError: 1.69615e-03	AbsError: 5.14521e+08
      Equation: "ElectronContinuityEquation"	RelError: 1.53125e-03	AbsError: 4.20143e+07
      Equation: "HoleContinuityEquation"	RelError: 1.63531e-04	AbsError: 4.72507e+08
      Equation: "PotentialEquation"	RelError: 1.37368e-06	AbsError: 4.95594e-09
Iteration: 3
  Device: "BenchmarkDiode"	RelError: 7.21638e-11	AbsError: 8.84303e+01
    Region: "SiRegion"	RelError: 7.21638e-11	AbsError: 8.84303e+01
      Equation: "ElectronContinuityEquation"	RelError: 6.89024e-11	AbsError: 5.27752e+01
      Equation: "HoleContinuityEquation"	RelError: 3.24783e-12	AbsError: 3.56550e+01
      Equation: "PotentialEquation"	RelError: 1.36101e-14	AbsError: 1.66686e-16
Charge Relative Error 1.00000e+00
number of equations 5085
Iteration: 0
  Device: "BenchmarkDiode"	RelError: 2.72343e+02	AbsError: 6.52574e+12
    Region: "SiRegion"	RelError: 2.72343e+02	AbsError: 6.52574e+12
      Equation: "ElectronContinuityEquation"	RelError: 1.75528e+02	AbsError: 1.23149e+12
      Equation: "HoleContinuityEquation"	RelError: 9.67173e+01	AbsError: 5.29425e+12
      Equation: "PotentialEquation"	RelError: 9.72990e-02	AbsError: 2.27185e-04
Iteration: 1
  Device: "BenchmarkDiode"	RelError: 1.08720e-01	AbsError: 1.42157e+09
    Region: "SiRegion"	RelError: 1.08720e-01	AbsError: 1.42157e+09
      Equation: "ElectronContinuityEquation"	RelError: 8.19716e-02	AbsError: 3.01095e+08
      Equation: "HoleContinuityEquation"	RelError: 2.67372e-02	AbsError: 1.12047e+09
      Equation: "PotentialEquation"	RelError: 1.09834e-05	AbsError: 3.23054e-08
Iteration: 2
  Device: "BenchmarkDiode"	RelError: 8.69149e-07	AbsError: 5.97462e+02
    Region: "SiRegion"	RelError: 8.69149e-07	AbsError: 5.97462e+02
      Equation: "ElectronContinuityEquation"	RelError: 8.62814e-07	AbsError: 3.59642e+02
      Equation: "HoleContinuityEquation"	RelError: 6.31811e-09	AbsError: 2.37820e+02
      Equation: "PotentialEquation"	RelError: 1.75671e-11	AbsError: 1.73626e-14
Iteration: 3
  Device: "BenchmarkDiode"	RelError: 9.80033e-15	AbsError: 4.72794e+01
    Region: "SiRegion"	RelError: 9.80033e-15	AbsError: 4.72794e+01
      Equation: "ElectronContinuityEquation"	RelError: 1.82301e-15	AbsError: 2.14832e+01
      Equation: "HoleContinuityEquation"	RelError: 1.60233e-15	AbsError: 2.57962e+01
      Equation: "PotentialEquation"	RelError: 6.37499e-15	AbsError: 1.36405e-16
Charge Relative Error 1.00000e+00
number of equations 5085
Iteration: 0
  Device: "BenchmarkDiode"	RelError: 1.41501e+02	AbsError: 1.01791e+11
    Region: "SiRegion"	RelError: 1.41501e+02	AbsError: 1.01791e+11
      Equation: "ElectronContinuityEquation"	RelError: 8.37172e+01	AbsError: 2.02270e+10
      Equation: "HoleContinuityEquation"	RelError: 5.77824e+01	AbsError: 8.15638e+10
      Equation: "PotentialEquation"	RelError: 1.44296e-03	AbsError: 3.21444e-06
Iteration: 1
  Device: "BenchmarkDiode"	RelError: 6.50512e-02	AbsError: 5.61795e+06
    Region: "SiRegion"	RelError: 6.50512e-02	AbsError: 5.61795e+06
      Equation: "ElectronContinuityEquation"	RelError: 6.14735e-02	AbsError: 2.97444e+06
      Equation: "HoleContinuityEquation"	RelError: 3.57755e-03	AbsError: 2.64351e+06
      Equation: "PotentialEquation"	RelError: 1.44584e-07	AbsError: 1.36894e-10
Iteration: 2
  Device: "BenchmarkDiode"	RelError: 6.23160e-10	AbsError: 6.61344e+01
    Region: "SiRegion"	RelError: 6.23160e-10	AbsError: 6.61344e+01
      Equation: "ElectronContinuityEquation"	RelError: 4.84059e-10	AbsError: 3.06208e+01
      Equation: "HoleContinuityEquation"	RelError: 1.39091e-10	AbsError: 3.55136e+01
      Equation: "PotentialEquation"	RelError: 9.68699e-15	AbsError: 1.51986e-16
Iteration: 3
  Device: "BenchmarkDiode"	RelError: 1.98144e-14	AbsError: 5.65101e+01
    Region: "SiRegion"	RelError: 1.98144e-14	AbsError: 5.65101e+01
      Equation: "ElectronContinuityEquation"	RelError: 2.71430e-15	AbsError: 3.09824e+01
      Equation: "HoleContinuityEquation"	RelError: 2.90187e-15	AbsError: 2.55276e+01
      Equation: "PotentialEquation"	RelError: 1.41982e-14	AbsError: 1.12396e-16
Charge Relative Error 1.00000e+00
number of equations 5085
Iteration: 0
  Device: "BenchmarkDiode"	RelError: 1.22713e+02	AbsError: 1.42515e+09
    Region: "SiRegion"	RelError: 1.22713e+02	AbsError: 1.42515e+09
      Equation: "ElectronContinuityEquation"	RelError: 8.09723e+01	AbsError: 3.08493e+08
      Equation: "HoleContinuityEquation"	RelError: 4.17406e+01	AbsError: 1.11666e+09
      Equation: "PotentialEquation"	RelError: 2.06010e-05	AbsError: 4.26050e-08
Iteration: 1
  Device: "BenchmarkDiode"	RelError: 2.52469e-05	AbsError: 1.54664e+03
    Region: "SiRegion"	RelError: 2.52469e-05	AbsError: 1.54664e+03
      Equation: "ElectronContinuityEquation"	RelError: 2.24210e-05	AbsError: 8.46915e+02
      Equation: "HoleContinuityEquation"	RelError: 2.82587e-06	AbsError: 6.99725e+02
      Equation: "PotentialEquation"	RelError: 4.17551e-11	AbsError: 4.01783e-14
Iteration: 2
  Device: "BenchmarkDiode"	RelError: 2.52263e-14	AbsError: 5.52513e+01
    Region: "SiRegion"	RelError: 2.52263e-14	AbsError: 5.52513e+01
      Equation: "ElectronContinuityEquation"	RelError: 2.38665e-15	AbsError: 3.31525e+01
      Equation: "HoleContinuityEquation"	RelError: 1.94631e-15	AbsError: 2.20987e+01
      Equation: "PotentialEquation"	RelError: 2.08934e-14	AbsError: 1.12867e-16
Charge Relative Error 9.99969e-01
number of equations 5085
Iteration: 0
  Device: "BenchmarkDiode"	RelError: 6.52083e+01	AbsError: 2.09510e+07
    Region: "SiRegion"	RelError: 6.52083e+01	AbsError: 2.09510e+07
      Equation: "ElectronContinuityEquation"	RelError: 2.43571e+01	AbsError: 5.24018e+06
      Equation: "HoleContinuityEquation"	RelError: 4.08512e+01	AbsError: 1.57109e+07
      Equation: "PotentialEquation"	RelError: 3.33517e-07	AbsError: 6.23530e-10
Iteration: 1
  Device: "BenchmarkDiode"	RelError: 6.53557e-08	AbsError: 6.02951e+01
    Region: "SiRegion"	RelError: 6.53557e-08	AbsError: 6.02951e+01
      Equation: "ElectronContinuityEquation"	RelError: 3.49644e-08	AbsError: 3.36116e+01
      Equation: "HoleContinuityEquation"	RelError: 3.03913e-08	AbsError: 2.66835e+01
      Equation: "PotentialEquation"	RelError: 1.88452e-16	AbsError: 1.42145e-16
Iteration: 2
  Device: "BenchmarkDiode"	RelError: 2.87503e-14	AbsError: 4.04661e+01
    Region: "SiRegion"	RelError: 2.87503e-14	AbsError: 4.04661e+01
      Equation: "ElectronContinuityEquation"	RelError: 1.77027e-15	AbsError: 2.50173e+01
      Equation: "HoleContinuityEquation"	RelError: 1.43531e-15	AbsError: 1.54487e+01
      Equation: "PotentialEquation"	RelError: 2.55447e-14	AbsError: 1.19279e-16
Charge Relative Error 9.96618e-01
number of equations 5085
Iteration: 0
  Device: "BenchmarkDiode"	RelError: 2.22810e+01	AbsError: 3.60091e+05
    Region: "SiRegion"	RelError: 2.22810e+01	AbsError: 3.60091e+05
      Equation: "ElectronContinuityEquation"	RelError: 4.06737e-01	AbsError: 1.03823e+05
      Equation: "HoleContinuityEquation"	RelError: 2.18743e+01	AbsError: 2.56267e+05
      Equation: "PotentialEquation"	RelError: 6.42326e-09	AbsError: 1.10924e-11
Iteration: 1
  Device: "BenchmarkDiode"	RelError: 2.21336e-10	AbsError: 6.13028e+01
    Region: "SiRegion"	RelError: 2.21336e-10	AbsError: 6.13028e+01
      Equation: "ElectronContinuityEquation"	RelError: 8.98078e-12	AbsError: 3.24714e+01
      Equation: "HoleContinuityEquation"	RelError: 2.12299e-10	AbsError: 2.88314e+01
      Equation: "PotentialEquation"	RelError: 5.56456e-14	AbsError: 1.25567e-16
Iteration: 2
  Device: "BenchmarkDiode"	RelError: 2.55799e-14	AbsError: 3.72146e+01
    Region: "SiRegion"	RelError: 2.55799e-14	AbsError: 3.72146e+01
      Equation: "ElectronContinuityEquation"	RelError: 1.24834e-15	AbsError: 1.70099e+01
      Equation: "HoleContinuityEquation"	RelError: 1.32512e-15	AbsError: 2.02047e+01
      Equation: "PotentialEquation"	RelError: 2.30064e-14	AbsError: 1.15440e-16
Charge Relative Error 6.08442e-01
number of equations 5085
Iteration: 0
  Device: "BenchmarkDiode"	RelError: 1.05468e+00	AbsError: 7.24133e+03
    Region: "SiRegion"	RelError: 1.05468e+00	AbsError: 7.24133e+03
      Equation: "ElectronContinuityEquation"	RelError: 4.85249e-03	AbsError: 2.27239e+03
      Equation: "HoleContinuityEquation"	RelError: 1.04982e+00	AbsError: 4.96893e+03
      Equation: "PotentialEquation"	RelError: 1.39191e-10	AbsError: 2.31280e-13
Iteration: 1
  Device: "BenchmarkDiode"	RelError: 3.02993e-13	AbsError: 5.19662e+01
    Region: "SiRegion"	RelError: 3.02993e-13	AbsError: 5.19662e+01
      Equation: "ElectronContinuityEquation"	RelError: 2.00968e-15	AbsError: 2.39577e+01
      Equation: "HoleContinuityEquation"	RelError: 2.75600e-13	AbsError: 2.80085e+01
      Equation: "PotentialEquation"	RelError: 2.53831e-14	AbsError: 1.28461e-16
Charge Relative Error 3.51056e-02
number of equations 5085
Iteration: 0
  Device: "BenchmarkDiode"	RelError: 2.52583e-02	AbsError: 1.72962e+02
    Region: "SiRegion"	RelError: 2.52583e-02	AbsError: 1.72962e+02
      Equation: "ElectronContinuityEquation"	RelError: 5.76177e-05	AbsError: 6.06702e+01
      Equation: "HoleContinuityEquation"	RelError: 2.52007e-02	AbsError: 1.12291e+02
      Equation: "PotentialEquation"	RelError: 3.18914e-12	AbsError: 5.26256e-15
Iteration: 1
  Device: "BenchmarkDiode"	RelError: 3.07761e-14	AbsError: 4.19478e+01
    Region: "SiRegion"	RelError: 3.07761e-14	AbsError: 4.19478e+01
      Equation: "ElectronContinuityEquation"	RelError: 3.45771e-15	AbsError: 2.08198e+01
      Equation: "HoleContinuityEquation"	RelError: 4.02297e-15	AbsError: 2.11280e+01
      Equation: "PotentialEquation"	RelError: 2.32955e-14	AbsError: 1.43203e-16
Charge Relative Error 8.50750e-04
number of equations 5085
Iteration: 0
  Device: "BenchmarkDiode"	RelError: 5.91103e-04	AbsError: 3.31916e+01
    Region: "SiRegion"	RelError: 5.91103e-04	AbsError: 3.31916e+01
      Equation: "ElectronContinuityEquation"	RelError: 6.84112e-07	AbsError: 1.79879e+01
      Equation: "HoleContinuityEquation"	RelError: 5.90419e-04	AbsError: 1.52036e+01
      Equation: "PotentialEquation"	RelError: 7.90286e-14	AbsError: 2.00253e-16
Iteration: 1
  Device: "BenchmarkDiode"	RelError: 7.21111e-15	AbsError: 3.10846e+01
    Region: "SiRegion"	RelError: 7.21111e-15	AbsError: 3.10846e+01
      Equation: "ElectronContinuityEquation"	RelError: 1.20812e-15	AbsError: 1.72156e+01
      Equation: "HoleContinuityEquation"	RelError: 1.36368e-15	AbsError: 1.38691e+01
      Equation: "PotentialEquation"	RelError: 4.63932e-15	AbsError: 1.19347e-16
Charge Relative Error 1.99037e-05
number of equations 5085
Iteration: 0
  Device: "BenchmarkDiode"	RelError: 1.38330e-05	AbsError: 3.49527e+01
    Region: "SiRegion"	RelError: 1.38330e-05	AbsError: 3.49527e+01
      Equation: "ElectronContinuityEquation"	RelError: 8.12268e-09	AbsError: 1.48748e+01
      Equation: "HoleContinuityEquation"	RelError: 1.38248e-05	AbsError: 2.00779e+01
      Equation: "PotentialEquation"	RelError: 1.02819e-14	AbsError: 1.27985e-16
Iteration: 1
  Device: "BenchmarkDiode"	RelError: 8.36837e-15	AbsError: 3.53627e+01
    Region: "SiRegion"	RelError: 8.36837e-15	AbsError: 3.53627e+01
      Equation: "ElectronContinuityEquation"	RelError: 2.36556e-15	AbsError: 1.72113e+01
      Equation: "HoleContinuityEquation"	RelError: 1.84632e-15	AbsError: 1.81514e+01
      Equation: "PotentialEquation"	RelError: 4.15649e-15	AbsError: 1.21627e-16
Charge Relative Error 4.66037e-07
number of equations 5085
Iteration: 0
  Device: "BenchmarkDiode"	RelError: 3.23805e-07	AbsError: 2.50414e+01
    Region: "SiRegion"	RelError: 3.23805e-07	AbsError: 2.50414e+01
      Equation: "ElectronContinuityEquation"	RelError: 9.64414e-11	AbsError: 1.48749e+01
      Equation: "HoleContinuityEquation"	RelError: 3.23709e-07	AbsError: 1.01665e+01
      Equation: "PotentialEquation"	RelError: 3.95934e-15	AbsError: 1.14323e-16
Iteration: 1
  Device: "BenchmarkDiode"	RelError: 3.40797e-15	AbsError: 3.29611e+01
    Region: "SiRegion"	RelError: 3.40797e-15	AbsError: 3.29611e+01
      Equation: "ElectronContinuityEquation"	RelError: 1.34793e-15	AbsError: 1.72112e+01
      Equation: "HoleContinuityEquation"	RelError: 1.38858e-15	AbsError: 1.57499e+01
      Equation: "PotentialEquation"	RelError: 6.71467e-16	AbsError: 1.16658e-16
Charge Relative Error 1.09124e-08
number of equations 5085
Iteration: 0
  Device: "BenchmarkDiode"	RelError: 7.58079e-09	AbsError: 2.48863e+01
    Region: "SiRegion"	RelError: 7.58079e-09	AbsError: 2.48863e+01
      Equation: "ElectronContinuityEquation"	RelError: 1.14558e-12	AbsError: 1.48749e+01
      Equation: "HoleContinuityEquation"	RelError: 7.57964e-09	AbsError: 1.00114e+01
      Equation: "PotentialEquation"	RelError: 2.25336e-15	AbsError: 1.13233e-16
Iteration: 1
  Device: "BenchmarkDiode"	RelError: 1.03318e-14	AbsError: 3.23815e+01
    Region: "SiRegion"	RelError: 1.03318e-14	AbsError: 3.23815e+01
      Equation: "ElectronContinuityEquation"	RelError: 2.15111e-15	AbsError: 1.72112e+01
      Equation: "HoleContinuityEquation"	RelError: 1.70675e-15	AbsError: 1.51703e+01
      Equation: "PotentialEquation"	RelError: 6.47393e-15	AbsError: 1.14861e-16
Charge Relative Error 5.16903e-09
number of equations 5085
Iteration: 0
  Device: "BenchmarkDiode"	RelError: 1.77496e-10	AbsError: 2.57768e+01
    Region: "SiRegion"	RelError: 1.77496e-10	AbsError: 2.57768e+01
      Equation: "ElectronContinuityEquation"	RelError: 1.37734e-14	AbsError: 1.48749e+01
      Equation: "HoleContinuityEquation"	RelError: 1.77479e-10	AbsError: 1.09019e+01
      Equation: "PotentialEquation"	RelError: 3.33263e-15	AbsError: 1.12434e-16
Iteration: 1
  Device: "BenchmarkDiode"	RelError: 4.59196e-15	AbsError: 3.01071e+01
    Region: "SiRegion"	RelError: 4.59196e-15	AbsError: 3.01071e+01
      Equation: "ElectronContinuityEquation"	RelError: 2.18072e-15	AbsError: 1.72112e+01
      Equation: "HoleContinuityEquation"	RelError: 2.18562e-15	AbsError: 1.28959e+01
      Equation: "PotentialEquation"	RelError: 2.25613e-16	AbsError: 1.16419e-16
Charge Relative Error 5.16903e-09
number of equations 5085
Iteration: 0
  Device: "BenchmarkDiode"	RelError: 4.15699e-12	AbsError: 3.49789e+01
    Region: "SiRegion"	RelError: 4.15699e-12	AbsError: 3.49789e+01
      Equation: "ElectronContinuityEquation"	RelError: 1.55920e-15	AbsError: 1.48749e+01
      Equation: "HoleContinuityEquation"	RelError: 4.15455e-12	AbsError: 2.01040e+01
      Equation: "PotentialEquation"	RelError: 8.76150e-16	AbsError: 1.25738e-16
Charge Relative Error 5.16903e-09
number of equations 5085
Iteration: 0
  Device: "BenchmarkDiode"	RelError: 1.01189e-13	AbsError: 3.49405e+01
    Region: "SiRegion"	RelError: 1.01189e-13	AbsError: 3.49405e+01
      Equation: "ElectronContinuityEquation"	RelError: 1.11955e-15	AbsError: 1.72112e+01
      Equation: "HoleContinuityEquation"	RelError: 9.75962e-14	AbsError: 1.77293e+01
      Equation: "PotentialEquation"	RelError: 2.47362e-15	AbsError: 1.20715e-16
Charge Relative Error 5.16903e-09
number of equations 5085
Iteration: 0
  Device: "BenchmarkDiode"	RelError: 6.26016e-15	AbsError: 3.02390e+01
    Region: "SiRegion"	RelError: 6.26016e-15	AbsError: 3.02390e+01
      Equation: "ElectronContinuityEquation"	RelError: 1.92526e-15	AbsError: 1.48749e+01
      Equation: "HoleContinuityEquation"	RelError: 2.69199e-15	AbsError: 1.53641e+01
      Equation: "PotentialEquation"	RelError: 1.64292e-15	AbsError: 1.11603e-16
Charge Relative Error 5.16903e-09
number of equations 5085
Iteration: 0
  Device: "BenchmarkDiode"	RelError: 9.71155e-15	AbsError: 2.95541e+01
    Region: "SiRegion"	RelError: 9.71155e-15	AbsError: 2.95541e+01
      Equation: "ElectronContinuityEquation"	RelError: 2.13431e-15	AbsError: 1.72112e+01
      Equation: "HoleContinuityEquation"	RelError: 2.00692e-15	AbsError: 1.23428e+01
      Equation: "PotentialEquation"	RelError: 5.57032e-15	AbsError: 1.19800e-16
Charge Relative Error 5.16903e-09
number of equations 5085
Iteration: 0
  Device: "BenchmarkDiode"	RelError: 7.10359e-15	AbsError: 2.91927e+01
    Region: "SiRegion"	RelError: 7.10359e-15	AbsError: 2.91927e+01
      Equation: "ElectronContinuityEquation"	RelError: 1.62284e-15	AbsError: 1.48749e+01
      Equation: "HoleContinuityEquation"	RelError: 1.09304e-15	AbsError: 1.43179e+01
      Equation: "PotentialEquation"	RelError: 4.38771e-15	AbsError: 1.24416e-16
Charge Relative Error 5.16903e-09
number of equations 5085
Iteration: 0
  Device: "BenchmarkDiode"	RelError: 4.79061e-15	AbsError: 3.75980e+01
    Region: "SiRegion"	RelError: 4.79061e-15	AbsError: 3.75980e+01
      Equation: "ElectronContinuityEquation"	RelError: 1.20444e-15	AbsError: 1.72112e+01
      Equation: "HoleContinuityEquation"	RelError: 1.79239e-15	AbsError: 2.03868e+01
      Equation: "PotentialEquation"	RelError: 1.79378e-15	AbsError: 1.32078e-16
Charge Relative Error 5.16903e-09
number of equations 5085
Iteration: 0
  Device: "BenchmarkDiode"	RelError: 6.59320e-15	AbsError: 3.31607e+01
    Region: "SiRegion"	RelError: 6.59320e-15	AbsError: 3.31607e+01
      Equation: "ElectronContinuityEquation"	RelError: 1.46345e-15	AbsError: 1.48749e+01
      Equation: "HoleContinuityEquation"	RelError: 2.95032e-15	AbsError: 1.82858e+01
      Equation: "PotentialEquation"	RelError: 2.17943e-15	AbsError: 1.30240e-16
Charge Relative Error 5.16903e-09
number of equations 5085
Iteration: 0
  Device: "BenchmarkDiode"	RelError: 5.85108e-15	AbsError: 3.09501e+01
    Region: "SiRegion"	RelError: 5.85108e-15	AbsError: 3.09501e+01
      Equation: "ElectronContinuityEquation"	RelError: 1.83926e-15	AbsError: 1.72112e+01
      Equation: "HoleContinuityEquation"	RelError: 2.24335e-15	AbsError: 1.37388e+01
      Equation: "PotentialEquation"	RelError: 1.76847e-15	AbsError: 1.14677e-16
Charge Relative Error 5.16903e-09
number of equations 5085
Iteration: 0
  Device: "BenchmarkDiode"	RelError: 5.34233e-15	AbsError: 3.05938e+01
    Region: "SiRegion"	RelError: 5.34233e-15	AbsError: 3.05938e+01
      Equation: "ElectronContinuityEquation"	RelError: 1.82129e-15	AbsError: 1.48749e+01
      Equation: "HoleContinuityEquation"	RelError: 1.72581e-15	AbsError: 1.57189e+01
      Equation: "PotentialEquation"	RelError: 1.79524e-15	AbsError: 1.14879e-16
Charge Relative Error 5.16903e-09
number of equations 5085
Iteration: 0
  Device: "BenchmarkDiode"	RelError: 5.56085e-15	AbsError: 2.70209e+01
    Region: "SiRegion"	RelError: 5.56085e-15	AbsError: 2.70209e+01
      Equation: "ElectronContinuityEquation"	RelError: 2.26573e-15	AbsError: 1.72112e+01
      Equation: "HoleContinuityEquation"	RelError: 1.52051e-15	AbsError: 9.80967e+00
      Equation: "PotentialEquation"	RelError: 1.77461e-15	AbsError: 1.12575e-16
Charge Relative Error 5.16903e-09
number of equations 5085
Iteration: 0
  Device: "BenchmarkDiode"	RelError: 5.47570e-15	AbsError: 2.94565e+01
    Region: "SiRegion"	RelError: 5.47570e-15	AbsError: 2.94565e+01
      Equation: "ElectronContinuityEquation"	RelError: 2.11135e-15	AbsError: 1.48749e+01
      Equation: "HoleContinuityEquation"	RelError: 9.57836e-16	AbsError: 1.45816e+01
      Equation: "PotentialEquation"	RelError: 2.40651e-15	AbsError: 1.16809e-16
Charge Relative Error 5.16903e-09
number of equations 5085
Iteration: 0
  Device: "BenchmarkDiode"	RelError: 9.86852e-15	AbsError: 3.75502e+01
    Region: "SiRegion"	RelError: 9.86852e-15	AbsError: 3.75502e+01
      Equation: "ElectronContinuityEquation"	RelError: 2.53482e-15	AbsError: 1.72112e+01
      Equation: "HoleContinuityEquation"	RelError: 1.75402e-15	AbsError: 2.03390e+01
      Equation: "PotentialEquation"	RelError: 5.57967e-15	AbsError: 1.29848e-16
Charge Relative Error 5.16903e-09
number of equations 5085
Iteration: 0
  Device: "BenchmarkDiode"	RelError: 6.49377e-15	AbsError: 3.23221e+01
    Region: "SiRegion"	RelError: 6.49377e-15	AbsError: 3.23221e+01
      Equation: "ElectronContinuityEquation"	RelError: 1.39421e-15	AbsError: 1.48749e+01
      Equation: "HoleContinuityEquation"	RelError: 2.29696e-15	AbsError: 1.74472e+01
      Equation: "PotentialEquation"	RelError: 2.80259e-15	AbsError: 1.23609e-16
Charge Relative Error 5.16903e-09
number of equations 5085
Iteration: 0
  Device: "BenchmarkDiode"	RelError: 4.31384e-15	AbsError: 3.19286e+01
    Region: "SiRegion"	RelError: 4.31384e-15	AbsError: 3.19286e+01
      Equation: "ElectronContinuityEquation"	RelError: 1.11545e-15	AbsError: 1.72112e+01
      Equation: "HoleContinuityEquation"	RelError: 1.59818e-15	AbsError: 1.47174e+01
      Equation: "PotentialEquation"	RelError: 1.60021e-15	AbsError: 1.14317e-16
Charge Relative Error 5.16903e-09
number of equations 5085
Iteration: 0
  Device: "BenchmarkDiode"	RelError: 6.31486e-15	AbsError: 3.47905e+01
    Region: "SiRegion"	RelError: 6.31486e-15	AbsError: 3.47905e+01
      Equation: "ElectronContinuityEquation"	RelError: 1.48719e-15	AbsError: 1.48749e+01
      Equation: "HoleContinuityEquation"	RelError: 2.35772e-15	AbsError: 1.99156e+01
      Equation: "PotentialEquation"	RelError: 2.46995e-15	AbsError: 1.25482e-16
Charge Relative Error 5.16903e-09
number of equations 5085
Iteration: 0
  Device: "BenchmarkDiode"	RelError: 5.26472e-15	AbsError: 3.54778e+01
    Region: "SiRegion"	RelError: 5.26472e-15	AbsError: 3.54778e+01
      Equation: "ElectronContinuityEquation"	RelError: 1.40963e-15	AbsError: 1.72112e+01
      Equation: "HoleContinuityEquation"	RelError: 1.01757e-15	AbsError: 1.82665e+01
      Equation: "PotentialEquation"	RelError: 2.83752e-15	AbsError: 1.26317e-16
Charge Relative Error 5.16903e-09
number of equations 5085
Iteration: 0
  Device: "BenchmarkDiode"	RelError: 3.04075e-15	AbsError: 2.49304e+01
    Region: "SiRegion"	RelError: 3.04075e-15	AbsError: 2.49304e+01
      Equation: "ElectronContinuityEquation"	RelError: 1.18468e-15	AbsError: 1.48749e+01
      Equation: "HoleContinuityEquation"	RelError: 1.36727e-15	AbsError: 1.00555e+01
      Equation: "PotentialEquation"	RelError: 4.88797e-16	AbsError: 1.19700e-16
Charge Relative Error 5.16903e-09
number of equations 5085
Iteration: 0
  Device: "BenchmarkDiode"	RelError: 4.64518e-15	AbsError: 3.32284e+01
    Region: "SiRegion"	RelError: 4.64518e-15	AbsError: 3.32284e+01
      Equation: "ElectronContinuityEquation"	RelError: 1.19609e-15	AbsError: 1.72112e+01
      Equation: "HoleContinuityEquation"	RelError: 2.75638e-15	AbsError: 1.60172e+01
      Equation: "PotentialEquation"	RelError: 6.92705e-16	AbsError: 1.16049e-16
Charge Relative Error 5.16903e-09
number of equations 5085
Iteration: 0
  Device: "BenchmarkDiode"	RelError: 6.85953e-15	AbsError: 2.47960e+01
    Region: "SiRegion"	RelError: 6.85953e-15	AbsError: 2.47960e+01
      Equation: "ElectronContinuityEquation"	RelError: 2.08316e-15	AbsError: 1.48749e+01
      Equation: "HoleContinuityEquation"	RelError: 3.22882e-15	AbsError: 9.92109e+00
      Equation: "PotentialEquation"	RelError: 1.54756e-15	AbsError: 1.13903e-16
Charge Relative Error 5.16903e-09
number of equations 5085
Iteration: 0
  Device: "BenchmarkDiode"	RelError: 6.45882e-15	AbsError: 3.18681e+01
    Region: "SiRegion"	RelError: 6.45882e-15	AbsError: 3.18681e+01
      Equation: "ElectronContinuityEquation"	RelError: 2.35056e-15	AbsError: 1.72112e+01
      Equation: "HoleContinuityEquation"	RelError: 2.28256e-15	AbsError: 1.46569e+01
      Equation: "PotentialEquation"	RelError: 1.82570e-15	AbsError: 1.17368e-16
Charge Relative Error 5.16903e-09
number of equations 5085
Iteration: 0
  Device: "BenchmarkDiode"	RelError: 6.10623e-15	AbsError: 3.51725e+01
    Region: "SiRegion"	RelError: 6.10623e-15	AbsError: 3.51725e+01
      Equation: "ElectronContinuityEquation"	RelError: 2.53205e-15	AbsError: 1.48749e+01
      Equation: "HoleContinuityEquation"	RelError: 1.19234e-15	AbsError: 2.02976e+01
      Equation: "PotentialEquation"	RelError: 2.38185e-15	AbsError: 1.27380e-16
Charge Relative Error 5.16903e-09
number of equations 5085
Iteration: 0
  Device: "BenchmarkDiode"	RelError: 4.05853e-15	AbsError: 3.45660e+01
    Region: "SiRegion"	RelError: 4.05853e-15	AbsError: 3.45660e+01
      Equation: "ElectronContinuityEquation"	RelError: 1.93928e-15	AbsError: 1.72112e+01
      Equation: "HoleContinuityEquation"	RelError: 9.74377e-16	AbsError: 1.73548e+01
      Equation: "PotentialEquation"	RelError: 1.14487e-15	AbsError: 1.19369e-16
Charge Relative Error 5.16903e-09
number of equations 5085
Iteration: 0
  Device: "BenchmarkDiode"	RelError: 6.99852e-15	AbsError: 2.93670e+01
    Region: "SiRegion"	RelError: 6.99852e-15	AbsError: 2.93670e+01
      Equation: "ElectronContinuityEquation"	RelError: 1.34447e-15	AbsError: 1.48749e+01
      Equation: "HoleContinuityEquation"	RelError: 8.19955e-16	AbsError: 1.44921e+01
      Equation: "PotentialEquation"	RelError: 4.83410e-15	AbsError: 1.18221e-16
Charge Relative Error 5.16903e-09
number of equations 5085
Iteration: 0
  Device: "BenchmarkDiode"	RelError: 7.11565e-15	AbsError: 3.76039e+01
    Region: "SiRegion"	RelError: 7.11565e-15	AbsError: 3.76039e+01
      Equation: "ElectronContinuityEquation"	RelError: 1.15709e-15	AbsError: 1.72112e+01
      Equation: "HoleContinuityEquation"	RelError: 1.19537e-15	AbsError: 2.03926e+01
      Equation: "PotentialEquation"	RelError: 4.76318e-15	AbsError: 1.29533e-16
Charge Relative Error 5.16903e-09
number of equations 5085
Iteration: 0
  Device: "BenchmarkDiode"	RelError: 8.75428e-15	AbsError: 3.23095e+01
    Region: "SiRegion"	RelError: 8.75428e-15	AbsError: 3.23095e+01
      Equation: "ElectronContinuityEquation"	RelError: 1.75152e-15	AbsError: 1.48749e+01
      Equation: "HoleContinuityEquation"	RelError: 1.54590e-15	AbsError: 1.74346e+01
      Equation: "PotentialEquation"	RelError: 5.45686e-15	AbsError: 1.22105e-16
Charge Relative Error 5.16903e-09
number of equations 5085
Iteration: 0
  Device: "BenchmarkDiode"	RelError: 5.10463e-15	AbsError: 3.17635e+01
    Region: "SiRegion"	RelError: 5.10463e-15	AbsError: 3.17635e+01
      Equation: "ElectronContinuityEquation"	RelError: 2.19056e-15	AbsError: 1.72112e+01
      Equation: "HoleContinuityEquation"	RelError: 2.28289e-15	AbsError: 1.45523e+01
      Equation: "PotentialEquation"	RelError: 6.31178e-16	AbsError: 1.18281e-16
Charge Relative Error 5.16903e-09
number of equations 5085
Iteration: 0
  Device: "BenchmarkDiode"	RelError: 7.69455e-15	AbsError: 3.52111e+01
    Region: "SiRegion"	RelError: 7.69455e-15	AbsError: 3.52111e+01
      Equation: "ElectronContinuityEquation"	RelError: 2.18631e-15	AbsError: 1.48749e+01
      Equation: "HoleContinuityEquation"	RelError: 2.44506e-15	AbsError: 2.03362e+01
      Equation: "PotentialEquation"	RelError: 3.06318e-15	AbsError: 1.29273e-16
Charge Relative Error 5.16903e-09
number of equations 5085
Iteration: 0
  Device: "BenchmarkDiode"	RelError: 6.58709e-15	AbsError: 3.46677e+01
    Region: "SiRegion"	RelError: 6.58709e-15	AbsError: 3.46677e+01
      Equation: "ElectronContinuityEquation"	RelError: 1.60611e-15	AbsError: 1.72112e+01
      Equation: "HoleContinuityEquation"	RelError: 1.84229e-15	AbsError: 1.74565e+01
      Equation: "PotentialEquation"	RelError: 3.13870e-15	AbsError: 1.24042e-16
Charge Relative Error 5.16903e-09
number of equations 5085
Iteration: 0
  Device: "BenchmarkDiode"	RelError: 8.15556e-15	AbsError: 2.95626e+01
    Region: "SiRegion"	RelError: 8.15556e-15	AbsError: 2.95626e+01
      Equation: "ElectronContinuityEquation"	RelError: 1.94071e-15	AbsError: 1.48749e+01
      Equation: "HoleContinuityEquation"	RelError: 2.26506e-15	AbsError: 1.46877e+01
      Equation: "PotentialEquation"	RelError: 3.94979e-15	AbsError: 1.15039e-16
Charge Relative Error 5.16903e-09
number of equations 5085
Iteration: 0
  Device: "BenchmarkDiode"	RelError: 1.14563e-14	AbsError: 3.71323e+01
    Region: "SiRegion"	RelError: 1.14563e-14	AbsError: 3.71323e+01
      Equation: "ElectronContinuityEquation"	RelError: 2.91690e-15	AbsError: 1.72112e+01
      Equation: "HoleContinuityEquation"	RelError: 2.21468e-15	AbsError: 1.99211e+01
      Equation: "PotentialEquation"	RelError: 6.32467e-15	AbsError: 1.25946e-16
Charge Relative Error 5.16903e-09
number of equations 5085
Iteration: 0
  Device: "BenchmarkDiode"	RelError: 9.97885e-15	AbsError: 3.31450e+01
    Region: "SiRegion"	RelError: 9.97885e-15	AbsError: 3.31450e+01
      Equation: "ElectronContinuityEquation"	RelError: 2.97655e-15	AbsError: 1.48749e+01
      Equation: "HoleContinuityEquation"	RelError: 9.19934e-16	AbsError: 1.82701e+01
      Equation: "PotentialEquation"	RelError: 6.08237e-15	AbsError: 1.26437e-16
Charge Relative Error 5.16903e-09
number of equations 5085
Iteration: 0
  Device: "BenchmarkDiode"	RelError: 8.34727e-15	AbsError: 2.72743e+01
    Region: "SiRegion"	RelError: 8.34727e-15	AbsError: 2.72743e+01
      Equation: "ElectronContinuityEquation"	RelError: 1.73161e-15	AbsError: 1.72112e+01
      Equation: "HoleContinuityEquation"	RelError: 1.54269e-15	AbsError: 1.00631e+01
      Equation: "PotentialEquation"	RelError: 5.07298e-15	AbsError: 1.22101e-16
Charge Relative Error 5.16903e-09
number of equations 5085
Iteration: 0
  Device: "BenchmarkDiode"	RelError: 8.75366e-15	AbsError: 3.08925e+01
    Region: "SiRegion"	RelError: 8.75366e-15	AbsError: 3.08925e+01
      Equation: "ElectronContinuityEquation"	RelError: 1.61656e-15	AbsError: 1.48749e+01
      Equation: "HoleContinuityEquation"	RelError: 9.91548e-16	AbsError: 1.60176e+01
      Equation: "PotentialEquation"	RelError: 6.14556e-15	AbsError: 1.16044e-16
Charge Relative Error 5.16903e-09
number of equations 5085
Iteration: 0
  Device: "BenchmarkDiode"	RelError: 6.95638e-15	AbsError: 2.71417e+01
    Region: "SiRegion"	RelError: 6.95638e-15	AbsError: 2.71417e+01
      Equation: "ElectronContinuityEquation"	RelError: 1.15084e-15	AbsError: 1.72112e+01
      Equation: "HoleContinuityEquation"	RelError: 1.72866e-15	AbsError: 9.93052e+00
      Equation: "PotentialEquation"	RelError: 4.07688e-15	AbsError: 1.14470e-16
Charge Relative Error 5.16903e-09
number of equations 5085
Iteration: 0
  Device: "BenchmarkDiode"	RelError: 1.06711e-14	AbsError: 2.94965e+01
    Region: "SiRegion"	RelError: 1.06711e-14	AbsError: 2.94965e+01
      Equation: "ElectronContinuityEquation"	RelError: 1.53976e-15	AbsError: 1.48749e+01
      Equation: "HoleContinuityEquation"	RelError: 2.76205e-15	AbsError: 1.46216e+01
      Equation: "PotentialEquation"	RelError: 6.36926e-15	AbsError: 1.17650e-16
Charge Relative Error 5.16903e-09
number of equations 5085
Iteration: 0
  Device: "BenchmarkDiode"	RelError: 8.42521e-15	AbsError: 3.75079e+01
    Region: "SiRegion"	RelError: 8.42521e-15	AbsError: 3.75079e+01
      Equation: "ElectronContinuityEquation"	RelError: 1.39843e-15	AbsError: 1.72112e+01
      Equation: "HoleContinuityEquation"	RelError: 9.76203e-16	AbsError: 2.02967e+01
      Equation: "PotentialEquation"	RelError: 6.05057e-15	AbsError: 1.27286e-16
Charge Relative Error 5.16903e-09
recovery_vfixed_tau_1e-08_dt_2e-09_mesh_2e-07: Qrr=4.200e-07 C, Irrm=4.120e+02 A, elapsed=2.44s
p_i
i_n
bot
 (region: SiRegion)
 (contact: top)
 (contact: bot)
number of equations 1695
Iteration: 0
  Device: "BenchmarkDiode"	RelError: 1.00000e+00	AbsError: 1.63902e-01
    Region: "SiRegion"	RelError: 1.00000e+00	AbsError: 1.63902e-01
      Equation: "PotentialEquation"	RelError: 1.00000e+00	AbsError: 1.63902e-01
Iteration: 1
  Device: "BenchmarkDiode"	RelError: 4.97944e-01	AbsError: 1.62430e-01
    Region: "SiRegion"	RelError: 4.97944e-01	AbsError: 1.62430e-01
      Equation: "PotentialEquation"	RelError: 4.97944e-01	AbsError: 1.62430e-01
Iteration: 2
  Device: "BenchmarkDiode"	RelError: 2.39824e+01	AbsError: 1.03408e-01
    Region: "SiRegion"	RelError: 2.39824e+01	AbsError: 1.03408e-01
      Equation: "PotentialEquation"	RelError: 2.39824e+01	AbsError: 1.03408e-01
Iteration: 3
  Device: "BenchmarkDiode"	RelError: 1.53991e+01	AbsError: 5.73651e-02
    Region: "SiRegion"	RelError: 1.53991e+01	AbsError: 5.73651e-02
      Equation: "PotentialEquation"	RelError: 1.53991e+01	AbsError: 5.73651e-02
Iteration: 4
  Device: "BenchmarkDiode"	RelError: 5.98642e+00	AbsError: 5.01960e-02
    Region: "SiRegion"	RelError: 5.98642e+00	AbsError: 5.01960e-02
      Equation: "PotentialEquation"	RelError: 5.98642e+00	AbsError: 5.01960e-02
Iteration: 5
  Device: "BenchmarkDiode"	RelError: 2.30820e+00	AbsError: 4.17220e-02
    Region: "SiRegion"	RelError: 2.30820e+00	AbsError: 4.17220e-02
      Equation: "PotentialEquation"	RelError: 2.30820e+00	AbsError: 4.17220e-02
Iteration: 6
  Device: "BenchmarkDiode"	RelError: 1.27440e+00	AbsError: 3.16681e-02
    Region: "SiRegion"	RelError: 1.27440e+00	AbsError: 3.16681e-02
      Equation: "PotentialEquation"	RelError: 1.27440e+00	AbsError: 3.16681e-02
Iteration: 7
  Device: "BenchmarkDiode"	RelError: 3.45009e-01	AbsError: 2.38740e-02
    Region: "SiRegion"	RelError: 3.45009e-01	AbsError: 2.38740e-02
      Equation: "PotentialEquation"	RelError: 3.45009e-01	AbsError: 2.38740e-02
Iteration: 8
  Device: "BenchmarkDiode"	RelError: 2.46584e-02	AbsError: 1.02888e-02
    Region: "SiRegion"	RelError: 2.46584e-02	AbsError: 1.02888e-02
      Equation: "PotentialEquation"	RelError: 2.46584e-02	AbsError: 1.02888e-02
Iteration: 9
  Device: "BenchmarkDiode"	RelError: 1.38055e-05	AbsError: 5.76038e-06
    Region: "SiRegion"	RelError: 1.38055e-05	AbsError: 5.76038e-06
      Equation: "PotentialEquation"	RelError: 1.38055e-05	AbsError: 5.76038e-06
Iteration: 10
  Device: "BenchmarkDiode"	RelError: 1.83872e-10	AbsError: 7.67209e-11
    Region: "SiRegion"	RelError: 1.83872e-10	AbsError: 7.67209e-11
      Equation: "PotentialEquation"	RelError: 1.83872e-10	AbsError: 7.67209e-11
Iteration: 11
  Device: "BenchmarkDiode"	RelError: 4.22940e-15	AbsError: 3.95529e-17
    Region: "SiRegion"	RelError: 4.22940e-15	AbsError: 3.95529e-17
      Equation: "PotentialEquation"	RelError: 4.22940e-15	AbsError: 3.95529e-17
Warning: Replacing equation with equation of the same name.
Region: SiRegion, Equation: PotentialEquation, Variable: Potential
number of equations 5085
Iteration: 0
  Device: "BenchmarkDiode"	RelError: 1.81114e-13	AbsError: 1.00800e+03
    Region: "SiRegion"	RelError: 1.81114e-13	AbsError: 1.00800e+03
      Equation: "ElectronContinuityEquation"	RelError: 1.00360e-14	AbsError: 4.96000e+02
      Equation: "HoleContinuityEquation"	RelError: 7.69841e-15	AbsError: 5.12000e+02
      Equation: "PotentialEquation"	RelError: 1.63379e-13	AbsError: 1.33092e-16
number of equations 5085
Iteration: 0
  Device: "BenchmarkDiode"	RelError: 5.61606e+02	AbsError: 2.64843e+15
    Region: "SiRegion"	RelError: 5.61606e+02	AbsError: 2.64843e+15
      Equation: "ElectronContinuityEquation"	RelError: 9.68284e-01	AbsError: 1.31751e+15
      Equation: "HoleContinuityEquation"	RelError: 9.68264e-01	AbsError: 1.33092e+15
      Equation: "PotentialEquation"	RelError: 5.59670e+02	AbsError: 8.96718e-02
Iteration: 1
  Device: "BenchmarkDiode"	RelError: 4.20165e+03	AbsError: 1.06011e+15
    Region: "SiRegion"	RelError: 4.20165e+03	AbsError: 1.06011e+15
      Equation: "ElectronContinuityEquation"	RelError: 9.64787e-01	AbsError: 5.15967e+14
      Equation: "HoleContinuityEquation"	RelError: 9.94404e-01	AbsError: 5.44145e+14
      Equation: "PotentialEquation"	RelError: 4.19969e+03	AbsError: 8.66950e-02
Iteration: 2
  Device: "BenchmarkDiode"	RelError: 7.11467e+02	AbsError: 4.74096e+14
    Region: "SiRegion"	RelError: 7.11467e+02	AbsError: 4.74096e+14
      Equation: "ElectronContinuityEquation"	RelError: 9.60126e-01	AbsError: 2.51462e+14
      Equation: "HoleContinuityEquation"	RelError: 9.94169e-01	AbsError: 2.22634e+14
      Equation: "PotentialEquation"	RelError: 7.09513e+02	AbsError: 8.34501e-02
Iteration: 3
  Device: "BenchmarkDiode"	RelError: 1.31569e+02	AbsError: 6.19609e+14
    Region: "SiRegion"	RelError: 1.31569e+02	AbsError: 6.19609e+14
      Equation: "ElectronContinuityEquation"	RelError: 9.54230e-01	AbsError: 3.42118e+14
      Equation: "HoleContinuityEquation"	RelError: 9.90885e-01	AbsError: 2.77491e+14
      Equation: "PotentialEquation"	RelError: 1.29624e+02	AbsError: 7.98885e-02
Iteration: 4
  Device: "BenchmarkDiode"	RelError: 2.90667e+03	AbsError: 1.47169e+15
    Region: "SiRegion"	RelError: 2.90667e+03	AbsError: 1.47169e+15
      Equation: "ElectronContinuityEquation"	RelError: 9.46705e-01	AbsError: 8.56790e+14
      Equation: "HoleContinuityEquation"	RelError: 9.83960e-01	AbsError: 6.14900e+14
      Equation: "PotentialEquation"	RelError: 2.90474e+03	AbsError: 7.59483e-02
Iteration: 5
  Device: "BenchmarkDiode"	RelError: 2.88566e+00	AbsError: 4.49583e+15
    Region: "SiRegion"	RelError: 2.88566e+00	AbsError: 4.49583e+15
      Equation: "ElectronContinuityEquation"	RelError: 9.36836e-01	AbsError: 2.04237e+15
      Equation: "HoleContinuityEquation"	RelError: 9.25972e-01	AbsError: 2.45347e+15
      Equation: "PotentialEquation"	RelError: 1.02285e+00	AbsError: 7.15491e-02
Iteration: 6
  Device: "BenchmarkDiode"	RelError: 2.08162e+00	AbsError: 3.27052e+15
    Region: "SiRegion"	RelError: 2.08162e+00	AbsError: 3.27052e+15
      Equation: "ElectronContinuityEquation"	RelError: 9.23456e-01	AbsError: 2.13835e+15
      Equation: "HoleContinuityEquation"	RelError: 6.70485e-01	AbsError: 1.13216e+15
      Equation: "PotentialEquation"	RelError: 4.87677e-01	AbsError: 6.65854e-02
Iteration: 7
  Device: "BenchmarkDiode"	RelError: 1.83336e+00	AbsError: 6.76872e+15
    Region: "SiRegion"	RelError: 1.83336e+00	AbsError: 6.76872e+15
      Equation: "ElectronContinuityEquation"	RelError: 9.04577e-01	AbsError: 3.93081e+15
      Equation: "HoleContinuityEquation"	RelError: 6.20270e-01	AbsError: 2.83792e+15
      Equation: "PotentialEquation"	RelError: 3.08511e-01	AbsError: 6.09160e-02
Iteration: 8
  Device: "BenchmarkDiode"	RelError: 1.79690e+00	AbsError: 1.27052e+16
    Region: "SiRegion"	RelError: 1.79690e+00	AbsError: 1.27052e+16
      Equation: "ElectronContinuityEquation"	RelError: 8.75134e-01	AbsError: 7.24225e+15
      Equation: "HoleContinuityEquation"	RelError: 7.05914e-01	AbsError: 5.46300e+15
      Equation: "PotentialEquation"	RelError: 2.15851e-01	AbsError: 5.43523e-02
Iteration: 9
  Device: "BenchmarkDiode"	RelError: 1.66416e+00	AbsError: 2.01709e+16
    Region: "SiRegion"	RelError: 1.66416e+00	AbsError: 2.01709e+16
      Equation: "ElectronContinuityEquation"	RelError: 8.22687e-01	AbsError: 1.15249e+16
      Equation: "HoleContinuityEquation"	RelError: 6.85175e-01	AbsError: 8.64598e+15
      Equation: "PotentialEquation"	RelError: 1.56294e-01	AbsError: 4.66461e-02
Iteration: 10
  Device: "BenchmarkDiode"	RelError: 1.39400e+00	AbsError: 2.12620e+16
    Region: "SiRegion"	RelError: 1.39400e+00	AbsError: 2.12620e+16
      Equation: "ElectronContinuityEquation"	RelError: 7.15119e-01	AbsError: 1.23558e+16
      Equation: "HoleContinuityEquation"	RelError: 5.67249e-01	AbsError: 8.90616e+15
      Equation: "PotentialEquation"	RelError: 1.11634e-01	AbsError: 3.75040e-02
Iteration: 11
  Device: "BenchmarkDiode"	RelError: 8.99799e-01	AbsError: 1.06755e+16
    Region: "SiRegion"	RelError: 8.99799e-01	AbsError: 1.06755e+16
      Equation: "ElectronContinuityEquation"	RelError: 4.87514e-01	AbsError: 6.28937e+15
      Equation: "HoleContinuityEquation"	RelError: 3.38587e-01	AbsError: 4.38617e+15
      Equation: "PotentialEquation"	RelError: 7.36980e-02	AbsError: 2.67290e-02
Iteration: 12
  Device: "BenchmarkDiode"	RelError: 2.96620e-01	AbsError: 1.78362e+15
    Region: "SiRegion"	RelError: 2.96620e-01	AbsError: 1.78362e+15
      Equation: "ElectronContinuityEquation"	RelError: 1.62629e-01	AbsError: 9.18674e+14
      Equation: "HoleContinuityEquation"	RelError: 8.15685e-02	AbsError: 8.64943e+14
      Equation: "PotentialEquation"	RelError: 5.24222e-02	AbsError: 2.00645e-02
Iteration: 13
  Device: "BenchmarkDiode"	RelError: 1.88280e-02	AbsError: 4.67138e+14
    Region: "SiRegion"	RelError: 1.88280e-02	AbsError: 4.67138e+14
      Equation: "ElectronContinuityEquation"	RelError: 1.23139e-02	AbsError: 2.72356e+14
      Equation: "HoleContinuityEquation"	RelError: 6.17932e-03	AbsError: 1.94782e+14
      Equation: "PotentialEquation"	RelError: 3.34795e-04	AbsError: 1.38138e-04
Iteration: 14
  Device: "BenchmarkDiode"	RelError: 2.97491e-05	AbsError: 6.87633e+11
    Region: "SiRegion"	RelError: 2.97491e-05	AbsError: 6.87633e+11
      Equation: "ElectronContinuityEquation"	RelError: 1.76254e-05	AbsError: 3.92123e+11
      Equation: "HoleContinuityEquation"	RelError: 1.07707e-05	AbsError: 2.95510e+11
      Equation: "PotentialEquation"	RelError: 1.35303e-06	AbsError: 5.58259e-07
Iteration: 15
  Device: "BenchmarkDiode"	RelError: 1.69056e-10	AbsError: 3.85309e+06
    Region: "SiRegion"	RelError: 1.69056e-10	AbsError: 3.85309e+06
      Equation: "ElectronContinuityEquation"	RelError: 8.03755e-11	AbsError: 2.03526e+06
      Equation: "HoleContinuityEquation"	RelError: 7.74150e-11	AbsError: 1.81783e+06
      Equation: "PotentialEquation"	RelError: 1.12656e-11	AbsError: 4.64754e-12
Iteration: 16
  Device: "BenchmarkDiode"	RelError: 8.91968e-15	AbsError: 1.38920e+02
    Region: "SiRegion"	RelError: 8.91968e-15	AbsError: 1.38920e+02
      Equation: "ElectronContinuityEquation"	RelError: 3.86938e-15	AbsError: 6.89565e+01
      Equation: "HoleContinuityEquation"	RelError: 4.82614e-15	AbsError: 6.99634e+01
      Equation: "PotentialEquation"	RelError: 2.24164e-16	AbsError: 8.70273e-17
number of equations 5085
Iteration: 0
  Device: "BenchmarkDiode"	RelError: 3.43653e-15	AbsError: 6.39395e+01
    Region: "SiRegion"	RelError: 3.43653e-15	AbsError: 6.39395e+01
      Equation: "ElectronContinuityEquation"	RelError: 2.11955e-15	AbsError: 3.27281e+01
      Equation: "HoleContinuityEquation"	RelError: 1.19825e-15	AbsError: 3.12114e+01
      Equation: "PotentialEquation"	RelError: 1.18731e-16	AbsError: 4.63340e-17
number of equations 5085
Iteration: 0
  Device: "BenchmarkDiode"	RelError: 3.30489e-15	AbsError: 5.68299e+01
    Region: "SiRegion"	RelError: 3.30489e-15	AbsError: 5.68299e+01
      Equation: "ElectronContinuityEquation"	RelError: 2.08155e-15	AbsError: 2.80980e+01
      Equation: "HoleContinuityEquation"	RelError: 1.05038e-15	AbsError: 2.87319e+01
      Equation: "PotentialEquation"	RelError: 1.72965e-16	AbsError: 6.76279e-17
Charge Relative Error 4.47739e-09
number of equations 5085
Iteration: 0
  Device: "BenchmarkDiode"	RelError: 3.11707e-15	AbsError: 7.98612e+01
    Region: "SiRegion"	RelError: 3.11707e-15	AbsError: 7.98612e+01
      Equation: "ElectronContinuityEquation"	RelError: 1.47071e-15	AbsError: 4.02200e+01
      Equation: "HoleContinuityEquation"	RelError: 1.45003e-15	AbsError: 3.96412e+01
      Equation: "PotentialEquation"	RelError: 1.96329e-16	AbsError: 7.78006e-17
Charge Relative Error 4.47739e-09
number of equations 5085
Iteration: 0
  Device: "BenchmarkDiode"	RelError: 3.28359e-15	AbsError: 8.39775e+01
    Region: "SiRegion"	RelError: 3.28359e-15	AbsError: 8.39775e+01
      Equation: "ElectronContinuityEquation"	RelError: 1.60760e-15	AbsError: 4.39538e+01
      Equation: "HoleContinuityEquation"	RelError: 1.46390e-15	AbsError: 4.00237e+01
      Equation: "PotentialEquation"	RelError: 2.12085e-16	AbsError: 8.41157e-17
Charge Relative Error 4.47739e-09
number of equations 5085
Iteration: 0
  Device: "BenchmarkDiode"	RelError: 2.51244e-15	AbsError: 4.89439e+01
    Region: "SiRegion"	RelError: 2.51244e-15	AbsError: 4.89439e+01
      Equation: "ElectronContinuityEquation"	RelError: 1.54175e-15	AbsError: 2.50838e+01
      Equation: "HoleContinuityEquation"	RelError: 7.50196e-16	AbsError: 2.38601e+01
      Equation: "PotentialEquation"	RelError: 2.20492e-16	AbsError: 8.77236e-17
Charge Relative Error 4.47739e-09
number of equations 5085
Iteration: 0
  Device: "BenchmarkDiode"	RelError: 2.32426e-15	AbsError: 4.38792e+01
    Region: "SiRegion"	RelError: 2.32426e-15	AbsError: 4.38792e+01
      Equation: "ElectronContinuityEquation"	RelError: 1.23859e-15	AbsError: 2.19087e+01
      Equation: "HoleContinuityEquation"	RelError: 8.74117e-16	AbsError: 2.19705e+01
      Equation: "PotentialEquation"	RelError: 2.11547e-16	AbsError: 8.42504e-17
Charge Relative Error 4.47739e-09
number of equations 5085
Iteration: 0
  Device: "BenchmarkDiode"	RelError: 2.21138e-15	AbsError: 5.05426e+01
    Region: "SiRegion"	RelError: 2.21138e-15	AbsError: 5.05426e+01
      Equation: "ElectronContinuityEquation"	RelError: 8.88612e-16	AbsError: 2.49153e+01
      Equation: "HoleContinuityEquation"	RelError: 1.11886e-15	AbsError: 2.56273e+01
      Equation: "PotentialEquation"	RelError: 2.03909e-16	AbsError: 8.06319e-17
Charge Relative Error 4.47739e-09
number of equations 5085
Iteration: 0
  Device: "BenchmarkDiode"	RelError: 2.47324e-15	AbsError: 5.90884e+01
    Region: "SiRegion"	RelError: 2.47324e-15	AbsError: 5.90884e+01
      Equation: "ElectronContinuityEquation"	RelError: 1.15703e-15	AbsError: 3.17026e+01
      Equation: "HoleContinuityEquation"	RelError: 1.15402e-15	AbsError: 2.73858e+01
      Equation: "PotentialEquation"	RelError: 1.62194e-16	AbsError: 6.50076e-17
Charge Relative Error 4.47739e-09
number of equations 5085
Iteration: 0
  Device: "BenchmarkDiode"	RelError: 2.90454e-15	AbsError: 7.41526e+01
    Region: "SiRegion"	RelError: 2.90454e-15	AbsError: 7.41526e+01
      Equation: "ElectronContinuityEquation"	RelError: 1.31246e-15	AbsError: 3.58913e+01
      Equation: "HoleContinuityEquation"	RelError: 1.39928e-15	AbsError: 3.82613e+01
      Equation: "PotentialEquation"	RelError: 1.92794e-16	AbsError: 7.76899e-17
Charge Relative Error 4.47739e-09
number of equations 5085
Iteration: 0
  Device: "BenchmarkDiode"	RelError: 2.81297e-15	AbsError: 6.08725e+01
    Region: "SiRegion"	RelError: 2.81297e-15	AbsError: 6.08725e+01
      Equation: "ElectronContinuityEquation"	RelError: 1.50831e-15	AbsError: 3.04070e+01
      Equation: "HoleContinuityEquation"	RelError: 1.11418e-15	AbsError: 3.04656e+01
      Equation: "PotentialEquation"	RelError: 1.90472e-16	AbsError: 7.66167e-17
Charge Relative Error 4.47739e-09
number of equations 5085
Iteration: 0
  Device: "BenchmarkDiode"	RelError: 2.94976e-15	AbsError: 7.14953e+01
    Region: "SiRegion"	RelError: 2.94976e-15	AbsError: 7.14953e+01
      Equation: "ElectronContinuityEquation"	RelError: 1.41150e-15	AbsError: 3.48566e+01
      Equation: "HoleContinuityEquation"	RelError: 1.33994e-15	AbsError: 3.66387e+01
      Equation: "PotentialEquation"	RelError: 1.98319e-16	AbsError: 7.98875e-17
Charge Relative Error 4.47739e-09
number of equations 5085
Iteration: 0
  Device: "BenchmarkDiode"	RelError: 1.99840e+03	AbsError: 2.11622e+17
    Region: "SiRegion"	RelError: 1.99840e+03	AbsError: 2.11622e+17
      Equation: "ElectronContinuityEquation"	RelError: 9.99000e+02	AbsError: 1.05797e+17
      Equation: "HoleContinuityEquation"	RelError: 9.99000e+02	AbsError: 1.05825e+17
      Equation: "PotentialEquation"	RelError: 4.04434e-01	AbsError: 1.10220e-01
Iteration: 1
  Device: "BenchmarkDiode"	RelError: 2.66184e+00	AbsError: 2.24359e+17
    Region: "SiRegion"	RelError: 2.66184e+00	AbsError: 2.24359e+17
      Equation: "ElectronContinuityEquation"	RelError: 9.99254e-01	AbsError: 1.40518e+17
      Equation: "HoleContinuityEquation"	RelError: 9.98750e-01	AbsError: 8.38407e+16
      Equation: "PotentialEquation"	RelError: 6.63837e-01	AbsError: 1.36072e-01
Iteration: 2
  Device: "BenchmarkDiode"	RelError: 1.99988e+03	AbsError: 1.29176e+17
    Region: "SiRegion"	RelError: 1.99988e+03	AbsError: 1.29176e+17
      Equation: "ElectronContinuityEquation"	RelError: 9.99000e+02	AbsError: 6.24299e+16
      Equation: "HoleContinuityEquation"	RelError: 9.99000e+02	AbsError: 6.67464e+16
      Equation: "PotentialEquation"	RelError: 1.87557e+00	AbsError: 1.06913e-01
Iteration: 3
  Device: "BenchmarkDiode"	RelError: 2.35523e+02	AbsError: 1.46345e+17
    Region: "SiRegion"	RelError: 2.35523e+02	AbsError: 1.46345e+17
      Equation: "ElectronContinuityEquation"	RelError: 9.98828e-01	AbsError: 3.13882e+16
      Equation: "HoleContinuityEquation"	RelError: 9.99414e-01	AbsError: 1.14956e+17
      Equation: "PotentialEquation"	RelError: 2.33525e+02	AbsError: 1.27587e-01
Iteration: 4
  Device: "BenchmarkDiode"	RelError: 2.05868e+03	AbsError: 1.05771e+17
    Region: "SiRegion"	RelError: 2.05868e+03	AbsError: 1.05771e+17
      Equation: "ElectronContinuityEquation"	RelError: 9.99000e+02	AbsError: 1.50576e+16
      Equation: "HoleContinuityEquation"	RelError: 1.04749e+03	AbsError: 9.07138e+16
      Equation: "PotentialEquation"	RelError: 1.21909e+01	AbsError: 1.03406e-01
Iteration: 5
  Device: "BenchmarkDiode"	RelError: 1.66075e+02	AbsError: 6.97936e+16
    Region: "SiRegion"	RelError: 1.66075e+02	AbsError: 6.97936e+16
      Equation: "ElectronContinuityEquation"	RelError: 9.99587e-01	AbsError: 5.26709e+16
      Equation: "HoleContinuityEquation"	RelError: 9.99068e-01	AbsError: 1.71226e+16
      Equation: "PotentialEquation"	RelError: 1.64077e+02	AbsError: 1.06402e-01
Iteration: 6
  Device: "BenchmarkDiode"	RelError: 2.84490e+03	AbsError: 6.93752e+16
    Region: "SiRegion"	RelError: 2.84490e+03	AbsError: 6.93752e+16
      Equation: "ElectronContinuityEquation"	RelError: 9.99000e+02	AbsError: 5.35345e+16
      Equation: "HoleContinuityEquation"	RelError: 9.99000e+02	AbsError: 1.58408e+16
      Equation: "PotentialEquation"	RelError: 8.46902e+02	AbsError: 9.93060e-02
Iteration: 7
  Device: "BenchmarkDiode"	RelError: 5.27072e+01	AbsError: 3.70981e+16
    Region: "SiRegion"	RelError: 5.27072e+01	AbsError: 3.70981e+16
      Equation: "ElectronContinuityEquation"	RelError: 9.99171e-01	AbsError: 1.92112e+16
      Equation: "HoleContinuityEquation"	RelError: 9.99547e-01	AbsError: 1.78869e+16
      Equation: "PotentialEquation"	RelError: 5.07085e+01	AbsError: 9.80900e-02
Iteration: 8
  Device: "BenchmarkDiode"	RelError: 3.01439e+03	AbsError: 1.44656e+16
    Region: "SiRegion"	RelError: 3.01439e+03	AbsError: 1.44656e+16
      Equation: "ElectronContinuityEquation"	RelError: 9.99000e+02	AbsError: 8.18574e+15
      Equation: "HoleContinuityEquation"	RelError: 1.49559e+03	AbsError: 6.27989e+15
      Equation: "PotentialEquation"	RelError: 5.19800e+02	AbsError: 9.53373e-02
Iteration: 9
  Device: "BenchmarkDiode"	RelError: 2.48883e+02	AbsError: 1.90640e+16
    Region: "SiRegion"	RelError: 2.48883e+02	AbsError: 1.90640e+16
      Equation: "ElectronContinuityEquation"	RelError: 9.99276e-01	AbsError: 1.19644e+16
      Equation: "HoleContinuityEquation"	RelError: 2.54133e+01	AbsError: 7.09958e+15
      Equation: "PotentialEquation"	RelError: 2.22470e+02	AbsError: 9.22310e-02
Iteration: 10
  Device: "BenchmarkDiode"	RelError: 3.27483e+03	AbsError: 1.77158e+16
    Region: "SiRegion"	RelError: 3.27483e+03	AbsError: 1.77158e+16
      Equation: "ElectronContinuityEquation"	RelError: 1.62164e+03	AbsError: 1.00517e+16
      Equation: "HoleContinuityEquation"	RelError: 1.41095e+03	AbsError: 7.66403e+15
      Equation: "PotentialEquation"	RelError: 2.42246e+02	AbsError: 9.03108e-02
Iteration: 11
  Device: "BenchmarkDiode"	RelError: 3.82026e+02	AbsError: 8.31993e+15
    Region: "SiRegion"	RelError: 3.82026e+02	AbsError: 8.31993e+15
      Equation: "ElectronContinuityEquation"	RelError: 9.99031e-01	AbsError: 4.90653e+15
      Equation: "HoleContinuityEquation"	RelError: 9.70570e+01	AbsError: 3.41339e+15
      Equation: "PotentialEquation"	RelError: 2.83970e+02	AbsError: 8.76567e-02
Iteration: 12
  Device: "BenchmarkDiode"	RelError: 9.06572e+03	AbsError: 5.62754e+15
    Region: "SiRegion"	RelError: 9.06572e+03	AbsError: 5.62754e+15
      Equation: "ElectronContinuityEquation"	RelError: 7.19753e+03	AbsError: 2.76823e+15
      Equation: "HoleContinuityEquation"	RelError: 9.99000e+02	AbsError: 2.85931e+15
      Equation: "PotentialEquation"	RelError: 8.69192e+02	AbsError: 8.39068e-02
Iteration: 13
  Device: "BenchmarkDiode"	RelError: 3.20755e+03	AbsError: 4.39034e+15
    Region: "SiRegion"	RelError: 3.20755e+03	AbsError: 4.39034e+15
      Equation: "ElectronContinuityEquation"	RelError: 9.99826e-01	AbsError: 1.33066e+15
      Equation: "HoleContinuityEquation"	RelError: 4.71297e+00	AbsError: 3.05968e+15
      Equation: "PotentialEquation"	RelError: 3.20184e+03	AbsError: 8.12142e-02
Iteration: 14
  Device: "BenchmarkDiode"	RelError: 1.21312e+03	AbsError: 3.03072e+15
    Region: "SiRegion"	RelError: 1.21312e+03	AbsError: 3.03072e+15
      Equation: "ElectronContinuityEquation"	RelError: 9.99000e+02	AbsError: 1.00590e+15
      Equation: "HoleContinuityEquation"	RelError: 1.58268e+00	AbsError: 2.02482e+15
      Equation: "PotentialEquation"	RelError: 2.12542e+02	AbsError: 7.67764e-02
Iteration: 15
  Device: "BenchmarkDiode"	RelError: 1.52045e+03	AbsError: 1.86213e+15
    Region: "SiRegion"	RelError: 1.52045e+03	AbsError: 1.86213e+15
      Equation: "ElectronContinuityEquation"	RelError: 9.98908e-01	AbsError: 5.63233e+14
      Equation: "HoleContinuityEquation"	RelError: 1.01689e+00	AbsError: 1.29890e+15
      Equation: "PotentialEquation"	RelError: 1.51843e+03	AbsError: 7.29612e-02
Iteration: 16
  Device: "BenchmarkDiode"	RelError: 7.55363e+00	AbsError: 7.16183e+14
    Region: "SiRegion"	RelError: 7.55363e+00	AbsError: 7.16183e+14
      Equation: "ElectronContinuityEquation"	RelError: 5.66379e+00	AbsError: 2.49792e+14
      Equation: "HoleContinuityEquation"	RelError: 3.38878e-01	AbsError: 4.66391e+14
      Equation: "PotentialEquation"	RelError: 1.55096e+00	AbsError: 6.79731e-02
Iteration: 17
  Device: "BenchmarkDiode"	RelError: 2.71838e+01	AbsError: 2.25138e+14
    Region: "SiRegion"	RelError: 2.71838e+01	AbsError: 2.25138e+14
      Equation: "ElectronContinuityEquation"	RelError: 8.00978e-01	AbsError: 7.57004e+13
      Equation: "HoleContinuityEquation"	RelError: 1.72253e-01	AbsError: 1.49437e+14
      Equation: "PotentialEquation"	RelError: 2.62106e+01	AbsError: 6.25464e-02
Iteration: 18
  Device: "BenchmarkDiode"	RelError: 1.17483e+00	AbsError: 1.04103e+14
    Region: "SiRegion"	RelError: 1.17483e+00	AbsError: 1.04103e+14
      Equation: "ElectronContinuityEquation"	RelError: 8.37592e-01	AbsError: 2.64367e+13
      Equation: "HoleContinuityEquation"	RelError: 9.74064e-02	AbsError: 7.76664e+13
      Equation: "PotentialEquation"	RelError: 2.39833e-01	AbsError: 5.62708e-02
Iteration: 19
  Device: "BenchmarkDiode"	RelError: 2.21320e+00	AbsError: 4.23747e+13
    Region: "SiRegion"	RelError: 2.21320e+00	AbsError: 4.23747e+13
      Equation: "ElectronContinuityEquation"	RelError: 2.76085e-01	AbsError: 1.12344e+13
      Equation: "HoleContinuityEquation"	RelError: 3.74430e-02	AbsError: 3.11403e+13
      Equation: "PotentialEquation"	RelError: 1.89967e+00	AbsError: 4.88860e-02
Iteration: 20
  Device: "BenchmarkDiode"	RelError: 2.27615e+00	AbsError: 1.28080e+13
    Region: "SiRegion"	RelError: 2.27615e+00	AbsError: 1.28080e+13
      Equation: "ElectronContinuityEquation"	RelError: 1.08972e-01	AbsError: 3.77917e+12
      Equation: "HoleContinuityEquation"	RelError: 1.09281e-02	AbsError: 9.02886e+12
      Equation: "PotentialEquation"	RelError: 2.15625e+00	AbsError: 4.01750e-02
Iteration: 21
  Device: "BenchmarkDiode"	RelError: 3.31583e-01	AbsError: 3.00809e+12
    Region: "SiRegion"	RelError: 3.31583e-01	AbsError: 3.00809e+12
      Equation: "ElectronContinuityEquation"	RelError: 2.79609e-02	AbsError: 9.49218e+11
      Equation: "HoleContinuityEquation"	RelError: 2.46527e-03	AbsError: 2.05887e+12
      Equation: "PotentialEquation"	RelError: 3.01157e-01	AbsError: 2.98452e-02
Iteration: 22
  Device: "BenchmarkDiode"	RelError: 3.17699e-02	AbsError: 8.22017e+11
    Region: "SiRegion"	RelError: 3.17699e-02	AbsError: 8.22017e+11
      Equation: "ElectronContinuityEquation"	RelError: 5.06017e-03	AbsError: 1.63323e+11
      Equation: "HoleContinuityEquation"	RelError: 7.89338e-04	AbsError: 6.58694e+11
      Equation: "PotentialEquation"	RelError: 2.59203e-02	AbsError: 2.58537e-02
Iteration: 23
  Device: "BenchmarkDiode"	RelError: 7.25195e-03	AbsError: 2.96937e+11
    Region: "SiRegion"	RelError: 7.25195e-03	AbsError: 2.96937e+11
      Equation: "ElectronContinuityEquation"	RelError: 5.13177e-04	AbsError: 1.59038e+10
      Equation: "HoleContinuityEquation"	RelError: 2.61083e-04	AbsError: 2.81033e+11
      Equation: "PotentialEquation"	RelError: 6.47769e-03	AbsError: 8.11935e-03
Iteration: 24
  Device: "BenchmarkDiode"	RelError: 5.94914e-03	AbsError: 3.27536e+11
    Region: "SiRegion"	RelError: 5.94914e-03	AbsError: 3.27536e+11
      Equation: "ElectronContinuityEquation"	RelError: 1.71316e-04	AbsError: 3.97327e+09
      Equation: "HoleContinuityEquation"	RelError: 3.34756e-04	AbsError: 3.23563e+11
      Equation: "PotentialEquation"	RelError: 5.44307e-03	AbsError: 1.06583e-06
Iteration: 25
  Device: "BenchmarkDiode"	RelError: 1.59630e-08	AbsError: 7.97159e+05
    Region: "SiRegion"	RelError: 1.59630e-08	AbsError: 7.97159e+05
      Equation: "ElectronContinuityEquation"	RelError: 5.57843e-10	AbsError: 1.12813e+04
      Equation: "HoleContinuityEquation"	RelError: 8.84619e-10	AbsError: 7.85878e+05
      Equation: "PotentialEquation"	RelError: 1.45205e-08	AbsError: 2.79787e-12
Iteration: 26
  Device: "BenchmarkDiode"	RelError: 6.67842e-13	AbsError: 6.53515e+01
    Region: "SiRegion"	RelError: 6.67842e-13	AbsError: 6.53515e+01
      Equation: "ElectronContinuityEquation"	RelError: 1.28361e-15	AbsError: 2.93242e+01
      Equation: "HoleContinuityEquation"	RelError: 9.09967e-16	AbsError: 3.60272e+01
      Equation: "PotentialEquation"	RelError: 6.65648e-13	AbsError: 1.45410e-16
Charge Relative Error 9.98674e-01
number of equations 5085
Iteration: 0
  Device: "BenchmarkDiode"	RelError: 4.08745e+04	AbsError: 8.07672e+15
    Region: "SiRegion"	RelError: 4.08745e+04	AbsError: 8.07672e+15
      Equation: "ElectronContinuityEquation"	RelError: 9.99000e+02	AbsError: 1.04030e+15
      Equation: "HoleContinuityEquation"	RelError: 3.98054e+04	AbsError: 7.03641e+15
      Equation: "PotentialEquation"	RelError: 7.01549e+01	AbsError: 6.16879e-02
Iteration: 1
  Device: "BenchmarkDiode"	RelError: 6.84111e+01	AbsError: 1.41392e+15
    Region: "SiRegion"	RelError: 6.84111e+01	AbsError: 1.41392e+15
      Equation: "ElectronContinuityEquation"	RelError: 8.83171e+00	AbsError: 1.59027e+14
      Equation: "HoleContinuityEquation"	RelError: 2.26270e+00	AbsError: 1.25489e+15
      Equation: "PotentialEquation"	RelError: 5.73167e+01	AbsError: 5.88219e-02
Iteration: 2
  Device: "BenchmarkDiode"	RelError: 2.85127e+01	AbsError: 4.06995e+14
    Region: "SiRegion"	RelError: 2.85127e+01	AbsError: 4.06995e+14
      Equation: "ElectronContinuityEquation"	RelError: 5.77946e+00	AbsError: 5.35594e+13
      Equation: "HoleContinuityEquation"	RelError: 1.30700e+00	AbsError: 3.53435e+14
      Equation: "PotentialEquation"	RelError: 2.14263e+01	AbsError: 5.28840e-02
Iteration: 3
  Device: "BenchmarkDiode"	RelError: 6.86615e+00	AbsError: 7.49615e+13
    Region: "SiRegion"	RelError: 6.86615e+00	AbsError: 7.49615e+13
      Equation: "ElectronContinuityEquation"	RelError: 6.33687e+00	AbsError: 2.34828e+12
      Equation: "HoleContinuityEquation"	RelError: 3.78164e-01	AbsError: 7.26132e+13
      Equation: "PotentialEquation"	RelError: 1.51111e-01	AbsError: 4.50868e-02
Iteration: 4
  Device: "BenchmarkDiode"	RelError: 3.98101e+00	AbsError: 1.21072e+13
    Region: "SiRegion"	RelError: 3.98101e+00	AbsError: 1.21072e+13
      Equation: "ElectronContinuityEquation"	RelError: 3.39015e+00	AbsError: 3.65083e+12
      Equation: "HoleContinuityEquation"	RelError: 1.42523e-01	AbsError: 8.45632e+12
      Equation: "PotentialEquation"	RelError: 4.48335e-01	AbsError: 3.57540e-02
Iteration: 5
  Device: "BenchmarkDiode"	RelError: 8.98178e-01	AbsError: 1.82859e+12
    Region: "SiRegion"	RelError: 8.98178e-01	AbsError: 1.82859e+12
      Equation: "ElectronContinuityEquation"	RelError: 7.95315e-01	AbsError: 1.93148e+11
      Equation: "HoleContinuityEquation"	RelError: 4.79856e-02	AbsError: 1.63544e+12
      Equation: "PotentialEquation"	RelError: 5.48776e-02	AbsError: 2.58374e-02
Iteration: 6
  Device: "BenchmarkDiode"	RelError: 1.05772e-01	AbsError: 2.71392e+11
    Region: "SiRegion"	RelError: 1.05772e-01	AbsError: 2.71392e+11
      Equation: "ElectronContinuityEquation"	RelError: 7.58053e-02	AbsError: 5.09188e+10
      Equation: "HoleContinuityEquation"	RelError: 5.56872e-03	AbsError: 2.20473e+11
      Equation: "PotentialEquation"	RelError: 2.43979e-02	AbsError: 1.66757e-02
Iteration: 7
  Device: "BenchmarkDiode"	RelError: 1.73160e-03	AbsError: 1.96897e+10
    Region: "SiRegion"	RelError: 1.73160e-03	AbsError: 1.96897e+10
      Equation: "ElectronContinuityEquation"	RelError: 9.40170e-04	AbsError: 3.57124e+09
      Equation: "HoleContinuityEquation"	RelError: 4.48318e-04	AbsError: 1.61185e+10
      Equation: "PotentialEquation"	RelError: 3.43110e-04	AbsError: 4.57185e-07
Iteration: 8
  Device: "BenchmarkDiode"	RelError: 4.73796e-10	AbsError: 6.53813e+03
    Region: "SiRegion"	RelError: 4.73796e-10	AbsError: 6.53813e+03
      Equation: "ElectronContinuityEquation"	RelError: 2.37416e-10	AbsError: 1.10345e+03
      Equation: "HoleContinuityEquation"	RelError: 1.53206e-10	AbsError: 5.43468e+03
      Equation: "PotentialEquation"	RelError: 8.31740e-11	AbsError: 1.41538e-13
Iteration: 9
  Device: "BenchmarkDiode"	RelError: 5.50355e-15	AbsError: 5.18902e+01
    Region: "SiRegion"	RelError: 5.50355e-15	AbsError: 5.18902e+01
      Equation: "ElectronContinuityEquation"	RelError: 1.13845e-15	AbsError: 2.92744e+01
      Equation: "HoleContinuityEquation"	RelError: 1.08458e-15	AbsError: 2.26158e+01
      Equation: "PotentialEquation"	RelError: 3.28052e-15	AbsError: 1.41144e-16
Charge Relative Error 1.00000e+00
number of equations 5085
Iteration: 0
  Device: "BenchmarkDiode"	RelError: 5.63065e+04	AbsError: 3.50210e+14
    Region: "SiRegion"	RelError: 5.63065e+04	AbsError: 3.50210e+14
      Equation: "ElectronContinuityEquation"	RelError: 1.17600e+04	AbsError: 5.63818e+13
      Equation: "HoleContinuityEquation"	RelError: 4.45399e+04	AbsError: 2.93828e+14
      Equation: "PotentialEquation"	RelError: 6.57863e+00	AbsError: 1.39558e-02
Iteration: 1
  Device: "BenchmarkDiode"	RelError: 5.09194e+00	AbsError: 4.32654e+12
    Region: "SiRegion"	RelError: 5.09194e+00	AbsError: 4.32654e+12
      Equation: "ElectronContinuityEquation"	RelError: 4.04550e+00	AbsError: 9.79350e+11
      Equation: "HoleContinuityEquation"	RelError: 1.00458e+00	AbsError: 3.34719e+12
      Equation: "PotentialEquation"	RelError: 4.18563e-02	AbsError: 1.10693e-04
Iteration: 2
  Device: "BenchmarkDiode"	RelError: 2.41003e-03	AbsError: 8.65876e+08
    Region: "SiRegion"	RelError: 2.41003e-03	AbsError: 8.65876e+08
      Equation: "ElectronContinuityEquation"	RelError: 2.14243e-03	AbsError: 8.90394e+07
      Equation: "HoleContinuityEquation"	RelError: 2.61835e-04	AbsError: 7.76837e+08
      Equation: "PotentialEquation"	RelError: 5.76489e-06	AbsError: 1.52499e-08
Iteration: 3
  Device: "BenchmarkDiode"	RelError: 2.22187e-10	AbsError: 8.61733e+01
    Region: "SiRegion"	RelError: 2.22187e-10	AbsError: 8.61733e+01
      Equation: "ElectronContinuityEquation"	RelError: 2.07839e-10	AbsError: 4.09710e+01
      Equation: "HoleContinuityEquation"	RelError: 1.40642e-11	AbsError: 4.52023e+01
      Equation: "PotentialEquation"	RelError: 2.84221e-13	AbsError: 7.00900e-16
Iteration: 4
  Device: "BenchmarkDiode"	RelError: 4.52268e-14	AbsError: 6.78718e+01
    Region: "SiRegion"	RelError: 4.52268e-14	AbsError: 6.78718e+01
      Equation: "ElectronContinuityEquation"	RelError: 1.04742e-15	AbsError: 3.26757e+01
      Equation: "HoleContinuityEquation"	RelError: 9.21461e-16	AbsError: 3.51962e+01
      Equation: "PotentialEquation"	RelError: 4.32579e-14	AbsError: 1.22740e-16
Charge Relative Error 1.00000e+00
number of equations 5085
Iteration: 0
  Device: "BenchmarkDiode"	RelError: 2.79311e+02	AbsError: 7.52661e+12
    Region: "SiRegion"	RelError: 2.79311e+02	AbsError: 7.52661e+12
      Equation: "ElectronContinuityEquation"	RelError: 1.81260e+02	AbsError: 1.44944e+12
      Equation: "HoleContinuityEquation"	RelError: 9.79371e+01	AbsError: 6.07717e+12
      Equation: "PotentialEquation"	RelError: 1.13730e-01	AbsError: 2.62710e-04
Iteration: 1
  Device: "BenchmarkDiode"	RelError: 9.84526e-02	AbsError: 1.86202e+09
    Region: "SiRegion"	RelError: 9.84526e-02	AbsError: 1.86202e+09
      Equation: "ElectronContinuityEquation"	RelError: 6.78927e-02	AbsError: 3.61377e+08
      Equation: "HoleContinuityEquation"	RelError: 3.05471e-02	AbsError: 1.50064e+09
      Equation: "PotentialEquation"	RelError: 1.28301e-05	AbsError: 4.54663e-08
Iteration: 2
  Device: "BenchmarkDiode"	RelError: 1.50284e-07	AbsError: 2.48371e+02
    Region: "SiRegion"	RelError: 1.50284e-07	AbsError: 2.48371e+02
      Equation: "ElectronContinuityEquation"	RelError: 1.48908e-07	AbsError: 8.03117e+01
      Equation: "HoleContinuityEquation"	RelError: 1.37239e-09	AbsError: 1.68059e+02
      Equation: "PotentialEquation"	RelError: 4.06041e-12	AbsError: 4.47118e-15
Iteration: 3
  Device: "BenchmarkDiode"	RelError: 1.60057e-14	AbsError: 4.88175e+01
    Region: "SiRegion"	RelError: 1.60057e-14	AbsError: 4.88175e+01
      Equation: "ElectronContinuityEquation"	RelError: 1.53958e-15	AbsError: 2.08966e+01
      Equation: "HoleContinuityEquation"	RelError: 2.25591e-15	AbsError: 2.79209e+01
      Equation: "PotentialEquation"	RelError: 1.22102e-14	AbsError: 1.20319e-16
Charge Relative Error 1.00000e+00
number of equations 5085
Iteration: 0
  Device: "BenchmarkDiode"	RelError: 1.62325e+02	AbsError: 1.18022e+11
    Region: "SiRegion"	RelError: 1.62325e+02	AbsError: 1.18022e+11
      Equation: "ElectronContinuityEquation"	RelError: 8.42514e+01	AbsError: 2.37162e+10
      Equation: "HoleContinuityEquation"	RelError: 7.80719e+01	AbsError: 9.43055e+10
      Equation: "PotentialEquation"	RelError: 1.68506e-03	AbsError: 3.73204e-06
Iteration: 1
  Device: "BenchmarkDiode"	RelError: 3.74860e-02	AbsError: 7.75943e+05
    Region: "SiRegion"	RelError: 3.74860e-02	AbsError: 7.75943e+05
      Equation: "ElectronContinuityEquation"	RelError: 3.69976e-02	AbsError: 4.37546e+05
      Equation: "HoleContinuityEquation"	RelError: 4.88402e-04	AbsError: 3.38398e+05
      Equation: "PotentialEquation"	RelError: 2.02657e-08	AbsError: 1.97783e-11
Iteration: 2
  Device: "BenchmarkDiode"	RelError: 2.23943e-12	AbsError: 7.41934e+01
    Region: "SiRegion"	RelError: 2.23943e-12	AbsError: 7.41934e+01
      Equation: "ElectronContinuityEquation"	RelError: 1.97380e-12	AbsError: 2.83713e+01
      Equation: "HoleContinuityEquation"	RelError: 2.57529e-13	AbsError: 4.58221e+01
      Equation: "PotentialEquation"	RelError: 8.09737e-15	AbsError: 1.34124e-16
Charge Relative Error 1.00000e+00
number of equations 5085
Iteration: 0
  Device: "BenchmarkDiode"	RelError: 1.22809e+02	AbsError: 1.65864e+09
    Region: "SiRegion"	RelError: 1.22809e+02	AbsError: 1.65864e+09
      Equation: "ElectronContinuityEquation"	RelError: 8.11640e+01	AbsError: 3.61144e+08
      Equation: "HoleContinuityEquation"	RelError: 4.16452e+01	AbsError: 1.29750e+09
      Equation: "PotentialEquation"	RelError: 2.40685e-05	AbsError: 4.96280e-08
Iteration: 1
  Device: "BenchmarkDiode"	RelError: 3.23649e-05	AbsError: 2.16041e+02
    Region: "SiRegion"	RelError: 3.23649e-05	AbsError: 2.16041e+02
      Equation: "ElectronContinuityEquation"	RelError: 2.98248e-05	AbsError: 1.30984e+02
      Equation: "HoleContinuityEquation"	RelError: 2.54014e-06	AbsError: 8.50567e+01
      Equation: "PotentialEquation"	RelError: 6.07591e-12	AbsError: 5.99269e-15
Iteration: 2
  Device: "BenchmarkDiode"	RelError: 1.15345e-14	AbsError: 6.76427e+01
    Region: "SiRegion"	RelError: 1.15345e-14	AbsError: 6.76427e+01
      Equation: "ElectronContinuityEquation"	RelError: 2.23030e-15	AbsError: 3.24192e+01
      Equation: "HoleContinuityEquation"	RelError: 2.09978e-15	AbsError: 3.52234e+01
      Equation: "PotentialEquation"	RelError: 7.20443e-15	AbsError: 1.22755e-16
Charge Relative Error 9.99973e-01
number of equations 5085
Iteration: 0
  Device: "BenchmarkDiode"	RelError: 6.81335e+01	AbsError: 2.44886e+07
    Region: "SiRegion"	RelError: 6.81335e+01	AbsError: 2.44886e+07
      Equation: "ElectronContinuityEquation"	RelError: 2.72815e+01	AbsError: 6.14776e+06
      Equation: "HoleContinuityEquation"	RelError: 4.08519e+01	AbsError: 1.83408e+07
      Equation: "PotentialEquation"	RelError: 3.90904e-07	AbsError: 7.29450e-10
Iteration: 1
  Device: "BenchmarkDiode"	RelError: 9.98377e-08	AbsError: 7.67646e+01
    Region: "SiRegion"	RelError: 9.98377e-08	AbsError: 7.67646e+01
      Equation: "ElectronContinuityEquation"	RelError: 6.05101e-08	AbsError: 3.65747e+01
      Equation: "HoleContinuityEquation"	RelError: 3.93276e-08	AbsError: 4.01899e+01
      Equation: "PotentialEquation"	RelError: 4.94893e-14	AbsError: 1.21700e-16
Iteration: 2
  Device: "BenchmarkDiode"	RelError: 3.00546e-14	AbsError: 4.72082e+01
    Region: "SiRegion"	RelError: 3.00546e-14	AbsError: 4.72082e+01
      Equation: "ElectronContinuityEquation"	RelError: 1.78359e-15	AbsError: 2.62425e+01
      Equation: "HoleContinuityEquation"	RelError: 1.85848e-15	AbsError: 2.09657e+01
      Equation: "PotentialEquation"	RelError: 2.64125e-14	AbsError: 1.14324e-16
Charge Relative Error 9.97204e-01
number of equations 5085
Iteration: 0
  Device: "BenchmarkDiode"	RelError: 2.46646e+01	AbsError: 4.23142e+05
    Region: "SiRegion"	RelError: 2.46646e+01	AbsError: 4.23142e+05
      Equation: "ElectronContinuityEquation"	RelError: 4.80437e-01	AbsError: 1.22331e+05
      Equation: "HoleContinuityEquation"	RelError: 2.41842e+01	AbsError: 3.00811e+05
      Equation: "PotentialEquation"	RelError: 7.56491e-09	AbsError: 1.30476e-11
Iteration: 1
  Device: "BenchmarkDiode"	RelError: 4.23417e-10	AbsError: 7.52939e+01
    Region: "SiRegion"	RelError: 4.23417e-10	AbsError: 7.52939e+01
      Equation: "ElectronContinuityEquation"	RelError: 1.75467e-11	AbsError: 4.20817e+01
      Equation: "HoleContinuityEquation"	RelError: 4.05847e-10	AbsError: 3.32122e+01
      Equation: "PotentialEquation"	RelError: 2.39777e-14	AbsError: 1.18143e-16
Iteration: 2
  Device: "BenchmarkDiode"	RelError: 8.75614e-15	AbsError: 3.52321e+01
    Region: "SiRegion"	RelError: 8.75614e-15	AbsError: 3.52321e+01
      Equation: "ElectronContinuityEquation"	RelError: 2.75458e-15	AbsError: 2.34661e+01
      Equation: "HoleContinuityEquation"	RelError: 2.64472e-15	AbsError: 1.17660e+01
      Equation: "PotentialEquation"	RelError: 3.35683e-15	AbsError: 1.11025e-16
Charge Relative Error 6.46823e-01
number of equations 5085
Iteration: 0
  Device: "BenchmarkDiode"	RelError: 1.32392e+00	AbsError: 8.56866e+03
    Region: "SiRegion"	RelError: 1.32392e+00	AbsError: 8.56866e+03
      Equation: "ElectronContinuityEquation"	RelError: 5.74906e-03	AbsError: 2.70167e+03
      Equation: "HoleContinuityEquation"	RelError: 1.31817e+00	AbsError: 5.86699e+03
      Equation: "PotentialEquation"	RelError: 1.64700e-10	AbsError: 2.73480e-13
Iteration: 1
  Device: "BenchmarkDiode"	RelError: 6.55174e-13	AbsError: 6.21421e+01
    Region: "SiRegion"	RelError: 6.55174e-13	AbsError: 6.21421e+01
      Equation: "ElectronContinuityEquation"	RelError: 4.31327e-15	AbsError: 2.72489e+01
      Equation: "HoleContinuityEquation"	RelError: 6.41357e-13	AbsError: 3.48931e+01
      Equation: "PotentialEquation"	RelError: 9.50361e-15	AbsError: 1.24011e-16
Charge Relative Error 4.12847e-02
number of equations 5085
Iteration: 0
  Device: "BenchmarkDiode"	RelError: 3.20547e-02	AbsError: 2.07809e+02
    Region: "SiRegion"	RelError: 3.20547e-02	AbsError: 2.07809e+02
      Equation: "ElectronContinuityEquation"	RelError: 6.84101e-05	AbsError: 6.82342e+01
      Equation: "HoleContinuityEquation"	RelError: 3.19863e-02	AbsError: 1.39575e+02
      Equation: "PotentialEquation"	RelError: 3.79469e-12	AbsError: 6.24597e-15
Iteration: 1
  Device: "BenchmarkDiode"	RelError: 1.11754e-14	AbsError: 4.36130e+01
    Region: "SiRegion"	RelError: 1.11754e-14	AbsError: 4.36130e+01
      Equation: "ElectronContinuityEquation"	RelError: 1.37378e-15	AbsError: 1.46674e+01
      Equation: "HoleContinuityEquation"	RelError: 7.38924e-15	AbsError: 2.89456e+01
      Equation: "PotentialEquation"	RelError: 2.41235e-15	AbsError: 1.13031e-16
Charge Relative Error 1.01139e-03
number of equations 5085
Iteration: 0
  Device: "BenchmarkDiode"	RelError: 7.53506e-04	AbsError: 3.03994e+01
    Region: "SiRegion"	RelError: 7.53506e-04	AbsError: 3.03994e+01
      Equation: "ElectronContinuityEquation"	RelError: 8.13992e-07	AbsError: 1.67805e+01
      Equation: "HoleContinuityEquation"	RelError: 7.52692e-04	AbsError: 1.36189e+01
      Equation: "PotentialEquation"	RelError: 8.37171e-14	AbsError: 1.99823e-16
Iteration: 1
  Device: "BenchmarkDiode"	RelError: 9.51179e-15	AbsError: 2.89243e+01
    Region: "SiRegion"	RelError: 9.51179e-15	AbsError: 2.89243e+01
      Equation: "ElectronContinuityEquation"	RelError: 1.94995e-15	AbsError: 7.99394e+00
      Equation: "HoleContinuityEquation"	RelError: 3.69222e-15	AbsError: 2.09304e+01
      Equation: "PotentialEquation"	RelError: 3.86962e-15	AbsError: 1.19259e-16
Charge Relative Error 2.37584e-05
number of equations 5085
Iteration: 0
  Device: "BenchmarkDiode"	RelError: 1.77088e-05	AbsError: 2.10356e+01
    Region: "SiRegion"	RelError: 1.77088e-05	AbsError: 2.10356e+01
      Equation: "ElectronContinuityEquation"	RelError: 9.68548e-09	AbsError: 7.99773e+00
      Equation: "HoleContinuityEquation"	RelError: 1.76992e-05	AbsError: 1.30378e+01
      Equation: "PotentialEquation"	RelError: 5.08760e-16	AbsError: 1.17520e-16
Iteration: 1
  Device: "BenchmarkDiode"	RelError: 7.71531e-15	AbsError: 2.60659e+01
    Region: "SiRegion"	RelError: 7.71531e-15	AbsError: 2.60659e+01
      Equation: "ElectronContinuityEquation"	RelError: 1.43746e-15	AbsError: 7.99773e+00
      Equation: "HoleContinuityEquation"	RelError: 2.18621e-15	AbsError: 1.80682e+01
      Equation: "PotentialEquation"	RelError: 4.09164e-15	AbsError: 1.20009e-16
Charge Relative Error 5.58643e-07
number of equations 5085
Iteration: 0
  Device: "BenchmarkDiode"	RelError: 4.16295e-07	AbsError: 2.14277e+01
    Region: "SiRegion"	RelError: 4.16295e-07	AbsError: 2.14277e+01
      Equation: "ElectronContinuityEquation"	RelError: 1.15245e-10	AbsError: 7.99692e+00
      Equation: "HoleContinuityEquation"	RelError: 4.16180e-07	AbsError: 1.34308e+01
      Equation: "PotentialEquation"	RelError: 4.89287e-15	AbsError: 1.21680e-16
Iteration: 1
  Device: "BenchmarkDiode"	RelError: 3.45490e-15	AbsError: 2.55258e+01
    Region: "SiRegion"	RelError: 3.45490e-15	AbsError: 2.55258e+01
      Equation: "ElectronContinuityEquation"	RelError: 1.95092e-15	AbsError: 7.99673e+00
      Equation: "HoleContinuityEquation"	RelError: 1.37045e-15	AbsError: 1.75291e+01
      Equation: "PotentialEquation"	RelError: 1.33539e-16	AbsError: 1.20316e-16
Charge Relative Error 1.31357e-08
number of equations 5085
Iteration: 0
  Device: "BenchmarkDiode"	RelError: 9.78747e-09	AbsError: 2.13820e+01
    Region: "SiRegion"	RelError: 9.78747e-09	AbsError: 2.13820e+01
      Equation: "ElectronContinuityEquation"	RelError: 1.37054e-12	AbsError: 7.99705e+00
      Equation: "HoleContinuityEquation"	RelError: 9.78610e-09	AbsError: 1.33850e+01
      Equation: "PotentialEquation"	RelError: 2.16516e-15	AbsError: 1.21598e-16
Iteration: 1
  Device: "BenchmarkDiode"	RelError: 1.18882e-14	AbsError: 2.55573e+01
    Region: "SiRegion"	RelError: 1.18882e-14	AbsError: 2.55573e+01
      Equation: "ElectronContinuityEquation"	RelError: 1.53940e-15	AbsError: 7.99787e+00
      Equation: "HoleContinuityEquation"	RelError: 2.23010e-15	AbsError: 1.75594e+01
      Equation: "PotentialEquation"	RelError: 8.11872e-15	AbsError: 1.22099e-16
Charge Relative Error 7.18266e-09
number of equations 5085
Iteration: 0
  Device: "BenchmarkDiode"	RelError: 2.30135e-10	AbsError: 2.13690e+01
    Region: "SiRegion"	RelError: 2.30135e-10	AbsError: 2.13690e+01
      Equation: "ElectronContinuityEquation"	RelError: 1.60768e-14	AbsError: 7.99684e+00
      Equation: "HoleContinuityEquation"	RelError: 2.30111e-10	AbsError: 1.33722e+01
      Equation: "PotentialEquation"	RelError: 7.80503e-15	AbsError: 1.22516e-16
Iteration: 1
  Device: "BenchmarkDiode"	RelError: 9.20149e-15	AbsError: 2.55536e+01
    Region: "SiRegion"	RelError: 9.20149e-15	AbsError: 2.55536e+01
      Equation: "ElectronContinuityEquation"	RelError: 2.85303e-15	AbsError: 7.99668e+00
      Equation: "HoleContinuityEquation"	RelError: 3.42162e-15	AbsError: 1.75569e+01
      Equation: "PotentialEquation"	RelError: 2.92684e-15	AbsError: 1.20952e-16
Charge Relative Error 7.18266e-09
number of equations 5085
Iteration: 0
  Device: "BenchmarkDiode"	RelError: 5.41529e-12	AbsError: 2.13963e+01
    Region: "SiRegion"	RelError: 5.41529e-12	AbsError: 2.13963e+01
      Equation: "ElectronContinuityEquation"	RelError: 2.54099e-15	AbsError: 7.99718e+00
      Equation: "HoleContinuityEquation"	RelError: 5.41155e-12	AbsError: 1.33991e+01
      Equation: "PotentialEquation"	RelError: 1.20155e-15	AbsError: 1.22040e-16
Charge Relative Error 7.18266e-09
number of equations 5085
Iteration: 0
  Device: "BenchmarkDiode"	RelError: 1.32967e-13	AbsError: 2.55499e+01
    Region: "SiRegion"	RelError: 1.32967e-13	AbsError: 2.55499e+01
      Equation: "ElectronContinuityEquation"	RelError: 2.33605e-15	AbsError: 7.99786e+00
      Equation: "HoleContinuityEquation"	RelError: 1.26396e-13	AbsError: 1.75521e+01
      Equation: "PotentialEquation"	RelError: 4.23455e-15	AbsError: 1.21986e-16
Charge Relative Error 7.18266e-09
number of equations 5085
Iteration: 0
  Device: "BenchmarkDiode"	RelError: 1.16403e-14	AbsError: 2.13680e+01
    Region: "SiRegion"	RelError: 1.16403e-14	AbsError: 2.13680e+01
      Equation: "ElectronContinuityEquation"	RelError: 2.08527e-15	AbsError: 7.99683e+00
      Equation: "HoleContinuityEquation"	RelError: 3.90545e-15	AbsError: 1.33712e+01
      Equation: "PotentialEquation"	RelError: 5.64958e-15	AbsError: 1.21578e-16
Charge Relative Error 7.18266e-09
number of equations 5085
Iteration: 0
  Device: "BenchmarkDiode"	RelError: 6.92234e-15	AbsError: 2.55507e+01
    Region: "SiRegion"	RelError: 6.92234e-15	AbsError: 2.55507e+01
      Equation: "ElectronContinuityEquation"	RelError: 2.52205e-15	AbsError: 7.99671e+00
      Equation: "HoleContinuityEquation"	RelError: 2.31844e-15	AbsError: 1.75540e+01
      Equation: "PotentialEquation"	RelError: 2.08184e-15	AbsError: 1.21502e-16
Charge Relative Error 7.18266e-09
number of equations 5085
Iteration: 0
  Device: "BenchmarkDiode"	RelError: 9.03686e-15	AbsError: 2.13997e+01
    Region: "SiRegion"	RelError: 9.03686e-15	AbsError: 2.13997e+01
      Equation: "ElectronContinuityEquation"	RelError: 3.04359e-15	AbsError: 7.99714e+00
      Equation: "HoleContinuityEquation"	RelError: 2.90757e-15	AbsError: 1.34026e+01
      Equation: "PotentialEquation"	RelError: 3.08571e-15	AbsError: 1.22227e-16
Charge Relative Error 7.18266e-09
number of equations 5085
Iteration: 0
  Device: "BenchmarkDiode"	RelError: 1.18033e-14	AbsError: 2.55543e+01
    Region: "SiRegion"	RelError: 1.18033e-14	AbsError: 2.55543e+01
      Equation: "ElectronContinuityEquation"	RelError: 2.28543e-15	AbsError: 7.99775e+00
      Equation: "HoleContinuityEquation"	RelError: 2.01021e-15	AbsError: 1.75565e+01
      Equation: "PotentialEquation"	RelError: 7.50766e-15	AbsError: 1.21933e-16
Charge Relative Error 7.18266e-09
number of equations 5085
Iteration: 0
  Device: "BenchmarkDiode"	RelError: 9.83857e-15	AbsError: 2.13626e+01
    Region: "SiRegion"	RelError: 9.83857e-15	AbsError: 2.13626e+01
      Equation: "ElectronContinuityEquation"	RelError: 2.08644e-15	AbsError: 7.99670e+00
      Equation: "HoleContinuityEquation"	RelError: 1.84905e-15	AbsError: 1.33659e+01
      Equation: "PotentialEquation"	RelError: 5.90308e-15	AbsError: 1.22147e-16
Charge Relative Error 7.18266e-09
number of equations 5085
Iteration: 0
  Device: "BenchmarkDiode"	RelError: 6.65227e-15	AbsError: 2.55574e+01
    Region: "SiRegion"	RelError: 6.65227e-15	AbsError: 2.55574e+01
      Equation: "ElectronContinuityEquation"	RelError: 2.36560e-15	AbsError: 7.99674e+00
      Equation: "HoleContinuityEquation"	RelError: 2.99169e-15	AbsError: 1.75607e+01
      Equation: "PotentialEquation"	RelError: 1.29498e-15	AbsError: 1.21202e-16
Charge Relative Error 7.18266e-09
number of equations 5085
Iteration: 0
  Device: "BenchmarkDiode"	RelError: 8.82504e-15	AbsError: 2.13944e+01
    Region: "SiRegion"	RelError: 8.82504e-15	AbsError: 2.13944e+01
      Equation: "ElectronContinuityEquation"	RelError: 2.42864e-15	AbsError: 7.99712e+00
      Equation: "HoleContinuityEquation"	RelError: 4.33909e-15	AbsError: 1.33973e+01
      Equation: "PotentialEquation"	RelError: 2.05731e-15	AbsError: 1.22793e-16
Charge Relative Error 7.18266e-09
number of equations 5085
Iteration: 0
  Device: "BenchmarkDiode"	RelError: 1.01516e-14	AbsError: 2.55478e+01
    Region: "SiRegion"	RelError: 1.01516e-14	AbsError: 2.55478e+01
      Equation: "ElectronContinuityEquation"	RelError: 1.84902e-15	AbsError: 7.99775e+00
      Equation: "HoleContinuityEquation"	RelError: 2.02250e-15	AbsError: 1.75501e+01
      Equation: "PotentialEquation"	RelError: 6.28006e-15	AbsError: 1.21871e-16
Charge Relative Error 7.18266e-09
number of equations 5085
Iteration: 0
  Device: "BenchmarkDiode"	RelError: 9.32214e-15	AbsError: 2.13658e+01
    Region: "SiRegion"	RelError: 9.32214e-15	AbsError: 2.13658e+01
      Equation: "ElectronContinuityEquation"	RelError: 2.22240e-15	AbsError: 7.99685e+00
      Equation: "HoleContinuityEquation"	RelError: 2.06873e-15	AbsError: 1.33689e+01
      Equation: "PotentialEquation"	RelError: 5.03101e-15	AbsError: 1.21452e-16
Charge Relative Error 7.18266e-09
number of equations 5085
Iteration: 0
  Device: "BenchmarkDiode"	RelError: 6.18666e-15	AbsError: 2.55559e+01
    Region: "SiRegion"	RelError: 6.18666e-15	AbsError: 2.55559e+01
      Equation: "ElectronContinuityEquation"	RelError: 2.64863e-15	AbsError: 7.99682e+00
      Equation: "HoleContinuityEquation"	RelError: 3.20977e-15	AbsError: 1.75591e+01
      Equation: "PotentialEquation"	RelError: 3.28265e-16	AbsError: 1.21115e-16
Charge Relative Error 7.18266e-09
number of equations 5085
Iteration: 0
  Device: "BenchmarkDiode"	RelError: 9.46846e-15	AbsError: 2.13985e+01
    Region: "SiRegion"	RelError: 9.46846e-15	AbsError: 2.13985e+01
      Equation: "ElectronContinuityEquation"	RelError: 3.11789e-15	AbsError: 7.99708e+00
      Equation: "HoleContinuityEquation"	RelError: 3.69739e-15	AbsError: 1.34014e+01
      Equation: "PotentialEquation"	RelError: 2.65319e-15	AbsError: 1.22163e-16
Charge Relative Error 7.18266e-09
number of equations 5085
Iteration: 0
  Device: "BenchmarkDiode"	RelError: 1.55031e-14	AbsError: 2.55502e+01
    Region: "SiRegion"	RelError: 1.55031e-14	AbsError: 2.55502e+01
      Equation: "ElectronContinuityEquation"	RelError: 2.89107e-15	AbsError: 7.99787e+00
      Equation: "HoleContinuityEquation"	RelError: 2.83074e-15	AbsError: 1.75523e+01
      Equation: "PotentialEquation"	RelError: 9.78127e-15	AbsError: 1.21968e-16
Charge Relative Error 7.18266e-09
number of equations 5085
Iteration: 0
  Device: "BenchmarkDiode"	RelError: 1.35156e-14	AbsError: 2.13671e+01
    Region: "SiRegion"	RelError: 1.35156e-14	AbsError: 2.13671e+01
      Equation: "ElectronContinuityEquation"	RelError: 2.65254e-15	AbsError: 7.99683e+00
      Equation: "HoleContinuityEquation"	RelError: 2.13698e-15	AbsError: 1.33702e+01
      Equation: "PotentialEquation"	RelError: 8.72606e-15	AbsError: 1.21524e-16
Charge Relative Error 7.18266e-09
number of equations 5085
Iteration: 0
  Device: "BenchmarkDiode"	RelError: 7.01677e-15	AbsError: 2.55514e+01
    Region: "SiRegion"	RelError: 7.01677e-15	AbsError: 2.55514e+01
      Equation: "ElectronContinuityEquation"	RelError: 2.58933e-15	AbsError: 7.99669e+00
      Equation: "HoleContinuityEquation"	RelError: 2.50851e-15	AbsError: 1.75547e+01
      Equation: "PotentialEquation"	RelError: 1.91893e-15	AbsError: 1.21547e-16
Charge Relative Error 7.18266e-09
number of equations 5085
Iteration: 0
  Device: "BenchmarkDiode"	RelError: 7.46212e-15	AbsError: 2.13980e+01
    Region: "SiRegion"	RelError: 7.46212e-15	AbsError: 2.13980e+01
      Equation: "ElectronContinuityEquation"	RelError: 3.29586e-15	AbsError: 7.99719e+00
      Equation: "HoleContinuityEquation"	RelError: 3.18239e-15	AbsError: 1.34008e+01
      Equation: "PotentialEquation"	RelError: 9.83872e-16	AbsError: 1.22135e-16
Charge Relative Error 7.18266e-09
number of equations 5085
Iteration: 0
  Device: "BenchmarkDiode"	RelError: 1.11262e-14	AbsError: 2.55502e+01
    Region: "SiRegion"	RelError: 1.11262e-14	AbsError: 2.55502e+01
      Equation: "ElectronContinuityEquation"	RelError: 2.65975e-15	AbsError: 7.99787e+00
      Equation: "HoleContinuityEquation"	RelError: 2.80354e-15	AbsError: 1.75523e+01
      Equation: "PotentialEquation"	RelError: 5.66287e-15	AbsError: 1.21971e-16
Charge Relative Error 7.18266e-09
number of equations 5085
Iteration: 0
  Device: "BenchmarkDiode"	RelError: 1.19963e-14	AbsError: 2.13682e+01
    Region: "SiRegion"	RelError: 1.19963e-14	AbsError: 2.13682e+01
      Equation: "ElectronContinuityEquation"	RelError: 2.56096e-15	AbsError: 7.99683e+00
      Equation: "HoleContinuityEquation"	RelError: 2.49542e-15	AbsError: 1.33714e+01
      Equation: "PotentialEquation"	RelError: 6.93989e-15	AbsError: 1.21588e-16
Charge Relative Error 7.18266e-09
number of equations 5085
Iteration: 0
  Device: "BenchmarkDiode"	RelError: 7.02468e-15	AbsError: 2.55506e+01
    Region: "SiRegion"	RelError: 7.02468e-15	AbsError: 2.55506e+01
      Equation: "ElectronContinuityEquation"	RelError: 2.12288e-15	AbsError: 7.99671e+00
      Equation: "HoleContinuityEquation"	RelError: 2.45098e-15	AbsError: 1.75539e+01
      Equation: "PotentialEquation"	RelError: 2.45082e-15	AbsError: 1.21492e-16
Charge Relative Error 7.18266e-09
number of equations 5085
Iteration: 0
  Device: "BenchmarkDiode"	RelError: 6.82115e-15	AbsError: 2.14000e+01
    Region: "SiRegion"	RelError: 6.82115e-15	AbsError: 2.14000e+01
      Equation: "ElectronContinuityEquation"	RelError: 2.62202e-15	AbsError: 7.99713e+00
      Equation: "HoleContinuityEquation"	RelError: 2.13534e-15	AbsError: 1.34029e+01
      Equation: "PotentialEquation"	RelError: 2.06379e-15	AbsError: 1.22245e-16
Charge Relative Error 7.18266e-09
number of equations 5085
Iteration: 0
  Device: "BenchmarkDiode"	RelError: 1.06918e-14	AbsError: 2.55525e+01
    Region: "SiRegion"	RelError: 1.06918e-14	AbsError: 2.55525e+01
      Equation: "ElectronContinuityEquation"	RelError: 2.71743e-15	AbsError: 7.99775e+00
      Equation: "HoleContinuityEquation"	RelError: 2.02011e-15	AbsError: 1.75547e+01
      Equation: "PotentialEquation"	RelError: 5.95424e-15	AbsError: 1.21805e-16
Charge Relative Error 7.18266e-09
number of equations 5085
Iteration: 0
  Device: "BenchmarkDiode"	RelError: 1.07711e-14	AbsError: 2.13662e+01
    Region: "SiRegion"	RelError: 1.07711e-14	AbsError: 2.13662e+01
      Equation: "ElectronContinuityEquation"	RelError: 2.25649e-15	AbsError: 7.99671e+00
      Equation: "HoleContinuityEquation"	RelError: 2.30043e-15	AbsError: 1.33695e+01
      Equation: "PotentialEquation"	RelError: 6.21416e-15	AbsError: 1.21526e-16
Charge Relative Error 7.18266e-09
number of equations 5085
Iteration: 0
  Device: "BenchmarkDiode"	RelError: 6.20328e-15	AbsError: 2.55469e+01
    Region: "SiRegion"	RelError: 6.20328e-15	AbsError: 2.55469e+01
      Equation: "ElectronContinuityEquation"	RelError: 2.08364e-15	AbsError: 7.99675e+00
      Equation: "HoleContinuityEquation"	RelError: 2.28241e-15	AbsError: 1.75501e+01
      Equation: "PotentialEquation"	RelError: 1.83723e-15	AbsError: 1.21185e-16
Charge Relative Error 7.18266e-09
number of equations 5085
Iteration: 0
  Device: "BenchmarkDiode"	RelError: 7.13761e-15	AbsError: 2.13997e+01
    Region: "SiRegion"	RelError: 7.13761e-15	AbsError: 2.13997e+01
      Equation: "ElectronContinuityEquation"	RelError: 2.36009e-15	AbsError: 7.99716e+00
      Equation: "HoleContinuityEquation"	RelError: 3.22266e-15	AbsError: 1.34025e+01
      Equation: "PotentialEquation"	RelError: 1.55486e-15	AbsError: 1.22228e-16
Charge Relative Error 7.18266e-09
number of equations 5085
Iteration: 0
  Device: "BenchmarkDiode"	RelError: 1.06829e-14	AbsError: 2.55535e+01
    Region: "SiRegion"	RelError: 1.06829e-14	AbsError: 2.55535e+01
      Equation: "ElectronContinuityEquation"	RelError: 1.90169e-15	AbsError: 7.99784e+00
      Equation: "HoleContinuityEquation"	RelError: 2.20387e-15	AbsError: 1.75556e+01
      Equation: "PotentialEquation"	RelError: 6.57731e-15	AbsError: 1.21926e-16
Charge Relative Error 7.18266e-09
number of equations 5085
Iteration: 0
  Device: "BenchmarkDiode"	RelError: 8.70863e-15	AbsError: 2.13635e+01
    Region: "SiRegion"	RelError: 8.70863e-15	AbsError: 2.13635e+01
      Equation: "ElectronContinuityEquation"	RelError: 1.60356e-15	AbsError: 7.99685e+00
      Equation: "HoleContinuityEquation"	RelError: 1.45578e-15	AbsError: 1.33667e+01
      Equation: "PotentialEquation"	RelError: 5.64929e-15	AbsError: 1.21373e-16
Charge Relative Error 7.18266e-09
number of equations 5085
Iteration: 0
  Device: "BenchmarkDiode"	RelError: 4.80859e-15	AbsError: 2.55578e+01
    Region: "SiRegion"	RelError: 4.80859e-15	AbsError: 2.55578e+01
      Equation: "ElectronContinuityEquation"	RelError: 2.25465e-15	AbsError: 7.99682e+00
      Equation: "HoleContinuityEquation"	RelError: 1.92342e-15	AbsError: 1.75610e+01
      Equation: "PotentialEquation"	RelError: 6.30520e-16	AbsError: 1.21196e-16
Charge Relative Error 7.18266e-09
number of equations 5085
Iteration: 0
  Device: "BenchmarkDiode"	RelError: 7.36779e-15	AbsError: 2.13978e+01
    Region: "SiRegion"	RelError: 7.36779e-15	AbsError: 2.13978e+01
      Equation: "ElectronContinuityEquation"	RelError: 2.40880e-15	AbsError: 7.99708e+00
      Equation: "HoleContinuityEquation"	RelError: 1.99829e-15	AbsError: 1.34007e+01
      Equation: "PotentialEquation"	RelError: 2.96069e-15	AbsError: 1.23041e-16
Charge Relative Error 7.18266e-09
number of equations 5085
Iteration: 0
  Device: "BenchmarkDiode"	RelError: 1.26384e-14	AbsError: 2.55516e+01
    Region: "SiRegion"	RelError: 1.26384e-14	AbsError: 2.55516e+01
      Equation: "ElectronContinuityEquation"	RelError: 1.39862e-15	AbsError: 7.99787e+00
      Equation: "HoleContinuityEquation"	RelError: 9.90958e-16	AbsError: 1.75537e+01
      Equation: "PotentialEquation"	RelError: 1.02489e-14	AbsError: 1.22131e-16
Charge Relative Error 7.18266e-09
number of equations 5085
Iteration: 0
  Device: "BenchmarkDiode"	RelError: 1.18857e-14	AbsError: 2.13652e+01
    Region: "SiRegion"	RelError: 1.18857e-14	AbsError: 2.13652e+01
      Equation: "ElectronContinuityEquation"	RelError: 1.61628e-15	AbsError: 7.99683e+00
      Equation: "HoleContinuityEquation"	RelError: 1.42672e-15	AbsError: 1.33684e+01
      Equation: "PotentialEquation"	RelError: 8.84273e-15	AbsError: 1.22225e-16
Charge Relative Error 7.18266e-09
number of equations 5085
Iteration: 0
  Device: "BenchmarkDiode"	RelError: 6.15469e-15	AbsError: 2.55518e+01
    Region: "SiRegion"	RelError: 6.15469e-15	AbsError: 2.55518e+01
      Equation: "ElectronContinuityEquation"	RelError: 2.38918e-15	AbsError: 7.99669e+00
      Equation: "HoleContinuityEquation"	RelError: 2.51369e-15	AbsError: 1.75551e+01
      Equation: "PotentialEquation"	RelError: 1.25182e-15	AbsError: 1.20984e-16
Charge Relative Error 7.18266e-09
number of equations 5085
Iteration: 0
  Device: "BenchmarkDiode"	RelError: 6.66604e-15	AbsError: 2.13977e+01
    Region: "SiRegion"	RelError: 6.66604e-15	AbsError: 2.13977e+01
      Equation: "ElectronContinuityEquation"	RelError: 2.69797e-15	AbsError: 7.99718e+00
      Equation: "HoleContinuityEquation"	RelError: 2.91114e-15	AbsError: 1.34006e+01
      Equation: "PotentialEquation"	RelError: 1.05692e-15	AbsError: 1.22117e-16
Charge Relative Error 7.18266e-09
number of equations 5085
Iteration: 0
  Device: "BenchmarkDiode"	RelError: 1.19974e-14	AbsError: 2.55475e+01
    Region: "SiRegion"	RelError: 1.19974e-14	AbsError: 2.55475e+01
      Equation: "ElectronContinuityEquation"	RelError: 2.64915e-15	AbsError: 7.99787e+00
      Equation: "HoleContinuityEquation"	RelError: 3.10997e-15	AbsError: 1.75496e+01
      Equation: "PotentialEquation"	RelError: 6.23824e-15	AbsError: 1.21819e-16
Charge Relative Error 7.18266e-09
number of equations 5085
Iteration: 0
  Device: "BenchmarkDiode"	RelError: 1.14066e-14	AbsError: 2.13661e+01
    Region: "SiRegion"	RelError: 1.14066e-14	AbsError: 2.13661e+01
      Equation: "ElectronContinuityEquation"	RelError: 2.22002e-15	AbsError: 7.99683e+00
      Equation: "HoleContinuityEquation"	RelError: 2.73850e-15	AbsError: 1.33693e+01
      Equation: "PotentialEquation"	RelError: 6.44810e-15	AbsError: 1.21473e-16
Charge Relative Error 7.18266e-09
number of equations 5085
Iteration: 0
  Device: "BenchmarkDiode"	RelError: 6.79073e-15	AbsError: 2.55515e+01
    Region: "SiRegion"	RelError: 6.79073e-15	AbsError: 2.55515e+01
      Equation: "ElectronContinuityEquation"	RelError: 2.07638e-15	AbsError: 7.99671e+00
      Equation: "HoleContinuityEquation"	RelError: 2.30795e-15	AbsError: 1.75548e+01
      Equation: "PotentialEquation"	RelError: 2.40639e-15	AbsError: 1.20893e-16
Charge Relative Error 7.18266e-09
recovery_vfixed_tau_1e-07_dt_2e-09_mesh_2e-07: Qrr=4.574e-07 C, Irrm=4.485e+02 A, elapsed=2.41s
p_i
i_n
bot
 (region: SiRegion)
 (contact: top)
 (contact: bot)
number of equations 1695
Iteration: 0
  Device: "BenchmarkDiode"	RelError: 1.00000e+00	AbsError: 1.63902e-01
    Region: "SiRegion"	RelError: 1.00000e+00	AbsError: 1.63902e-01
      Equation: "PotentialEquation"	RelError: 1.00000e+00	AbsError: 1.63902e-01
Iteration: 1
  Device: "BenchmarkDiode"	RelError: 4.97944e-01	AbsError: 1.62430e-01
    Region: "SiRegion"	RelError: 4.97944e-01	AbsError: 1.62430e-01
      Equation: "PotentialEquation"	RelError: 4.97944e-01	AbsError: 1.62430e-01
Iteration: 2
  Device: "BenchmarkDiode"	RelError: 2.39824e+01	AbsError: 1.03408e-01
    Region: "SiRegion"	RelError: 2.39824e+01	AbsError: 1.03408e-01
      Equation: "PotentialEquation"	RelError: 2.39824e+01	AbsError: 1.03408e-01
Iteration: 3
  Device: "BenchmarkDiode"	RelError: 1.53991e+01	AbsError: 5.73651e-02
    Region: "SiRegion"	RelError: 1.53991e+01	AbsError: 5.73651e-02
      Equation: "PotentialEquation"	RelError: 1.53991e+01	AbsError: 5.73651e-02
Iteration: 4
  Device: "BenchmarkDiode"	RelError: 5.98642e+00	AbsError: 5.01960e-02
    Region: "SiRegion"	RelError: 5.98642e+00	AbsError: 5.01960e-02
      Equation: "PotentialEquation"	RelError: 5.98642e+00	AbsError: 5.01960e-02
Iteration: 5
  Device: "BenchmarkDiode"	RelError: 2.30820e+00	AbsError: 4.17220e-02
    Region: "SiRegion"	RelError: 2.30820e+00	AbsError: 4.17220e-02
      Equation: "PotentialEquation"	RelError: 2.30820e+00	AbsError: 4.17220e-02
Iteration: 6
  Device: "BenchmarkDiode"	RelError: 1.27440e+00	AbsError: 3.16681e-02
    Region: "SiRegion"	RelError: 1.27440e+00	AbsError: 3.16681e-02
      Equation: "PotentialEquation"	RelError: 1.27440e+00	AbsError: 3.16681e-02
Iteration: 7
  Device: "BenchmarkDiode"	RelError: 3.45009e-01	AbsError: 2.38740e-02
    Region: "SiRegion"	RelError: 3.45009e-01	AbsError: 2.38740e-02
      Equation: "PotentialEquation"	RelError: 3.45009e-01	AbsError: 2.38740e-02
Iteration: 8
  Device: "BenchmarkDiode"	RelError: 2.46584e-02	AbsError: 1.02888e-02
    Region: "SiRegion"	RelError: 2.46584e-02	AbsError: 1.02888e-02
      Equation: "PotentialEquation"	RelError: 2.46584e-02	AbsError: 1.02888e-02
Iteration: 9
  Device: "BenchmarkDiode"	RelError: 1.38055e-05	AbsError: 5.76038e-06
    Region: "SiRegion"	RelError: 1.38055e-05	AbsError: 5.76038e-06
      Equation: "PotentialEquation"	RelError: 1.38055e-05	AbsError: 5.76038e-06
Iteration: 10
  Device: "BenchmarkDiode"	RelError: 1.83872e-10	AbsError: 7.67209e-11
    Region: "SiRegion"	RelError: 1.83872e-10	AbsError: 7.67209e-11
      Equation: "PotentialEquation"	RelError: 1.83872e-10	AbsError: 7.67209e-11
Iteration: 11
  Device: "BenchmarkDiode"	RelError: 4.22940e-15	AbsError: 3.95529e-17
    Region: "SiRegion"	RelError: 4.22940e-15	AbsError: 3.95529e-17
      Equation: "PotentialEquation"	RelError: 4.22940e-15	AbsError: 3.95529e-17
Warning: Replacing equation with equation of the same name.
Region: SiRegion, Equation: PotentialEquation, Variable: Potential
number of equations 5085
Iteration: 0
  Device: "BenchmarkDiode"	RelError: 1.81124e-13	AbsError: 1.00800e+03
    Region: "SiRegion"	RelError: 1.81124e-13	AbsError: 1.00800e+03
      Equation: "ElectronContinuityEquation"	RelError: 1.00400e-14	AbsError: 4.96000e+02
      Equation: "HoleContinuityEquation"	RelError: 7.70527e-15	AbsError: 5.12000e+02
      Equation: "PotentialEquation"	RelError: 1.63379e-13	AbsError: 1.33092e-16
number of equations 5085
Iteration: 0
  Device: "BenchmarkDiode"	RelError: 5.61605e+02	AbsError: 2.64843e+15
    Region: "SiRegion"	RelError: 5.61605e+02	AbsError: 2.64843e+15
      Equation: "ElectronContinuityEquation"	RelError: 9.68302e-01	AbsError: 1.31751e+15
      Equation: "HoleContinuityEquation"	RelError: 9.68300e-01	AbsError: 1.33092e+15
      Equation: "PotentialEquation"	RelError: 5.59668e+02	AbsError: 8.96718e-02
Iteration: 1
  Device: "BenchmarkDiode"	RelError: 4.20250e+03	AbsError: 1.06011e+15
    Region: "SiRegion"	RelError: 4.20250e+03	AbsError: 1.06011e+15
      Equation: "ElectronContinuityEquation"	RelError: 9.64791e-01	AbsError: 5.15967e+14
      Equation: "HoleContinuityEquation"	RelError: 9.94407e-01	AbsError: 5.44146e+14
      Equation: "PotentialEquation"	RelError: 4.20054e+03	AbsError: 8.66950e-02
Iteration: 2
  Device: "BenchmarkDiode"	RelError: 7.11557e+02	AbsError: 4.74103e+14
    Region: "SiRegion"	RelError: 7.11557e+02	AbsError: 4.74103e+14
      Equation: "ElectronContinuityEquation"	RelError: 9.60128e-01	AbsError: 2.51466e+14
      Equation: "HoleContinuityEquation"	RelError: 9.94173e-01	AbsError: 2.22636e+14
      Equation: "PotentialEquation"	RelError: 7.09603e+02	AbsError: 8.34501e-02
Iteration: 3
  Device: "BenchmarkDiode"	RelError: 1.31574e+02	AbsError: 6.19735e+14
    Region: "SiRegion"	RelError: 1.31574e+02	AbsError: 6.19735e+14
      Equation: "ElectronContinuityEquation"	RelError: 9.54235e-01	AbsError: 3.42192e+14
      Equation: "HoleContinuityEquation"	RelError: 9.90898e-01	AbsError: 2.77543e+14
      Equation: "PotentialEquation"	RelError: 1.29629e+02	AbsError: 7.98885e-02
Iteration: 4
  Device: "BenchmarkDiode"	RelError: 2.91332e+03	AbsError: 1.47446e+15
    Region: "SiRegion"	RelError: 2.91332e+03	AbsError: 1.47446e+15
      Equation: "ElectronContinuityEquation"	RelError: 9.46725e-01	AbsError: 8.58428e+14
      Equation: "HoleContinuityEquation"	RelError: 9.84017e-01	AbsError: 6.16029e+14
      Equation: "PotentialEquation"	RelError: 2.91139e+03	AbsError: 7.59483e-02
Iteration: 5
  Device: "BenchmarkDiode"	RelError: 2.88586e+00	AbsError: 4.52392e+15
    Region: "SiRegion"	RelError: 2.88586e+00	AbsError: 4.52392e+15
      Equation: "ElectronContinuityEquation"	RelError: 9.36877e-01	AbsError: 2.05651e+15
      Equation: "HoleContinuityEquation"	RelError: 9.26125e-01	AbsError: 2.46741e+15
      Equation: "PotentialEquation"	RelError: 1.02285e+00	AbsError: 7.15491e-02
Iteration: 6
  Device: "BenchmarkDiode"	RelError: 2.08252e+00	AbsError: 3.28836e+15
    Region: "SiRegion"	RelError: 2.08252e+00	AbsError: 3.28836e+15
      Equation: "ElectronContinuityEquation"	RelError: 9.23504e-01	AbsError: 2.14820e+15
      Equation: "HoleContinuityEquation"	RelError: 6.71339e-01	AbsError: 1.14015e+15
      Equation: "PotentialEquation"	RelError: 4.87677e-01	AbsError: 6.65854e-02
Iteration: 7
  Device: "BenchmarkDiode"	RelError: 1.83373e+00	AbsError: 6.79781e+15
    Region: "SiRegion"	RelError: 1.83373e+00	AbsError: 6.79781e+15
      Equation: "ElectronContinuityEquation"	RelError: 9.04675e-01	AbsError: 3.94665e+15
      Equation: "HoleContinuityEquation"	RelError: 6.20542e-01	AbsError: 2.85115e+15
      Equation: "PotentialEquation"	RelError: 3.08511e-01	AbsError: 6.09160e-02
Iteration: 8
  Device: "BenchmarkDiode"	RelError: 1.79721e+00	AbsError: 1.27725e+16
    Region: "SiRegion"	RelError: 1.79721e+00	AbsError: 1.27725e+16
      Equation: "ElectronContinuityEquation"	RelError: 8.75311e-01	AbsError: 7.27571e+15
      Equation: "HoleContinuityEquation"	RelError: 7.06052e-01	AbsError: 5.49683e+15
      Equation: "PotentialEquation"	RelError: 2.15851e-01	AbsError: 5.43523e-02
Iteration: 9
  Device: "BenchmarkDiode"	RelError: 1.66460e+00	AbsError: 2.03099e+16
    Region: "SiRegion"	RelError: 1.66460e+00	AbsError: 2.03099e+16
      Equation: "ElectronContinuityEquation"	RelError: 8.22992e-01	AbsError: 1.15898e+16
      Equation: "HoleContinuityEquation"	RelError: 6.85315e-01	AbsError: 8.72008e+15
      Equation: "PotentialEquation"	RelError: 1.56294e-01	AbsError: 4.66461e-02
Iteration: 10
  Device: "BenchmarkDiode"	RelError: 1.39469e+00	AbsError: 2.14122e+16
    Region: "SiRegion"	RelError: 1.39469e+00	AbsError: 2.14122e+16
      Equation: "ElectronContinuityEquation"	RelError: 7.15565e-01	AbsError: 1.24380e+16
      Equation: "HoleContinuityEquation"	RelError: 5.67495e-01	AbsError: 8.97420e+15
      Equation: "PotentialEquation"	RelError: 1.11634e-01	AbsError: 3.75040e-02
Iteration: 11
  Device: "BenchmarkDiode"	RelError: 9.00426e-01	AbsError: 1.07573e+16
    Region: "SiRegion"	RelError: 9.00426e-01	AbsError: 1.07573e+16
      Equation: "ElectronContinuityEquation"	RelError: 4.87968e-01	AbsError: 6.33484e+15
      Equation: "HoleContinuityEquation"	RelError: 3.38760e-01	AbsError: 4.42246e+15
      Equation: "PotentialEquation"	RelError: 7.36980e-02	AbsError: 2.67290e-02
Iteration: 12
  Device: "BenchmarkDiode"	RelError: 2.96843e-01	AbsError: 1.80272e+15
    Region: "SiRegion"	RelError: 2.96843e-01	AbsError: 1.80272e+15
      Equation: "ElectronContinuityEquation"	RelError: 1.62783e-01	AbsError: 9.28382e+14
      Equation: "HoleContinuityEquation"	RelError: 8.16372e-02	AbsError: 8.74343e+14
      Equation: "PotentialEquation"	RelError: 5.24222e-02	AbsError: 2.00645e-02
Iteration: 13
  Device: "BenchmarkDiode"	RelError: 1.88738e-02	AbsError: 4.70765e+14
    Region: "SiRegion"	RelError: 1.88738e-02	AbsError: 4.70765e+14
      Equation: "ElectronContinuityEquation"	RelError: 1.23425e-02	AbsError: 2.74627e+14
      Equation: "HoleContinuityEquation"	RelError: 6.19646e-03	AbsError: 1.96138e+14
      Equation: "PotentialEquation"	RelError: 3.34818e-04	AbsError: 1.38121e-04
Iteration: 14
  Device: "BenchmarkDiode"	RelError: 2.99414e-05	AbsError: 6.96516e+11
    Region: "SiRegion"	RelError: 2.99414e-05	AbsError: 6.96516e+11
      Equation: "ElectronContinuityEquation"	RelError: 1.77588e-05	AbsError: 3.97523e+11
      Equation: "HoleContinuityEquation"	RelError: 1.08290e-05	AbsError: 2.98993e+11
      Equation: "PotentialEquation"	RelError: 1.35362e-06	AbsError: 5.58406e-07
Iteration: 15
  Device: "BenchmarkDiode"	RelError: 1.70632e-10	AbsError: 3.90951e+06
    Region: "SiRegion"	RelError: 1.70632e-10	AbsError: 3.90951e+06
      Equation: "ElectronContinuityEquation"	RelError: 8.12664e-11	AbsError: 2.06507e+06
      Equation: "HoleContinuityEquation"	RelError: 7.80599e-11	AbsError: 1.84444e+06
      Equation: "PotentialEquation"	RelError: 1.13052e-11	AbsError: 4.66310e-12
Iteration: 16
  Device: "BenchmarkDiode"	RelError: 8.08990e-15	AbsError: 1.61146e+02
    Region: "SiRegion"	RelError: 8.08990e-15	AbsError: 1.61146e+02
      Equation: "ElectronContinuityEquation"	RelError: 2.90423e-15	AbsError: 8.01598e+01
      Equation: "HoleContinuityEquation"	RelError: 5.00161e-15	AbsError: 8.09860e+01
      Equation: "PotentialEquation"	RelError: 1.84058e-16	AbsError: 7.56371e-17
number of equations 5085
Iteration: 0
  Device: "BenchmarkDiode"	RelError: 3.40355e-15	AbsError: 8.25312e+01
    Region: "SiRegion"	RelError: 3.40355e-15	AbsError: 8.25312e+01
      Equation: "ElectronContinuityEquation"	RelError: 1.97004e-15	AbsError: 3.97460e+01
      Equation: "HoleContinuityEquation"	RelError: 1.32878e-15	AbsError: 4.27852e+01
      Equation: "PotentialEquation"	RelError: 1.04725e-16	AbsError: 4.27335e-17
number of equations 5085
Iteration: 0
  Device: "BenchmarkDiode"	RelError: 1.61774e-15	AbsError: 4.97793e+01
    Region: "SiRegion"	RelError: 1.61774e-15	AbsError: 4.97793e+01
      Equation: "ElectronContinuityEquation"	RelError: 7.39329e-16	AbsError: 2.20304e+01
      Equation: "HoleContinuityEquation"	RelError: 7.72310e-16	AbsError: 2.77489e+01
      Equation: "PotentialEquation"	RelError: 1.06099e-16	AbsError: 4.21863e-17
Charge Relative Error 3.20434e-09
number of equations 5085
Iteration: 0
  Device: "BenchmarkDiode"	RelError: 2.44999e-15	AbsError: 4.64112e+01
    Region: "SiRegion"	RelError: 2.44999e-15	AbsError: 4.64112e+01
      Equation: "ElectronContinuityEquation"	RelError: 8.70127e-16	AbsError: 2.01335e+01
      Equation: "HoleContinuityEquation"	RelError: 1.41225e-15	AbsError: 2.62776e+01
      Equation: "PotentialEquation"	RelError: 1.67617e-16	AbsError: 6.65186e-17
Charge Relative Error 3.20434e-09
number of equations 5085
Iteration: 0
  Device: "BenchmarkDiode"	RelError: 3.20766e-15	AbsError: 5.20598e+01
    Region: "SiRegion"	RelError: 3.20766e-15	AbsError: 5.20598e+01
      Equation: "ElectronContinuityEquation"	RelError: 7.12365e-16	AbsError: 3.00884e+01
      Equation: "HoleContinuityEquation"	RelError: 2.26808e-15	AbsError: 2.19714e+01
      Equation: "PotentialEquation"	RelError: 2.27208e-16	AbsError: 8.79734e-17
Charge Relative Error 3.20434e-09
number of equations 5085
Iteration: 0
  Device: "BenchmarkDiode"	RelError: 2.16966e-15	AbsError: 5.66070e+01
    Region: "SiRegion"	RelError: 2.16966e-15	AbsError: 5.66070e+01
      Equation: "ElectronContinuityEquation"	RelError: 9.96583e-16	AbsError: 3.05458e+01
      Equation: "HoleContinuityEquation"	RelError: 1.03936e-15	AbsError: 2.60612e+01
      Equation: "PotentialEquation"	RelError: 1.33717e-16	AbsError: 5.52104e-17
Charge Relative Error 3.20434e-09
number of equations 5085
Iteration: 0
  Device: "BenchmarkDiode"	RelError: 2.66601e-15	AbsError: 6.89231e+01
    Region: "SiRegion"	RelError: 2.66601e-15	AbsError: 6.89231e+01
      Equation: "ElectronContinuityEquation"	RelError: 1.57145e-15	AbsError: 2.82953e+01
      Equation: "HoleContinuityEquation"	RelError: 9.25156e-16	AbsError: 4.06279e+01
      Equation: "PotentialEquation"	RelError: 1.69405e-16	AbsError: 6.99538e-17
Charge Relative Error 3.20434e-09
number of equations 5085
Iteration: 0
  Device: "BenchmarkDiode"	RelError: 2.69987e-15	AbsError: 6.33378e+01
    Region: "SiRegion"	RelError: 2.69987e-15	AbsError: 6.33378e+01
      Equation: "ElectronContinuityEquation"	RelError: 1.08097e-15	AbsError: 2.98359e+01
      Equation: "HoleContinuityEquation"	RelError: 1.48035e-15	AbsError: 3.35020e+01
      Equation: "PotentialEquation"	RelError: 1.38544e-16	AbsError: 5.39597e-17
Charge Relative Error 3.20434e-09
number of equations 5085
Iteration: 0
  Device: "BenchmarkDiode"	RelError: 2.72599e-15	AbsError: 6.82414e+01
    Region: "SiRegion"	RelError: 2.72599e-15	AbsError: 6.82414e+01
      Equation: "ElectronContinuityEquation"	RelError: 1.15849e-15	AbsError: 3.19749e+01
      Equation: "HoleContinuityEquation"	RelError: 1.45482e-15	AbsError: 3.62665e+01
      Equation: "PotentialEquation"	RelError: 1.12683e-16	AbsError: 4.51951e-17
Charge Relative Error 3.20434e-09
number of equations 5085
Iteration: 0
  Device: "BenchmarkDiode"	RelError: 1.93915e-15	AbsError: 5.77812e+01
    Region: "SiRegion"	RelError: 1.93915e-15	AbsError: 5.77812e+01
      Equation: "ElectronContinuityEquation"	RelError: 1.00734e-15	AbsError: 2.15681e+01
      Equation: "HoleContinuityEquation"	RelError: 8.38028e-16	AbsError: 3.62130e+01
      Equation: "PotentialEquation"	RelError: 9.37816e-17	AbsError: 3.85067e-17
Charge Relative Error 3.20434e-09
number of equations 5085
Iteration: 0
  Device: "BenchmarkDiode"	RelError: 2.15301e-15	AbsError: 5.75026e+01
    Region: "SiRegion"	RelError: 2.15301e-15	AbsError: 5.75026e+01
      Equation: "ElectronContinuityEquation"	RelError: 1.12947e-15	AbsError: 2.45234e+01
      Equation: "HoleContinuityEquation"	RelError: 9.09643e-16	AbsError: 3.29792e+01
      Equation: "PotentialEquation"	RelError: 1.13898e-16	AbsError: 4.45462e-17
Charge Relative Error 3.20434e-09
number of equations 5085
Iteration: 0
  Device: "BenchmarkDiode"	RelError: 2.88897e-15	AbsError: 7.44948e+01
    Region: "SiRegion"	RelError: 2.88897e-15	AbsError: 7.44948e+01
      Equation: "ElectronContinuityEquation"	RelError: 1.59448e-15	AbsError: 3.16619e+01
      Equation: "HoleContinuityEquation"	RelError: 1.10005e-15	AbsError: 4.28330e+01
      Equation: "PotentialEquation"	RelError: 1.94443e-16	AbsError: 7.64844e-17
Charge Relative Error 3.20434e-09
number of equations 5085
Iteration: 0
  Device: "BenchmarkDiode"	RelError: 1.99840e+03	AbsError: 2.11768e+17
    Region: "SiRegion"	RelError: 1.99840e+03	AbsError: 2.11768e+17
      Equation: "ElectronContinuityEquation"	RelError: 9.99000e+02	AbsError: 1.05883e+17
      Equation: "HoleContinuityEquation"	RelError: 9.99000e+02	AbsError: 1.05886e+17
      Equation: "PotentialEquation"	RelError: 4.04434e-01	AbsError: 1.10220e-01
Iteration: 1
  Device: "BenchmarkDiode"	RelError: 2.66178e+00	AbsError: 2.24458e+17
    Region: "SiRegion"	RelError: 2.66178e+00	AbsError: 2.24458e+17
      Equation: "ElectronContinuityEquation"	RelError: 9.99256e-01	AbsError: 1.40562e+17
      Equation: "HoleContinuityEquation"	RelError: 9.98750e-01	AbsError: 8.38961e+16
      Equation: "PotentialEquation"	RelError: 6.63774e-01	AbsError: 1.36334e-01
Iteration: 2
  Device: "BenchmarkDiode"	RelError: 1.99988e+03	AbsError: 1.29329e+17
    Region: "SiRegion"	RelError: 1.99988e+03	AbsError: 1.29329e+17
      Equation: "ElectronContinuityEquation"	RelError: 9.99000e+02	AbsError: 6.25037e+16
      Equation: "HoleContinuityEquation"	RelError: 9.99000e+02	AbsError: 6.68253e+16
      Equation: "PotentialEquation"	RelError: 1.87543e+00	AbsError: 1.06913e-01
Iteration: 3
  Device: "BenchmarkDiode"	RelError: 3.75651e+02	AbsError: 1.47773e+17
    Region: "SiRegion"	RelError: 3.75651e+02	AbsError: 1.47773e+17
      Equation: "ElectronContinuityEquation"	RelError: 9.98826e-01	AbsError: 3.11997e+16
      Equation: "HoleContinuityEquation"	RelError: 9.99412e-01	AbsError: 1.16573e+17
      Equation: "PotentialEquation"	RelError: 3.73653e+02	AbsError: 1.27522e-01
Iteration: 4
  Device: "BenchmarkDiode"	RelError: 2.01883e+03	AbsError: 1.06878e+17
    Region: "SiRegion"	RelError: 2.01883e+03	AbsError: 1.06878e+17
      Equation: "ElectronContinuityEquation"	RelError: 9.99000e+02	AbsError: 1.46074e+16
      Equation: "HoleContinuityEquation"	RelError: 9.99000e+02	AbsError: 9.22703e+16
      Equation: "PotentialEquation"	RelError: 2.08329e+01	AbsError: 1.03412e-01
Iteration: 5
  Device: "BenchmarkDiode"	RelError: 2.69046e+02	AbsError: 7.06394e+16
    Region: "SiRegion"	RelError: 2.69046e+02	AbsError: 7.06394e+16
      Equation: "ElectronContinuityEquation"	RelError: 9.99584e-01	AbsError: 5.34255e+16
      Equation: "HoleContinuityEquation"	RelError: 9.99066e-01	AbsError: 1.72139e+16
      Equation: "PotentialEquation"	RelError: 2.67047e+02	AbsError: 1.07014e-01
Iteration: 6
  Device: "BenchmarkDiode"	RelError: 4.66589e+03	AbsError: 6.61586e+16
    Region: "SiRegion"	RelError: 4.66589e+03	AbsError: 6.61586e+16
      Equation: "ElectronContinuityEquation"	RelError: 9.99000e+02	AbsError: 4.96724e+16
      Equation: "HoleContinuityEquation"	RelError: 9.99000e+02	AbsError: 1.64862e+16
      Equation: "PotentialEquation"	RelError: 2.66789e+03	AbsError: 9.93149e-02
Iteration: 7
  Device: "BenchmarkDiode"	RelError: 6.89442e+01	AbsError: 3.43117e+16
    Region: "SiRegion"	RelError: 6.89442e+01	AbsError: 3.43117e+16
      Equation: "ElectronContinuityEquation"	RelError: 9.99172e-01	AbsError: 1.63573e+16
      Equation: "HoleContinuityEquation"	RelError: 9.99553e-01	AbsError: 1.79544e+16
      Equation: "PotentialEquation"	RelError: 6.69454e+01	AbsError: 9.81533e-02
Iteration: 8
  Device: "BenchmarkDiode"	RelError: 2.29480e+03	AbsError: 1.47320e+16
    Region: "SiRegion"	RelError: 2.29480e+03	AbsError: 1.47320e+16
      Equation: "ElectronContinuityEquation"	RelError: 9.99000e+02	AbsError: 8.35234e+15
      Equation: "HoleContinuityEquation"	RelError: 9.99000e+02	AbsError: 6.37971e+15
      Equation: "PotentialEquation"	RelError: 2.96802e+02	AbsError: 9.53990e-02
Iteration: 9
  Device: "BenchmarkDiode"	RelError: 1.52960e+02	AbsError: 1.92648e+16
    Region: "SiRegion"	RelError: 1.52960e+02	AbsError: 1.92648e+16
      Equation: "ElectronContinuityEquation"	RelError: 9.99268e-01	AbsError: 1.19512e+16
      Equation: "HoleContinuityEquation"	RelError: 5.96534e+01	AbsError: 7.31356e+15
      Equation: "PotentialEquation"	RelError: 9.23069e+01	AbsError: 9.22437e-02
Iteration: 10
  Device: "BenchmarkDiode"	RelError: 1.95873e+05	AbsError: 1.80217e+16
    Region: "SiRegion"	RelError: 1.95873e+05	AbsError: 1.80217e+16
      Equation: "ElectronContinuityEquation"	RelError: 1.38631e+03	AbsError: 9.88269e+15
      Equation: "HoleContinuityEquation"	RelError: 1.94410e+05	AbsError: 8.13897e+15
      Equation: "PotentialEquation"	RelError: 7.69402e+01	AbsError: 9.04072e-02
Iteration: 11
  Device: "BenchmarkDiode"	RelError: 7.65016e+02	AbsError: 8.39813e+15
    Region: "SiRegion"	RelError: 7.65016e+02	AbsError: 8.39813e+15
      Equation: "ElectronContinuityEquation"	RelError: 9.99036e-01	AbsError: 4.89656e+15
      Equation: "HoleContinuityEquation"	RelError: 5.05477e+02	AbsError: 3.50156e+15
      Equation: "PotentialEquation"	RelError: 2.58539e+02	AbsError: 8.77472e-02
Iteration: 12
  Device: "BenchmarkDiode"	RelError: 1.11857e+04	AbsError: 5.73790e+15
    Region: "SiRegion"	RelError: 1.11857e+04	AbsError: 5.73790e+15
      Equation: "ElectronContinuityEquation"	RelError: 9.83684e+03	AbsError: 2.78652e+15
      Equation: "HoleContinuityEquation"	RelError: 9.99000e+02	AbsError: 2.95138e+15
      Equation: "PotentialEquation"	RelError: 3.49906e+02	AbsError: 8.40130e-02
Iteration: 13
  Device: "BenchmarkDiode"	RelError: 1.67452e+03	AbsError: 4.52866e+15
    Region: "SiRegion"	RelError: 1.67452e+03	AbsError: 4.52866e+15
      Equation: "ElectronContinuityEquation"	RelError: 9.99774e-01	AbsError: 1.32105e+15
      Equation: "HoleContinuityEquation"	RelError: 4.68256e+00	AbsError: 3.20761e+15
      Equation: "PotentialEquation"	RelError: 1.66884e+03	AbsError: 8.13266e-02
Iteration: 14
  Device: "BenchmarkDiode"	RelError: 1.07789e+03	AbsError: 3.10139e+15
    Region: "SiRegion"	RelError: 1.07789e+03	AbsError: 3.10139e+15
      Equation: "ElectronContinuityEquation"	RelError: 9.99000e+02	AbsError: 1.01302e+15
      Equation: "HoleContinuityEquation"	RelError: 1.02667e+00	AbsError: 2.08837e+15
      Equation: "PotentialEquation"	RelError: 7.78673e+01	AbsError: 7.69153e-02
Iteration: 15
  Device: "BenchmarkDiode"	RelError: 5.35490e+01	AbsError: 1.92585e+15
    Region: "SiRegion"	RelError: 5.35490e+01	AbsError: 1.92585e+15
      Equation: "ElectronContinuityEquation"	RelError: 9.98907e-01	AbsError: 5.87535e+14
      Equation: "HoleContinuityEquation"	RelError: 9.85110e-01	AbsError: 1.33831e+15
      Equation: "PotentialEquation"	RelError: 5.15650e+01	AbsError: 7.31053e-02
Iteration: 16
  Device: "BenchmarkDiode"	RelError: 1.18133e+02	AbsError: 7.51843e+14
    Region: "SiRegion"	RelError: 1.18133e+02	AbsError: 7.51843e+14
      Equation: "ElectronContinuityEquation"	RelError: 5.37067e+00	AbsError: 2.72388e+14
      Equation: "HoleContinuityEquation"	RelError: 3.28457e-01	AbsError: 4.79455e+14
      Equation: "PotentialEquation"	RelError: 1.12434e+02	AbsError: 6.81413e-02
Iteration: 17
  Device: "BenchmarkDiode"	RelError: 1.80653e+01	AbsError: 2.36426e+14
    Region: "SiRegion"	RelError: 1.80653e+01	AbsError: 2.36426e+14
      Equation: "ElectronContinuityEquation"	RelError: 7.91199e-01	AbsError: 8.89985e+13
      Equation: "HoleContinuityEquation"	RelError: 1.69403e-01	AbsError: 1.47427e+14
      Equation: "PotentialEquation"	RelError: 1.71046e+01	AbsError: 6.27364e-02
Iteration: 18
  Device: "BenchmarkDiode"	RelError: 9.80240e-01	AbsError: 1.01442e+14
    Region: "SiRegion"	RelError: 9.80240e-01	AbsError: 1.01442e+14
      Equation: "ElectronContinuityEquation"	RelError: 8.10071e-01	AbsError: 2.51538e+13
      Equation: "HoleContinuityEquation"	RelError: 9.51841e-02	AbsError: 7.62883e+13
      Equation: "PotentialEquation"	RelError: 7.49851e-02	AbsError: 5.64922e-02
Iteration: 19
  Device: "BenchmarkDiode"	RelError: 9.60753e-01	AbsError: 4.12060e+13
    Region: "SiRegion"	RelError: 9.60753e-01	AbsError: 4.12060e+13
      Equation: "ElectronContinuityEquation"	RelError: 2.68516e-01	AbsError: 1.06544e+13
      Equation: "HoleContinuityEquation"	RelError: 3.65734e-02	AbsError: 3.05516e+13
      Equation: "PotentialEquation"	RelError: 6.55664e-01	AbsError: 4.91467e-02
Iteration: 20
  Device: "BenchmarkDiode"	RelError: 4.22080e-01	AbsError: 1.24756e+13
    Region: "SiRegion"	RelError: 4.22080e-01	AbsError: 1.24756e+13
      Equation: "ElectronContinuityEquation"	RelError: 1.05375e-01	AbsError: 3.57983e+12
      Equation: "HoleContinuityEquation"	RelError: 1.07173e-02	AbsError: 8.89574e+12
      Equation: "PotentialEquation"	RelError: 3.05987e-01	AbsError: 4.04848e-02
Iteration: 21
  Device: "BenchmarkDiode"	RelError: 8.67807e-02	AbsError: 2.82796e+12
    Region: "SiRegion"	RelError: 8.67807e-02	AbsError: 2.82796e+12
      Equation: "ElectronContinuityEquation"	RelError: 2.70856e-02	AbsError: 9.00653e+11
      Equation: "HoleContinuityEquation"	RelError: 2.29297e-03	AbsError: 1.92731e+12
      Equation: "PotentialEquation"	RelError: 5.74021e-02	AbsError: 3.02090e-02
Iteration: 22
  Device: "BenchmarkDiode"	RelError: 2.65529e-02	AbsError: 7.72755e+11
    Region: "SiRegion"	RelError: 2.65529e-02	AbsError: 7.72755e+11
      Equation: "ElectronContinuityEquation"	RelError: 4.92567e-03	AbsError: 1.56025e+11
      Equation: "HoleContinuityEquation"	RelError: 7.34279e-04	AbsError: 6.16730e+11
      Equation: "PotentialEquation"	RelError: 2.08929e-02	AbsError: 2.57079e-02
Iteration: 23
  Device: "BenchmarkDiode"	RelError: 7.51812e-03	AbsError: 3.04423e+11
    Region: "SiRegion"	RelError: 7.51812e-03	AbsError: 3.04423e+11
      Equation: "ElectronContinuityEquation"	RelError: 5.10706e-04	AbsError: 1.54018e+10
      Equation: "HoleContinuityEquation"	RelError: 2.26768e-04	AbsError: 2.89021e+11
      Equation: "PotentialEquation"	RelError: 6.78065e-03	AbsError: 8.52322e-03
Iteration: 24
  Device: "BenchmarkDiode"	RelError: 1.64777e-03	AbsError: 4.74868e+11
    Region: "SiRegion"	RelError: 1.64777e-03	AbsError: 4.74868e+11
      Equation: "ElectronContinuityEquation"	RelError: 1.55577e-04	AbsError: 4.30605e+09
      Equation: "HoleContinuityEquation"	RelError: 3.69070e-04	AbsError: 4.70562e+11
      Equation: "PotentialEquation"	RelError: 1.12312e-03	AbsError: 1.16935e-06
Iteration: 25
  Device: "BenchmarkDiode"	RelError: 4.88281e-09	AbsError: 1.03044e+06
    Region: "SiRegion"	RelError: 4.88281e-09	AbsError: 1.03044e+06
      Equation: "ElectronContinuityEquation"	RelError: 5.40868e-10	AbsError: 1.36748e+04
      Equation: "HoleContinuityEquation"	RelError: 1.01979e-09	AbsError: 1.01677e+06
      Equation: "PotentialEquation"	RelError: 3.32216e-09	AbsError: 3.40670e-12
Iteration: 26
  Device: "BenchmarkDiode"	RelError: 2.86256e-14	AbsError: 6.96568e+01
    Region: "SiRegion"	RelError: 2.86256e-14	AbsError: 6.96568e+01
      Equation: "ElectronContinuityEquation"	RelError: 1.16284e-15	AbsError: 3.77972e+01
      Equation: "HoleContinuityEquation"	RelError: 2.12204e-15	AbsError: 3.18596e+01
      Equation: "PotentialEquation"	RelError: 2.53407e-14	AbsError: 1.16828e-16
Charge Relative Error 9.98676e-01
number of equations 5085
Iteration: 0
  Device: "BenchmarkDiode"	RelError: 5.59247e+03	AbsError: 8.14711e+15
    Region: "SiRegion"	RelError: 5.59247e+03	AbsError: 8.14711e+15
      Equation: "ElectronContinuityEquation"	RelError: 9.99000e+02	AbsError: 1.05678e+15
      Equation: "HoleContinuityEquation"	RelError: 4.29502e+03	AbsError: 7.09034e+15
      Equation: "PotentialEquation"	RelError: 2.98447e+02	AbsError: 6.18528e-02
Iteration: 1
  Device: "BenchmarkDiode"	RelError: 5.67605e+01	AbsError: 1.43448e+15
    Region: "SiRegion"	RelError: 5.67605e+01	AbsError: 1.43448e+15
      Equation: "ElectronContinuityEquation"	RelError: 8.82361e+00	AbsError: 1.58276e+14
      Equation: "HoleContinuityEquation"	RelError: 2.25414e+00	AbsError: 1.27620e+15
      Equation: "PotentialEquation"	RelError: 4.56828e+01	AbsError: 5.90494e-02
Iteration: 2
  Device: "BenchmarkDiode"	RelError: 2.69844e+01	AbsError: 3.97304e+14
    Region: "SiRegion"	RelError: 2.69844e+01	AbsError: 3.97304e+14
      Equation: "ElectronContinuityEquation"	RelError: 5.84084e+00	AbsError: 5.47786e+13
      Equation: "HoleContinuityEquation"	RelError: 1.35938e+00	AbsError: 3.42526e+14
      Equation: "PotentialEquation"	RelError: 1.97841e+01	AbsError: 5.31590e-02
Iteration: 3
  Device: "BenchmarkDiode"	RelError: 6.88413e+00	AbsError: 7.68620e+13
    Region: "SiRegion"	RelError: 6.88413e+00	AbsError: 7.68620e+13
      Equation: "ElectronContinuityEquation"	RelError: 6.35038e+00	AbsError: 2.47785e+12
      Equation: "HoleContinuityEquation"	RelError: 3.79828e-01	AbsError: 7.43841e+13
      Equation: "PotentialEquation"	RelError: 1.53922e-01	AbsError: 4.54124e-02
Iteration: 4
  Device: "BenchmarkDiode"	RelError: 4.00715e+00	AbsError: 1.25967e+13
    Region: "SiRegion"	RelError: 4.00715e+00	AbsError: 1.25967e+13
      Equation: "ElectronContinuityEquation"	RelError: 3.45153e+00	AbsError: 3.83903e+12
      Equation: "HoleContinuityEquation"	RelError: 1.50685e-01	AbsError: 8.75766e+12
      Equation: "PotentialEquation"	RelError: 4.04935e-01	AbsError: 3.61430e-02
Iteration: 5
  Device: "BenchmarkDiode"	RelError: 9.24608e-01	AbsError: 1.89751e+12
    Region: "SiRegion"	RelError: 9.24608e-01	AbsError: 1.89751e+12
      Equation: "ElectronContinuityEquation"	RelError: 8.18128e-01	AbsError: 1.98473e+11
      Equation: "HoleContinuityEquation"	RelError: 5.06852e-02	AbsError: 1.69904e+12
      Equation: "PotentialEquation"	RelError: 5.57945e-02	AbsError: 2.58530e-02
Iteration: 6
  Device: "BenchmarkDiode"	RelError: 1.12897e-01	AbsError: 2.81422e+11
    Region: "SiRegion"	RelError: 1.12897e-01	AbsError: 2.81422e+11
      Equation: "ElectronContinuityEquation"	RelError: 8.13201e-02	AbsError: 5.48463e+10
      Equation: "HoleContinuityEquation"	RelError: 6.07396e-03	AbsError: 2.26576e+11
      Equation: "PotentialEquation"	RelError: 2.55033e-02	AbsError: 1.74009e-02
Iteration: 7
  Device: "BenchmarkDiode"	RelError: 1.90336e-03	AbsError: 2.23232e+10
    Region: "SiRegion"	RelError: 1.90336e-03	AbsError: 2.23232e+10
      Equation: "ElectronContinuityEquation"	RelError: 1.06718e-03	AbsError: 4.20138e+09
      Equation: "HoleContinuityEquation"	RelError: 4.96202e-04	AbsError: 1.81219e+10
      Equation: "PotentialEquation"	RelError: 3.39974e-04	AbsError: 5.23699e-07
Iteration: 8
  Device: "BenchmarkDiode"	RelError: 6.49818e-10	AbsError: 8.61155e+03
    Region: "SiRegion"	RelError: 6.49818e-10	AbsError: 8.61155e+03
      Equation: "ElectronContinuityEquation"	RelError: 3.58030e-10	AbsError: 1.45188e+03
      Equation: "HoleContinuityEquation"	RelError: 1.98834e-10	AbsError: 7.15968e+03
      Equation: "PotentialEquation"	RelError: 9.29546e-11	AbsError: 1.89247e-13
Iteration: 9
  Device: "BenchmarkDiode"	RelError: 1.16711e-14	AbsError: 6.34055e+01
    Region: "SiRegion"	RelError: 1.16711e-14	AbsError: 6.34055e+01
      Equation: "ElectronContinuityEquation"	RelError: 8.53061e-16	AbsError: 3.49610e+01
      Equation: "HoleContinuityEquation"	RelError: 1.24645e-15	AbsError: 2.84445e+01
      Equation: "PotentialEquation"	RelError: 9.57161e-15	AbsError: 1.41188e-16
Charge Relative Error 1.00000e+00
number of equations 5085
Iteration: 0
  Device: "BenchmarkDiode"	RelError: 3.20037e+04	AbsError: 3.55026e+14
    Region: "SiRegion"	RelError: 3.20037e+04	AbsError: 3.55026e+14
      Equation: "ElectronContinuityEquation"	RelError: 1.98289e+04	AbsError: 5.73444e+13
      Equation: "HoleContinuityEquation"	RelError: 1.21681e+04	AbsError: 2.97681e+14
      Equation: "PotentialEquation"	RelError: 6.70564e+00	AbsError: 1.41545e-02
Iteration: 1
  Device: "BenchmarkDiode"	RelError: 5.14429e+00	AbsError: 4.44006e+12
    Region: "SiRegion"	RelError: 5.14429e+00	AbsError: 4.44006e+12
      Equation: "ElectronContinuityEquation"	RelError: 4.08458e+00	AbsError: 1.00659e+12
      Equation: "HoleContinuityEquation"	RelError: 1.01672e+00	AbsError: 3.43347e+12
      Equation: "PotentialEquation"	RelError: 4.29786e-02	AbsError: 1.13609e-04
Iteration: 2
  Device: "BenchmarkDiode"	RelError: 2.49898e-03	AbsError: 9.12644e+08
    Region: "SiRegion"	RelError: 2.49898e-03	AbsError: 9.12644e+08
      Equation: "ElectronContinuityEquation"	RelError: 2.21850e-03	AbsError: 9.49711e+07
      Equation: "HoleContinuityEquation"	RelError: 2.74146e-04	AbsError: 8.17673e+08
      Equation: "PotentialEquation"	RelError: 6.32989e-06	AbsError: 1.66309e-08
Iteration: 3
  Device: "BenchmarkDiode"	RelError: 2.46637e-10	AbsError: 9.07600e+01
    Region: "SiRegion"	RelError: 2.46637e-10	AbsError: 9.07600e+01
      Equation: "ElectronContinuityEquation"	RelError: 2.30508e-10	AbsError: 4.09496e+01
      Equation: "HoleContinuityEquation"	RelError: 1.59426e-11	AbsError: 4.98104e+01
      Equation: "PotentialEquation"	RelError: 1.85548e-13	AbsError: 6.94508e-16
Iteration: 4
  Device: "BenchmarkDiode"	RelError: 8.85375e-15	AbsError: 4.63719e+01
    Region: "SiRegion"	RelError: 8.85375e-15	AbsError: 4.63719e+01
      Equation: "ElectronContinuityEquation"	RelError: 1.88131e-15	AbsError: 2.22324e+01
      Equation: "HoleContinuityEquation"	RelError: 1.73957e-15	AbsError: 2.41395e+01
      Equation: "PotentialEquation"	RelError: 5.23287e-15	AbsError: 1.36281e-16
Charge Relative Error 1.00000e+00
number of equations 5085
Iteration: 0
  Device: "BenchmarkDiode"	RelError: 2.80058e+02	AbsError: 7.63921e+12
    Region: "SiRegion"	RelError: 2.80058e+02	AbsError: 7.63921e+12
      Equation: "ElectronContinuityEquation"	RelError: 1.81870e+02	AbsError: 1.47412e+12
      Equation: "HoleContinuityEquation"	RelError: 9.80726e+01	AbsError: 6.16509e+12
      Equation: "PotentialEquation"	RelError: 1.15589e-01	AbsError: 2.66717e-04
Iteration: 1
  Device: "BenchmarkDiode"	RelError: 9.98463e-02	AbsError: 1.91580e+09
    Region: "SiRegion"	RelError: 9.98463e-02	AbsError: 1.91580e+09
      Equation: "ElectronContinuityEquation"	RelError: 6.88472e-02	AbsError: 3.69468e+08
      Equation: "HoleContinuityEquation"	RelError: 3.09860e-02	AbsError: 1.54633e+09
      Equation: "PotentialEquation"	RelError: 1.30853e-05	AbsError: 4.70317e-08
Iteration: 2
  Device: "BenchmarkDiode"	RelError: 1.70178e-08	AbsError: 2.07734e+02
    Region: "SiRegion"	RelError: 1.70178e-08	AbsError: 2.07734e+02
      Equation: "ElectronContinuityEquation"	RelError: 1.61811e-08	AbsError: 3.71450e+01
      Equation: "HoleContinuityEquation"	RelError: 8.35222e-10	AbsError: 1.70589e+02
      Equation: "PotentialEquation"	RelError: 1.41615e-12	AbsError: 3.14773e-15
Iteration: 3
  Device: "BenchmarkDiode"	RelError: 1.27223e-14	AbsError: 3.18460e+01
    Region: "SiRegion"	RelError: 1.27223e-14	AbsError: 3.18460e+01
      Equation: "ElectronContinuityEquation"	RelError: 1.07565e-15	AbsError: 1.92297e+01
      Equation: "HoleContinuityEquation"	RelError: 1.21669e-15	AbsError: 1.26163e+01
      Equation: "PotentialEquation"	RelError: 1.04300e-14	AbsError: 1.23654e-16
Charge Relative Error 1.00000e+00
number of equations 5085
Iteration: 0
  Device: "BenchmarkDiode"	RelError: 2.08785e+02	AbsError: 1.19850e+11
    Region: "SiRegion"	RelError: 2.08785e+02	AbsError: 1.19850e+11
      Equation: "ElectronContinuityEquation"	RelError: 1.28045e+02	AbsError: 2.41097e+10
      Equation: "HoleContinuityEquation"	RelError: 8.07374e+01	AbsError: 9.57405e+10
      Equation: "PotentialEquation"	RelError: 1.71236e-03	AbsError: 3.79042e-06
Iteration: 1
  Device: "BenchmarkDiode"	RelError: 6.91706e-03	AbsError: 4.76942e+05
    Region: "SiRegion"	RelError: 6.91706e-03	AbsError: 4.76942e+05
      Equation: "ElectronContinuityEquation"	RelError: 6.62758e-03	AbsError: 1.13363e+05
      Equation: "HoleContinuityEquation"	RelError: 2.89473e-04	AbsError: 3.63580e+05
      Equation: "PotentialEquation"	RelError: 4.43779e-09	AbsError: 9.81142e-12
Iteration: 2
  Device: "BenchmarkDiode"	RelError: 9.62808e-14	AbsError: 6.28313e+01
    Region: "SiRegion"	RelError: 9.62808e-14	AbsError: 6.28313e+01
      Equation: "ElectronContinuityEquation"	RelError: 7.59515e-14	AbsError: 3.00816e+01
      Equation: "HoleContinuityEquation"	RelError: 3.33076e-15	AbsError: 3.27497e+01
      Equation: "PotentialEquation"	RelError: 1.69986e-14	AbsError: 1.20752e-16
Charge Relative Error 1.00000e+00
number of equations 5085
Iteration: 0
  Device: "BenchmarkDiode"	RelError: 1.32866e+02	AbsError: 1.68487e+09
    Region: "SiRegion"	RelError: 1.32866e+02	AbsError: 1.68487e+09
      Equation: "ElectronContinuityEquation"	RelError: 8.13778e+01	AbsError: 3.67038e+08
      Equation: "HoleContinuityEquation"	RelError: 5.14887e+01	AbsError: 1.31784e+09
      Equation: "PotentialEquation"	RelError: 2.44569e-05	AbsError: 5.04168e-08
Iteration: 1
  Device: "BenchmarkDiode"	RelError: 2.87037e-05	AbsError: 1.07403e+02
    Region: "SiRegion"	RelError: 2.87037e-05	AbsError: 1.07403e+02
      Equation: "ElectronContinuityEquation"	RelError: 2.61165e-05	AbsError: 3.94987e+01
      Equation: "HoleContinuityEquation"	RelError: 2.58722e-06	AbsError: 6.79039e+01
      Equation: "PotentialEquation"	RelError: 9.62447e-13	AbsError: 1.82073e-15
Iteration: 2
  Device: "BenchmarkDiode"	RelError: 7.66712e-15	AbsError: 4.21715e+01
    Region: "SiRegion"	RelError: 7.66712e-15	AbsError: 4.21715e+01
      Equation: "ElectronContinuityEquation"	RelError: 1.27881e-15	AbsError: 2.04228e+01
      Equation: "HoleContinuityEquation"	RelError: 2.92007e-15	AbsError: 2.17487e+01
      Equation: "PotentialEquation"	RelError: 3.46824e-15	AbsError: 1.19103e-16
Charge Relative Error 9.99974e-01
number of equations 5085
Iteration: 0
  Device: "BenchmarkDiode"	RelError: 7.00217e+01	AbsError: 2.48837e+07
    Region: "SiRegion"	RelError: 7.00217e+01	AbsError: 2.48837e+07
      Equation: "ElectronContinuityEquation"	RelError: 2.91150e+01	AbsError: 6.24865e+06
      Equation: "HoleContinuityEquation"	RelError: 4.09066e+01	AbsError: 1.86350e+07
      Equation: "PotentialEquation"	RelError: 3.97288e-07	AbsError: 7.41263e-10
Iteration: 1
  Device: "BenchmarkDiode"	RelError: 1.08638e-07	AbsError: 6.50845e+01
    Region: "SiRegion"	RelError: 1.08638e-07	AbsError: 6.50845e+01
      Equation: "ElectronContinuityEquation"	RelError: 6.76761e-08	AbsError: 3.15931e+01
      Equation: "HoleContinuityEquation"	RelError: 4.09617e-08	AbsError: 3.34914e+01
      Equation: "PotentialEquation"	RelError: 2.58463e-14	AbsError: 1.34111e-16
Iteration: 2
  Device: "BenchmarkDiode"	RelError: 1.79101e-14	AbsError: 3.19851e+01
    Region: "SiRegion"	RelError: 1.79101e-14	AbsError: 3.19851e+01
      Equation: "ElectronContinuityEquation"	RelError: 3.13208e-15	AbsError: 1.51252e+01
      Equation: "HoleContinuityEquation"	RelError: 4.05685e-15	AbsError: 1.68600e+01
      Equation: "PotentialEquation"	RelError: 1.07212e-14	AbsError: 1.26537e-16
Charge Relative Error 9.97261e-01
number of equations 5085
Iteration: 0
  Device: "BenchmarkDiode"	RelError: 2.57090e+01	AbsError: 4.30149e+05
    Region: "SiRegion"	RelError: 2.57090e+01	AbsError: 4.30149e+05
      Equation: "ElectronContinuityEquation"	RelError: 5.29904e-01	AbsError: 1.24387e+05
      Equation: "HoleContinuityEquation"	RelError: 2.51791e+01	AbsError: 3.05762e+05
      Equation: "PotentialEquation"	RelError: 7.69146e-09	AbsError: 1.32646e-11
Iteration: 1
  Device: "BenchmarkDiode"	RelError: 5.07124e-10	AbsError: 6.86968e+01
    Region: "SiRegion"	RelError: 5.07124e-10	AbsError: 6.86968e+01
      Equation: "ElectronContinuityEquation"	RelError: 2.05413e-11	AbsError: 3.40015e+01
      Equation: "HoleContinuityEquation"	RelError: 4.86558e-10	AbsError: 3.46952e+01
      Equation: "PotentialEquation"	RelError: 2.44219e-14	AbsError: 1.62493e-16
Iteration: 2
  Device: "BenchmarkDiode"	RelError: 3.44713e-14	AbsError: 4.37512e+01
    Region: "SiRegion"	RelError: 3.44713e-14	AbsError: 4.37512e+01
      Equation: "ElectronContinuityEquation"	RelError: 1.86909e-15	AbsError: 2.56898e+01
      Equation: "HoleContinuityEquation"	RelError: 1.75630e-15	AbsError: 1.80614e+01
      Equation: "PotentialEquation"	RelError: 3.08459e-14	AbsError: 1.13848e-16
Charge Relative Error 7.83836e-01
number of equations 5085
Iteration: 0
  Device: "BenchmarkDiode"	RelError: 1.45880e+00	AbsError: 8.70773e+03
    Region: "SiRegion"	RelError: 1.45880e+00	AbsError: 8.70773e+03
      Equation: "ElectronContinuityEquation"	RelError: 6.34593e-03	AbsError: 2.74110e+03
      Equation: "HoleContinuityEquation"	RelError: 1.45245e+00	AbsError: 5.96663e+03
      Equation: "PotentialEquation"	RelError: 1.67514e-10	AbsError: 2.78139e-13
Iteration: 1
  Device: "BenchmarkDiode"	RelError: 7.13182e-13	AbsError: 4.65906e+01
    Region: "SiRegion"	RelError: 7.13182e-13	AbsError: 4.65906e+01
      Equation: "ElectronContinuityEquation"	RelError: 3.65390e-15	AbsError: 2.33689e+01
      Equation: "HoleContinuityEquation"	RelError: 6.89947e-13	AbsError: 2.32217e+01
      Equation: "PotentialEquation"	RelError: 1.95816e-14	AbsError: 1.19160e-16
Charge Relative Error 4.19635e-02
number of equations 5085
Iteration: 0
  Device: "BenchmarkDiode"	RelError: 3.54508e-02	AbsError: 1.91833e+02
    Region: "SiRegion"	RelError: 3.54508e-02	AbsError: 1.91833e+02
      Equation: "ElectronContinuityEquation"	RelError: 7.55286e-05	AbsError: 6.35339e+01
      Equation: "HoleContinuityEquation"	RelError: 3.53753e-02	AbsError: 1.28299e+02
      Equation: "PotentialEquation"	RelError: 3.86458e-12	AbsError: 6.34679e-15
Iteration: 1
  Device: "BenchmarkDiode"	RelError: 2.96699e-14	AbsError: 4.50201e+01
    Region: "SiRegion"	RelError: 2.96699e-14	AbsError: 4.50201e+01
      Equation: "ElectronContinuityEquation"	RelError: 3.45357e-15	AbsError: 2.03588e+01
      Equation: "HoleContinuityEquation"	RelError: 5.20577e-15	AbsError: 2.46613e+01
      Equation: "PotentialEquation"	RelError: 2.10105e-14	AbsError: 1.16114e-16
Charge Relative Error 1.02920e-03
number of equations 5085
Iteration: 0
  Device: "BenchmarkDiode"	RelError: 8.33757e-04	AbsError: 5.03613e+01
    Region: "SiRegion"	RelError: 8.33757e-04	AbsError: 5.03613e+01
      Equation: "ElectronContinuityEquation"	RelError: 8.98884e-07	AbsError: 2.74624e+01
      Equation: "HoleContinuityEquation"	RelError: 8.32858e-04	AbsError: 2.28989e+01
      Equation: "PotentialEquation"	RelError: 5.80665e-14	AbsError: 2.06325e-16
Iteration: 1
  Device: "BenchmarkDiode"	RelError: 2.33827e-14	AbsError: 3.34953e+01
    Region: "SiRegion"	RelError: 2.33827e-14	AbsError: 3.34953e+01
      Equation: "ElectronContinuityEquation"	RelError: 1.48017e-15	AbsError: 2.05733e+01
      Equation: "HoleContinuityEquation"	RelError: 2.61860e-15	AbsError: 1.29220e+01
      Equation: "PotentialEquation"	RelError: 1.92840e-14	AbsError: 1.14874e-16
Charge Relative Error 2.41866e-05
number of equations 5085
Iteration: 0
  Device: "BenchmarkDiode"	RelError: 1.96032e-05	AbsError: 3.99127e+01
    Region: "SiRegion"	RelError: 1.96032e-05	AbsError: 3.99127e+01
      Equation: "ElectronContinuityEquation"	RelError: 1.06979e-08	AbsError: 3.19838e+01
      Equation: "HoleContinuityEquation"	RelError: 1.95925e-05	AbsError: 7.92893e+00
      Equation: "PotentialEquation"	RelError: 3.43798e-15	AbsError: 1.11022e-16
Iteration: 1
  Device: "BenchmarkDiode"	RelError: 1.59419e-14	AbsError: 3.29115e+01
    Region: "SiRegion"	RelError: 1.59419e-14	AbsError: 3.29115e+01
      Equation: "ElectronContinuityEquation"	RelError: 1.72058e-15	AbsError: 2.49640e+01
      Equation: "HoleContinuityEquation"	RelError: 2.52995e-15	AbsError: 7.94757e+00
      Equation: "PotentialEquation"	RelError: 1.16913e-14	AbsError: 1.13425e-16
Charge Relative Error 5.68955e-07
number of equations 5085
Iteration: 0
  Device: "BenchmarkDiode"	RelError: 4.61024e-07	AbsError: 2.79777e+01
    Region: "SiRegion"	RelError: 4.61024e-07	AbsError: 2.79777e+01
      Equation: "ElectronContinuityEquation"	RelError: 1.27318e-10	AbsError: 2.00047e+01
      Equation: "HoleContinuityEquation"	RelError: 4.60896e-07	AbsError: 7.97296e+00
      Equation: "PotentialEquation"	RelError: 1.29904e-14	AbsError: 1.11967e-16
Iteration: 1
  Device: "BenchmarkDiode"	RelError: 2.13891e-14	AbsError: 2.16563e+01
    Region: "SiRegion"	RelError: 2.13891e-14	AbsError: 2.16563e+01
      Equation: "ElectronContinuityEquation"	RelError: 2.30688e-15	AbsError: 1.37274e+01
      Equation: "HoleContinuityEquation"	RelError: 3.99312e-15	AbsError: 7.92893e+00
      Equation: "PotentialEquation"	RelError: 1.50891e-14	AbsError: 1.12459e-16
Charge Relative Error 1.33856e-08
number of equations 5085
Iteration: 0
  Device: "BenchmarkDiode"	RelError: 1.08437e-08	AbsError: 3.08909e+01
    Region: "SiRegion"	RelError: 1.08437e-08	AbsError: 3.08909e+01
      Equation: "ElectronContinuityEquation"	RelError: 1.51603e-12	AbsError: 2.29574e+01
      Equation: "HoleContinuityEquation"	RelError: 1.08421e-08	AbsError: 7.93351e+00
      Equation: "PotentialEquation"	RelError: 2.18404e-14	AbsError: 1.13817e-16
Iteration: 1
  Device: "BenchmarkDiode"	RelError: 1.95327e-14	AbsError: 2.28420e+01
    Region: "SiRegion"	RelError: 1.95327e-14	AbsError: 2.28420e+01
      Equation: "ElectronContinuityEquation"	RelError: 1.43140e-15	AbsError: 1.49001e+01
      Equation: "HoleContinuityEquation"	RelError: 1.42858e-15	AbsError: 7.94188e+00
      Equation: "PotentialEquation"	RelError: 1.66727e-14	AbsError: 1.11747e-16
Charge Relative Error 4.57916e-09
number of equations 5085
Iteration: 0
  Device: "BenchmarkDiode"	RelError: 2.55079e-10	AbsError: 2.79898e+01
    Region: "SiRegion"	RelError: 2.55079e-10	AbsError: 2.79898e+01
      Equation: "ElectronContinuityEquation"	RelError: 1.94944e-14	AbsError: 2.00058e+01
      Equation: "HoleContinuityEquation"	RelError: 2.55053e-10	AbsError: 7.98404e+00
      Equation: "PotentialEquation"	RelError: 7.30958e-15	AbsError: 1.11965e-16
Iteration: 1
  Device: "BenchmarkDiode"	RelError: 1.58520e-14	AbsError: 2.16571e+01
    Region: "SiRegion"	RelError: 1.58520e-14	AbsError: 2.16571e+01
      Equation: "ElectronContinuityEquation"	RelError: 1.26801e-15	AbsError: 1.37281e+01
      Equation: "HoleContinuityEquation"	RelError: 1.77711e-15	AbsError: 7.92893e+00
      Equation: "PotentialEquation"	RelError: 1.28069e-14	AbsError: 1.12752e-16
Charge Relative Error 4.57916e-09
number of equations 5085
Iteration: 0
  Device: "BenchmarkDiode"	RelError: 6.02207e-12	AbsError: 3.09036e+01
    Region: "SiRegion"	RelError: 6.02207e-12	AbsError: 3.09036e+01
      Equation: "ElectronContinuityEquation"	RelError: 1.92354e-15	AbsError: 2.29701e+01
      Equation: "HoleContinuityEquation"	RelError: 5.99866e-12	AbsError: 7.93348e+00
      Equation: "PotentialEquation"	RelError: 2.14910e-14	AbsError: 1.13575e-16
Charge Relative Error 4.57916e-09
number of equations 5085
Iteration: 0
  Device: "BenchmarkDiode"	RelError: 1.58738e-13	AbsError: 2.28823e+01
    Region: "SiRegion"	RelError: 1.58738e-13	AbsError: 2.28823e+01
      Equation: "ElectronContinuityEquation"	RelError: 1.00766e-15	AbsError: 1.49394e+01
      Equation: "HoleContinuityEquation"	RelError: 1.41981e-13	AbsError: 7.94292e+00
      Equation: "PotentialEquation"	RelError: 1.57493e-14	AbsError: 1.11939e-16
Charge Relative Error 4.57916e-09
number of equations 5085
Iteration: 0
  Device: "BenchmarkDiode"	RelError: 1.38915e-14	AbsError: 2.79858e+01
    Region: "SiRegion"	RelError: 1.38915e-14	AbsError: 2.79858e+01
      Equation: "ElectronContinuityEquation"	RelError: 1.07552e-15	AbsError: 2.00040e+01
      Equation: "HoleContinuityEquation"	RelError: 3.31254e-15	AbsError: 7.98185e+00
      Equation: "PotentialEquation"	RelError: 9.50339e-15	AbsError: 1.11746e-16
Charge Relative Error 4.57916e-09
number of equations 5085
Iteration: 0
  Device: "BenchmarkDiode"	RelError: 1.59711e-14	AbsError: 2.16567e+01
    Region: "SiRegion"	RelError: 1.59711e-14	AbsError: 2.16567e+01
      Equation: "ElectronContinuityEquation"	RelError: 1.34206e-15	AbsError: 1.37277e+01
      Equation: "HoleContinuityEquation"	RelError: 1.36683e-15	AbsError: 7.92893e+00
      Equation: "PotentialEquation"	RelError: 1.32622e-14	AbsError: 1.12742e-16
Charge Relative Error 4.57916e-09
number of equations 5085
Iteration: 0
  Device: "BenchmarkDiode"	RelError: 2.48666e-14	AbsError: 3.08725e+01
    Region: "SiRegion"	RelError: 2.48666e-14	AbsError: 3.08725e+01
      Equation: "ElectronContinuityEquation"	RelError: 2.87581e-15	AbsError: 2.29393e+01
      Equation: "HoleContinuityEquation"	RelError: 1.41867e-15	AbsError: 7.93315e+00
      Equation: "PotentialEquation"	RelError: 2.05721e-14	AbsError: 1.11022e-16
Charge Relative Error 4.57916e-09
number of equations 5085
Iteration: 0
  Device: "BenchmarkDiode"	RelError: 2.11115e-14	AbsError: 2.28938e+01
    Region: "SiRegion"	RelError: 2.11115e-14	AbsError: 2.28938e+01
      Equation: "ElectronContinuityEquation"	RelError: 2.59380e-15	AbsError: 1.49510e+01
      Equation: "HoleContinuityEquation"	RelError: 1.45383e-15	AbsError: 7.94273e+00
      Equation: "PotentialEquation"	RelError: 1.70638e-14	AbsError: 1.12026e-16
Charge Relative Error 4.57916e-09
number of equations 5085
Iteration: 0
  Device: "BenchmarkDiode"	RelError: 9.85102e-15	AbsError: 2.80073e+01
    Region: "SiRegion"	RelError: 9.85102e-15	AbsError: 2.80073e+01
      Equation: "ElectronContinuityEquation"	RelError: 1.65795e-15	AbsError: 2.00230e+01
      Equation: "HoleContinuityEquation"	RelError: 1.50428e-15	AbsError: 7.98433e+00
      Equation: "PotentialEquation"	RelError: 6.68878e-15	AbsError: 1.11991e-16
Charge Relative Error 4.57916e-09
number of equations 5085
Iteration: 0
  Device: "BenchmarkDiode"	RelError: 1.17523e-14	AbsError: 2.17659e+01
    Region: "SiRegion"	RelError: 1.17523e-14	AbsError: 2.17659e+01
      Equation: "ElectronContinuityEquation"	RelError: 2.70366e-15	AbsError: 1.38369e+01
      Equation: "HoleContinuityEquation"	RelError: 1.29935e-15	AbsError: 7.92893e+00
      Equation: "PotentialEquation"	RelError: 7.74932e-15	AbsError: 1.12706e-16
Charge Relative Error 4.57916e-09
number of equations 5085
Iteration: 0
  Device: "BenchmarkDiode"	RelError: 2.53168e-14	AbsError: 3.03362e+01
    Region: "SiRegion"	RelError: 2.53168e-14	AbsError: 3.03362e+01
      Equation: "ElectronContinuityEquation"	RelError: 2.33938e-15	AbsError: 2.24031e+01
      Equation: "HoleContinuityEquation"	RelError: 1.62214e-15	AbsError: 7.93310e+00
      Equation: "PotentialEquation"	RelError: 2.13553e-14	AbsError: 1.11022e-16
Charge Relative Error 4.57916e-09
number of equations 5085
Iteration: 0
  Device: "BenchmarkDiode"	RelError: 2.91368e-14	AbsError: 2.22762e+01
    Region: "SiRegion"	RelError: 2.91368e-14	AbsError: 2.22762e+01
      Equation: "ElectronContinuityEquation"	RelError: 3.73090e-15	AbsError: 1.43328e+01
      Equation: "HoleContinuityEquation"	RelError: 1.86014e-15	AbsError: 7.94344e+00
      Equation: "PotentialEquation"	RelError: 2.35458e-14	AbsError: 1.12411e-16
Charge Relative Error 4.57916e-09
number of equations 5085
Iteration: 0
  Device: "BenchmarkDiode"	RelError: 1.60165e-14	AbsError: 2.79912e+01
    Region: "SiRegion"	RelError: 1.60165e-14	AbsError: 2.79912e+01
      Equation: "ElectronContinuityEquation"	RelError: 2.90248e-15	AbsError: 2.00075e+01
      Equation: "HoleContinuityEquation"	RelError: 1.44778e-15	AbsError: 7.98371e+00
      Equation: "PotentialEquation"	RelError: 1.16662e-14	AbsError: 1.11926e-16
Charge Relative Error 4.57916e-09
number of equations 5085
Iteration: 0
  Device: "BenchmarkDiode"	RelError: 1.91768e-14	AbsError: 2.16580e+01
    Region: "SiRegion"	RelError: 1.91768e-14	AbsError: 2.16580e+01
      Equation: "ElectronContinuityEquation"	RelError: 3.55872e-15	AbsError: 1.37291e+01
      Equation: "HoleContinuityEquation"	RelError: 1.56675e-15	AbsError: 7.92893e+00
      Equation: "PotentialEquation"	RelError: 1.40513e-14	AbsError: 1.12686e-16
Charge Relative Error 4.57916e-09
number of equations 5085
Iteration: 0
  Device: "BenchmarkDiode"	RelError: 2.80743e-14	AbsError: 3.07877e+01
    Region: "SiRegion"	RelError: 2.80743e-14	AbsError: 3.07877e+01
      Equation: "ElectronContinuityEquation"	RelError: 2.60785e-15	AbsError: 2.28547e+01
      Equation: "HoleContinuityEquation"	RelError: 2.18313e-15	AbsError: 7.93302e+00
      Equation: "PotentialEquation"	RelError: 2.32833e-14	AbsError: 1.14045e-16
Charge Relative Error 4.57916e-09
number of equations 5085
Iteration: 0
  Device: "BenchmarkDiode"	RelError: 2.32166e-14	AbsError: 2.29550e+01
    Region: "SiRegion"	RelError: 2.32166e-14	AbsError: 2.29550e+01
      Equation: "ElectronContinuityEquation"	RelError: 2.88114e-15	AbsError: 1.50126e+01
      Equation: "HoleContinuityEquation"	RelError: 2.47470e-15	AbsError: 7.94242e+00
      Equation: "PotentialEquation"	RelError: 1.78608e-14	AbsError: 1.11819e-16
Charge Relative Error 4.57916e-09
number of equations 5085
Iteration: 0
  Device: "BenchmarkDiode"	RelError: 1.37616e-14	AbsError: 2.79712e+01
    Region: "SiRegion"	RelError: 1.37616e-14	AbsError: 2.79712e+01
      Equation: "ElectronContinuityEquation"	RelError: 2.01869e-15	AbsError: 1.99876e+01
      Equation: "HoleContinuityEquation"	RelError: 1.29493e-15	AbsError: 7.98355e+00
      Equation: "PotentialEquation"	RelError: 1.04480e-14	AbsError: 1.11915e-16
Charge Relative Error 4.57916e-09
number of equations 5085
Iteration: 0
  Device: "BenchmarkDiode"	RelError: 1.12972e-14	AbsError: 2.15879e+01
    Region: "SiRegion"	RelError: 1.12972e-14	AbsError: 2.15879e+01
      Equation: "ElectronContinuityEquation"	RelError: 1.74619e-15	AbsError: 1.36589e+01
      Equation: "HoleContinuityEquation"	RelError: 7.21173e-16	AbsError: 7.92893e+00
      Equation: "PotentialEquation"	RelError: 8.82980e-15	AbsError: 1.12815e-16
Charge Relative Error 4.57916e-09
number of equations 5085
Iteration: 0
  Device: "BenchmarkDiode"	RelError: 1.28800e-14	AbsError: 2.79032e+01
    Region: "SiRegion"	RelError: 1.28800e-14	AbsError: 2.79032e+01
      Equation: "ElectronContinuityEquation"	RelError: 1.36124e-15	AbsError: 1.99692e+01
      Equation: "HoleContinuityEquation"	RelError: 1.42736e-15	AbsError: 7.93397e+00
      Equation: "PotentialEquation"	RelError: 1.00914e-14	AbsError: 1.11022e-16
Charge Relative Error 4.57916e-09
number of equations 5085
Iteration: 0
  Device: "BenchmarkDiode"	RelError: 1.61149e-14	AbsError: 2.16067e+01
    Region: "SiRegion"	RelError: 1.61149e-14	AbsError: 2.16067e+01
      Equation: "ElectronContinuityEquation"	RelError: 1.09836e-15	AbsError: 1.36635e+01
      Equation: "HoleContinuityEquation"	RelError: 1.90280e-15	AbsError: 7.94317e+00
      Equation: "PotentialEquation"	RelError: 1.31137e-14	AbsError: 1.12171e-16
Charge Relative Error 4.57916e-09
number of equations 5085
Iteration: 0
  Device: "BenchmarkDiode"	RelError: 1.56987e-14	AbsError: 2.79564e+01
    Region: "SiRegion"	RelError: 1.56987e-14	AbsError: 2.79564e+01
      Equation: "ElectronContinuityEquation"	RelError: 1.78612e-15	AbsError: 1.99731e+01
      Equation: "HoleContinuityEquation"	RelError: 2.27797e-15	AbsError: 7.98337e+00
      Equation: "PotentialEquation"	RelError: 1.16346e-14	AbsError: 1.11893e-16
Charge Relative Error 4.57916e-09
number of equations 5085
Iteration: 0
  Device: "BenchmarkDiode"	RelError: 1.41560e-14	AbsError: 2.15877e+01
    Region: "SiRegion"	RelError: 1.41560e-14	AbsError: 2.15877e+01
      Equation: "ElectronContinuityEquation"	RelError: 1.72271e-15	AbsError: 1.36588e+01
      Equation: "HoleContinuityEquation"	RelError: 3.01782e-15	AbsError: 7.92893e+00
      Equation: "PotentialEquation"	RelError: 9.41546e-15	AbsError: 1.12841e-16
Charge Relative Error 4.57916e-09
number of equations 5085
Iteration: 0
  Device: "BenchmarkDiode"	RelError: 1.34793e-14	AbsError: 2.79398e+01
    Region: "SiRegion"	RelError: 1.34793e-14	AbsError: 2.79398e+01
      Equation: "ElectronContinuityEquation"	RelError: 1.45629e-15	AbsError: 2.00051e+01
      Equation: "HoleContinuityEquation"	RelError: 2.83155e-15	AbsError: 7.93470e+00
      Equation: "PotentialEquation"	RelError: 9.19141e-15	AbsError: 1.11022e-16
Charge Relative Error 4.57916e-09
number of equations 5085
Iteration: 0
  Device: "BenchmarkDiode"	RelError: 1.91900e-14	AbsError: 2.16731e+01
    Region: "SiRegion"	RelError: 1.91900e-14	AbsError: 2.16731e+01
      Equation: "ElectronContinuityEquation"	RelError: 1.51555e-15	AbsError: 1.37296e+01
      Equation: "HoleContinuityEquation"	RelError: 2.23570e-15	AbsError: 7.94350e+00
      Equation: "PotentialEquation"	RelError: 1.54387e-14	AbsError: 1.12789e-16
Charge Relative Error 4.57916e-09
number of equations 5085
Iteration: 0
  Device: "BenchmarkDiode"	RelError: 2.77461e-14	AbsError: 3.08615e+01
    Region: "SiRegion"	RelError: 2.77461e-14	AbsError: 3.08615e+01
      Equation: "ElectronContinuityEquation"	RelError: 2.82378e-15	AbsError: 2.28792e+01
      Equation: "HoleContinuityEquation"	RelError: 1.97998e-15	AbsError: 7.98230e+00
      Equation: "PotentialEquation"	RelError: 2.29424e-14	AbsError: 1.12447e-16
Charge Relative Error 4.57916e-09
number of equations 5085
Iteration: 0
  Device: "BenchmarkDiode"	RelError: 2.22723e-14	AbsError: 2.26695e+01
    Region: "SiRegion"	RelError: 2.22723e-14	AbsError: 2.26695e+01
      Equation: "ElectronContinuityEquation"	RelError: 1.92497e-15	AbsError: 1.47405e+01
      Equation: "HoleContinuityEquation"	RelError: 2.63461e-15	AbsError: 7.92893e+00
      Equation: "PotentialEquation"	RelError: 1.77127e-14	AbsError: 1.12809e-16
Charge Relative Error 4.57916e-09
number of equations 5085
Iteration: 0
  Device: "BenchmarkDiode"	RelError: 1.33064e-14	AbsError: 2.79326e+01
    Region: "SiRegion"	RelError: 1.33064e-14	AbsError: 2.79326e+01
      Equation: "ElectronContinuityEquation"	RelError: 1.33269e-15	AbsError: 1.99982e+01
      Equation: "HoleContinuityEquation"	RelError: 2.73728e-15	AbsError: 7.93447e+00
      Equation: "PotentialEquation"	RelError: 9.23641e-15	AbsError: 1.11022e-16
Charge Relative Error 4.57916e-09
number of equations 5085
Iteration: 0
  Device: "BenchmarkDiode"	RelError: 1.51186e-14	AbsError: 2.17026e+01
    Region: "SiRegion"	RelError: 1.51186e-14	AbsError: 2.17026e+01
      Equation: "ElectronContinuityEquation"	RelError: 1.74109e-15	AbsError: 1.37591e+01
      Equation: "HoleContinuityEquation"	RelError: 2.20905e-15	AbsError: 7.94350e+00
      Equation: "PotentialEquation"	RelError: 1.11685e-14	AbsError: 1.12479e-16
Charge Relative Error 4.57916e-09
number of equations 5085
Iteration: 0
  Device: "BenchmarkDiode"	RelError: 1.50814e-14	AbsError: 2.79532e+01
    Region: "SiRegion"	RelError: 1.50814e-14	AbsError: 2.79532e+01
      Equation: "ElectronContinuityEquation"	RelError: 1.78533e-15	AbsError: 1.99696e+01
      Equation: "HoleContinuityEquation"	RelError: 2.51527e-15	AbsError: 7.98364e+00
      Equation: "PotentialEquation"	RelError: 1.07809e-14	AbsError: 1.11919e-16
Charge Relative Error 4.57916e-09
number of equations 5085
Iteration: 0
  Device: "BenchmarkDiode"	RelError: 1.30747e-14	AbsError: 2.15902e+01
    Region: "SiRegion"	RelError: 1.30747e-14	AbsError: 2.15902e+01
      Equation: "ElectronContinuityEquation"	RelError: 1.27111e-15	AbsError: 1.36613e+01
      Equation: "HoleContinuityEquation"	RelError: 3.15375e-15	AbsError: 7.92893e+00
      Equation: "PotentialEquation"	RelError: 8.64984e-15	AbsError: 1.12775e-16
Charge Relative Error 4.57916e-09
number of equations 5085
Iteration: 0
  Device: "BenchmarkDiode"	RelError: 1.75107e-14	AbsError: 2.78895e+01
    Region: "SiRegion"	RelError: 1.75107e-14	AbsError: 2.78895e+01
      Equation: "ElectronContinuityEquation"	RelError: 1.17882e-15	AbsError: 1.99553e+01
      Equation: "HoleContinuityEquation"	RelError: 2.31025e-15	AbsError: 7.93422e+00
      Equation: "PotentialEquation"	RelError: 1.40216e-14	AbsError: 1.11022e-16
Charge Relative Error 4.57916e-09
number of equations 5085
Iteration: 0
  Device: "BenchmarkDiode"	RelError: 2.01711e-14	AbsError: 2.16067e+01
    Region: "SiRegion"	RelError: 2.01711e-14	AbsError: 2.16067e+01
      Equation: "ElectronContinuityEquation"	RelError: 1.92316e-15	AbsError: 1.36637e+01
      Equation: "HoleContinuityEquation"	RelError: 1.95830e-15	AbsError: 7.94303e+00
      Equation: "PotentialEquation"	RelError: 1.62896e-14	AbsError: 1.12325e-16
Charge Relative Error 4.57916e-09
number of equations 5085
Iteration: 0
  Device: "BenchmarkDiode"	RelError: 1.52129e-14	AbsError: 2.79593e+01
    Region: "SiRegion"	RelError: 1.52129e-14	AbsError: 2.79593e+01
      Equation: "ElectronContinuityEquation"	RelError: 2.29356e-15	AbsError: 1.99754e+01
      Equation: "HoleContinuityEquation"	RelError: 1.52064e-15	AbsError: 7.98389e+00
      Equation: "PotentialEquation"	RelError: 1.13987e-14	AbsError: 1.11948e-16
Charge Relative Error 4.57916e-09
number of equations 5085
Iteration: 0
  Device: "BenchmarkDiode"	RelError: 1.37312e-14	AbsError: 2.15915e+01
    Region: "SiRegion"	RelError: 1.37312e-14	AbsError: 2.15915e+01
      Equation: "ElectronContinuityEquation"	RelError: 1.47325e-15	AbsError: 1.36626e+01
      Equation: "HoleContinuityEquation"	RelError: 2.33173e-15	AbsError: 7.92893e+00
      Equation: "PotentialEquation"	RelError: 9.92622e-15	AbsError: 1.12717e-16
Charge Relative Error 4.57916e-09
number of equations 5085
Iteration: 0
  Device: "BenchmarkDiode"	RelError: 1.34608e-14	AbsError: 2.79308e+01
    Region: "SiRegion"	RelError: 1.34608e-14	AbsError: 2.79308e+01
      Equation: "ElectronContinuityEquation"	RelError: 1.87434e-15	AbsError: 1.99960e+01
      Equation: "HoleContinuityEquation"	RelError: 2.67577e-15	AbsError: 7.93475e+00
      Equation: "PotentialEquation"	RelError: 8.91074e-15	AbsError: 1.12608e-16
Charge Relative Error 4.57916e-09
number of equations 5085
Iteration: 0
  Device: "BenchmarkDiode"	RelError: 1.34092e-14	AbsError: 2.19617e+01
    Region: "SiRegion"	RelError: 1.34092e-14	AbsError: 2.19617e+01
      Equation: "ElectronContinuityEquation"	RelError: 1.88793e-15	AbsError: 1.40182e+01
      Equation: "HoleContinuityEquation"	RelError: 2.11223e-15	AbsError: 7.94353e+00
      Equation: "PotentialEquation"	RelError: 9.40902e-15	AbsError: 1.12517e-16
Charge Relative Error 4.57916e-09
number of equations 5085
Iteration: 0
  Device: "BenchmarkDiode"	RelError: 1.54555e-14	AbsError: 2.79365e+01
    Region: "SiRegion"	RelError: 1.54555e-14	AbsError: 2.79365e+01
      Equation: "ElectronContinuityEquation"	RelError: 1.81405e-15	AbsError: 1.99532e+01
      Equation: "HoleContinuityEquation"	RelError: 1.71250e-15	AbsError: 7.98330e+00
      Equation: "PotentialEquation"	RelError: 1.19289e-14	AbsError: 1.11886e-16
Charge Relative Error 4.57916e-09
number of equations 5085
Iteration: 0
  Device: "BenchmarkDiode"	RelError: 1.44642e-14	AbsError: 2.15878e+01
    Region: "SiRegion"	RelError: 1.44642e-14	AbsError: 2.15878e+01
      Equation: "ElectronContinuityEquation"	RelError: 2.33609e-15	AbsError: 1.36589e+01
      Equation: "HoleContinuityEquation"	RelError: 2.52077e-15	AbsError: 7.92893e+00
      Equation: "PotentialEquation"	RelError: 9.60735e-15	AbsError: 1.12829e-16
Charge Relative Error 4.57916e-09
recovery_vfixed_tau_1e-06_dt_2e-09_mesh_2e-07: Qrr=4.614e-07 C, Irrm=4.524e+02 A, elapsed=2.53s
p_i
i_n
bot
 (region: SiRegion)
 (contact: top)
 (contact: bot)
number of equations 1695
Iteration: 0
  Device: "BenchmarkDiode"	RelError: 1.00000e+00	AbsError: 1.63902e-01
    Region: "SiRegion"	RelError: 1.00000e+00	AbsError: 1.63902e-01
      Equation: "PotentialEquation"	RelError: 1.00000e+00	AbsError: 1.63902e-01
Iteration: 1
  Device: "BenchmarkDiode"	RelError: 4.97944e-01	AbsError: 1.62430e-01
    Region: "SiRegion"	RelError: 4.97944e-01	AbsError: 1.62430e-01
      Equation: "PotentialEquation"	RelError: 4.97944e-01	AbsError: 1.62430e-01
Iteration: 2
  Device: "BenchmarkDiode"	RelError: 2.39824e+01	AbsError: 1.03408e-01
    Region: "SiRegion"	RelError: 2.39824e+01	AbsError: 1.03408e-01
      Equation: "PotentialEquation"	RelError: 2.39824e+01	AbsError: 1.03408e-01
Iteration: 3
  Device: "BenchmarkDiode"	RelError: 1.53991e+01	AbsError: 5.73651e-02
    Region: "SiRegion"	RelError: 1.53991e+01	AbsError: 5.73651e-02
      Equation: "PotentialEquation"	RelError: 1.53991e+01	AbsError: 5.73651e-02
Iteration: 4
  Device: "BenchmarkDiode"	RelError: 5.98642e+00	AbsError: 5.01960e-02
    Region: "SiRegion"	RelError: 5.98642e+00	AbsError: 5.01960e-02
      Equation: "PotentialEquation"	RelError: 5.98642e+00	AbsError: 5.01960e-02
Iteration: 5
  Device: "BenchmarkDiode"	RelError: 2.30820e+00	AbsError: 4.17220e-02
    Region: "SiRegion"	RelError: 2.30820e+00	AbsError: 4.17220e-02
      Equation: "PotentialEquation"	RelError: 2.30820e+00	AbsError: 4.17220e-02
Iteration: 6
  Device: "BenchmarkDiode"	RelError: 1.27440e+00	AbsError: 3.16681e-02
    Region: "SiRegion"	RelError: 1.27440e+00	AbsError: 3.16681e-02
      Equation: "PotentialEquation"	RelError: 1.27440e+00	AbsError: 3.16681e-02
Iteration: 7
  Device: "BenchmarkDiode"	RelError: 3.45009e-01	AbsError: 2.38740e-02
    Region: "SiRegion"	RelError: 3.45009e-01	AbsError: 2.38740e-02
      Equation: "PotentialEquation"	RelError: 3.45009e-01	AbsError: 2.38740e-02
Iteration: 8
  Device: "BenchmarkDiode"	RelError: 2.46584e-02	AbsError: 1.02888e-02
    Region: "SiRegion"	RelError: 2.46584e-02	AbsError: 1.02888e-02
      Equation: "PotentialEquation"	RelError: 2.46584e-02	AbsError: 1.02888e-02
Iteration: 9
  Device: "BenchmarkDiode"	RelError: 1.38055e-05	AbsError: 5.76038e-06
    Region: "SiRegion"	RelError: 1.38055e-05	AbsError: 5.76038e-06
      Equation: "PotentialEquation"	RelError: 1.38055e-05	AbsError: 5.76038e-06
Iteration: 10
  Device: "BenchmarkDiode"	RelError: 1.83872e-10	AbsError: 7.67209e-11
    Region: "SiRegion"	RelError: 1.83872e-10	AbsError: 7.67209e-11
      Equation: "PotentialEquation"	RelError: 1.83872e-10	AbsError: 7.67209e-11
Iteration: 11
  Device: "BenchmarkDiode"	RelError: 4.22940e-15	AbsError: 3.95529e-17
    Region: "SiRegion"	RelError: 4.22940e-15	AbsError: 3.95529e-17
      Equation: "PotentialEquation"	RelError: 4.22940e-15	AbsError: 3.95529e-17
Warning: Replacing equation with equation of the same name.
Region: SiRegion, Equation: PotentialEquation, Variable: Potential
number of equations 5085
Iteration: 0
  Device: "BenchmarkDiode"	RelError: 1.81125e-13	AbsError: 1.00800e+03
    Region: "SiRegion"	RelError: 1.81125e-13	AbsError: 1.00800e+03
      Equation: "ElectronContinuityEquation"	RelError: 1.00405e-14	AbsError: 4.96000e+02
      Equation: "HoleContinuityEquation"	RelError: 7.70595e-15	AbsError: 5.12000e+02
      Equation: "PotentialEquation"	RelError: 1.63379e-13	AbsError: 1.33092e-16
number of equations 5085
Iteration: 0
  Device: "BenchmarkDiode"	RelError: 5.61605e+02	AbsError: 2.64843e+15
    Region: "SiRegion"	RelError: 5.61605e+02	AbsError: 2.64843e+15
      Equation: "ElectronContinuityEquation"	RelError: 9.68304e-01	AbsError: 1.31751e+15
      Equation: "HoleContinuityEquation"	RelError: 9.68304e-01	AbsError: 1.33092e+15
      Equation: "PotentialEquation"	RelError: 5.59668e+02	AbsError: 8.96718e-02
Iteration: 1
  Device: "BenchmarkDiode"	RelError: 4.20259e+03	AbsError: 1.06011e+15
    Region: "SiRegion"	RelError: 4.20259e+03	AbsError: 1.06011e+15
      Equation: "ElectronContinuityEquation"	RelError: 9.64792e-01	AbsError: 5.15967e+14
      Equation: "HoleContinuityEquation"	RelError: 9.94407e-01	AbsError: 5.44146e+14
      Equation: "PotentialEquation"	RelError: 4.20063e+03	AbsError: 8.66950e-02
Iteration: 2
  Device: "BenchmarkDiode"	RelError: 7.11566e+02	AbsError: 4.74103e+14
    Region: "SiRegion"	RelError: 7.11566e+02	AbsError: 4.74103e+14
      Equation: "ElectronContinuityEquation"	RelError: 9.60129e-01	AbsError: 2.51467e+14
      Equation: "HoleContinuityEquation"	RelError: 9.94173e-01	AbsError: 2.22637e+14
      Equation: "PotentialEquation"	RelError: 7.09612e+02	AbsError: 8.34501e-02
Iteration: 3
  Device: "BenchmarkDiode"	RelError: 1.31575e+02	AbsError: 6.19748e+14
    Region: "SiRegion"	RelError: 1.31575e+02	AbsError: 6.19748e+14
      Equation: "ElectronContinuityEquation"	RelError: 9.54235e-01	AbsError: 3.42200e+14
      Equation: "HoleContinuityEquation"	RelError: 9.90900e-01	AbsError: 2.77548e+14
      Equation: "PotentialEquation"	RelError: 1.29630e+02	AbsError: 7.98885e-02
Iteration: 4
  Device: "BenchmarkDiode"	RelError: 2.91399e+03	AbsError: 1.47474e+15
    Region: "SiRegion"	RelError: 2.91399e+03	AbsError: 1.47474e+15
      Equation: "ElectronContinuityEquation"	RelError: 9.46726e-01	AbsError: 8.58593e+14
      Equation: "HoleContinuityEquation"	RelError: 9.84023e-01	AbsError: 6.16142e+14
      Equation: "PotentialEquation"	RelError: 2.91206e+03	AbsError: 7.59483e-02
Iteration: 5
  Device: "BenchmarkDiode"	RelError: 2.88588e+00	AbsError: 4.52674e+15
    Region: "SiRegion"	RelError: 2.88588e+00	AbsError: 4.52674e+15
      Equation: "ElectronContinuityEquation"	RelError: 9.36881e-01	AbsError: 2.05793e+15
      Equation: "HoleContinuityEquation"	RelError: 9.26140e-01	AbsError: 2.46881e+15
      Equation: "PotentialEquation"	RelError: 1.02285e+00	AbsError: 7.15491e-02
Iteration: 6
  Device: "BenchmarkDiode"	RelError: 2.08261e+00	AbsError: 3.29015e+15
    Region: "SiRegion"	RelError: 2.08261e+00	AbsError: 3.29015e+15
      Equation: "ElectronContinuityEquation"	RelError: 9.23509e-01	AbsError: 2.14919e+15
      Equation: "HoleContinuityEquation"	RelError: 6.71425e-01	AbsError: 1.14096e+15
      Equation: "PotentialEquation"	RelError: 4.87677e-01	AbsError: 6.65854e-02
Iteration: 7
  Device: "BenchmarkDiode"	RelError: 1.83376e+00	AbsError: 6.80073e+15
    Region: "SiRegion"	RelError: 1.83376e+00	AbsError: 6.80073e+15
      Equation: "ElectronContinuityEquation"	RelError: 9.04684e-01	AbsError: 3.94824e+15
      Equation: "HoleContinuityEquation"	RelError: 6.20569e-01	AbsError: 2.85248e+15
      Equation: "PotentialEquation"	RelError: 3.08511e-01	AbsError: 6.09160e-02
Iteration: 8
  Device: "BenchmarkDiode"	RelError: 1.79720e+00	AbsError: 1.27895e+16
    Region: "SiRegion"	RelError: 1.79720e+00	AbsError: 1.27895e+16
      Equation: "ElectronContinuityEquation"	RelError: 8.75338e-01	AbsError: 7.27981e+15
      Equation: "HoleContinuityEquation"	RelError: 7.06014e-01	AbsError: 5.50969e+15
      Equation: "PotentialEquation"	RelError: 2.15851e-01	AbsError: 5.43523e-02
Iteration: 9
  Device: "BenchmarkDiode"	RelError: 1.66471e+00	AbsError: 2.03199e+16
    Region: "SiRegion"	RelError: 1.66471e+00	AbsError: 2.03199e+16
      Equation: "ElectronContinuityEquation"	RelError: 8.23018e-01	AbsError: 1.15963e+16
      Equation: "HoleContinuityEquation"	RelError: 6.85398e-01	AbsError: 8.72363e+15
      Equation: "PotentialEquation"	RelError: 1.56294e-01	AbsError: 4.66461e-02
Iteration: 10
  Device: "BenchmarkDiode"	RelError: 1.39475e+00	AbsError: 2.14277e+16
    Region: "SiRegion"	RelError: 1.39475e+00	AbsError: 2.14277e+16
      Equation: "ElectronContinuityEquation"	RelError: 7.15603e-01	AbsError: 1.24461e+16
      Equation: "HoleContinuityEquation"	RelError: 5.67515e-01	AbsError: 8.98161e+15
      Equation: "PotentialEquation"	RelError: 1.11634e-01	AbsError: 3.75040e-02
Iteration: 11
  Device: "BenchmarkDiode"	RelError: 9.00454e-01	AbsError: 1.07651e+16
    Region: "SiRegion"	RelError: 9.00454e-01	AbsError: 1.07651e+16
      Equation: "ElectronContinuityEquation"	RelError: 4.88002e-01	AbsError: 6.33911e+15
      Equation: "HoleContinuityEquation"	RelError: 3.38754e-01	AbsError: 4.42601e+15
      Equation: "PotentialEquation"	RelError: 7.36980e-02	AbsError: 2.67290e-02
Iteration: 12
  Device: "BenchmarkDiode"	RelError: 2.96868e-01	AbsError: 1.80464e+15
    Region: "SiRegion"	RelError: 2.96868e-01	AbsError: 1.80464e+15
      Equation: "ElectronContinuityEquation"	RelError: 1.62797e-01	AbsError: 9.29356e+14
      Equation: "HoleContinuityEquation"	RelError: 8.16488e-02	AbsError: 8.75286e+14
      Equation: "PotentialEquation"	RelError: 5.24222e-02	AbsError: 2.00645e-02
Iteration: 13
  Device: "BenchmarkDiode"	RelError: 1.88774e-02	AbsError: 4.71101e+14
    Region: "SiRegion"	RelError: 1.88774e-02	AbsError: 4.71101e+14
      Equation: "ElectronContinuityEquation"	RelError: 1.23449e-02	AbsError: 2.74843e+14
      Equation: "HoleContinuityEquation"	RelError: 6.19767e-03	AbsError: 1.96258e+14
      Equation: "PotentialEquation"	RelError: 3.34890e-04	AbsError: 1.38148e-04
Iteration: 14
  Device: "BenchmarkDiode"	RelError: 2.99620e-05	AbsError: 6.97446e+11
    Region: "SiRegion"	RelError: 2.99620e-05	AbsError: 6.97446e+11
      Equation: "ElectronContinuityEquation"	RelError: 1.77721e-05	AbsError: 3.98076e+11
      Equation: "HoleContinuityEquation"	RelError: 1.08358e-05	AbsError: 2.99370e+11
      Equation: "PotentialEquation"	RelError: 1.35405e-06	AbsError: 5.58570e-07
Iteration: 15
  Device: "BenchmarkDiode"	RelError: 1.70819e-10	AbsError: 3.91589e+06
    Region: "SiRegion"	RelError: 1.70819e-10	AbsError: 3.91589e+06
      Equation: "ElectronContinuityEquation"	RelError: 8.13629e-11	AbsError: 2.06845e+06
      Equation: "HoleContinuityEquation"	RelError: 7.81430e-11	AbsError: 1.84743e+06
      Equation: "PotentialEquation"	RelError: 1.13128e-11	AbsError: 4.66613e-12
Iteration: 16
  Device: "BenchmarkDiode"	RelError: 1.25871e-14	AbsError: 1.92519e+02
    Region: "SiRegion"	RelError: 1.25871e-14	AbsError: 1.92519e+02
      Equation: "ElectronContinuityEquation"	RelError: 6.19099e-15	AbsError: 9.54358e+01
      Equation: "HoleContinuityEquation"	RelError: 6.14412e-15	AbsError: 9.70828e+01
      Equation: "PotentialEquation"	RelError: 2.51959e-16	AbsError: 9.61333e-17
number of equations 5085
Iteration: 0
  Device: "BenchmarkDiode"	RelError: 3.04742e-15	AbsError: 8.09788e+01
    Region: "SiRegion"	RelError: 3.04742e-15	AbsError: 8.09788e+01
      Equation: "ElectronContinuityEquation"	RelError: 1.48490e-15	AbsError: 4.10245e+01
      Equation: "HoleContinuityEquation"	RelError: 1.44623e-15	AbsError: 3.99543e+01
      Equation: "PotentialEquation"	RelError: 1.16294e-16	AbsError: 4.65241e-17
number of equations 5085
Iteration: 0
  Device: "BenchmarkDiode"	RelError: 1.92016e-15	AbsError: 5.83061e+01
    Region: "SiRegion"	RelError: 1.92016e-15	AbsError: 5.83061e+01
      Equation: "ElectronContinuityEquation"	RelError: 8.74060e-16	AbsError: 2.28799e+01
      Equation: "HoleContinuityEquation"	RelError: 9.20684e-16	AbsError: 3.54262e+01
      Equation: "PotentialEquation"	RelError: 1.25416e-16	AbsError: 4.79100e-17
Charge Relative Error 3.34943e-09
number of equations 5085
Iteration: 0
  Device: "BenchmarkDiode"	RelError: 2.77534e-15	AbsError: 5.65470e+01
    Region: "SiRegion"	RelError: 2.77534e-15	AbsError: 5.65470e+01
      Equation: "ElectronContinuityEquation"	RelError: 1.85453e-15	AbsError: 2.82931e+01
      Equation: "HoleContinuityEquation"	RelError: 8.08685e-16	AbsError: 2.82539e+01
      Equation: "PotentialEquation"	RelError: 1.12129e-16	AbsError: 4.28322e-17
Charge Relative Error 3.34943e-09
number of equations 5085
Iteration: 0
  Device: "BenchmarkDiode"	RelError: 3.07735e-15	AbsError: 5.48271e+01
    Region: "SiRegion"	RelError: 3.07735e-15	AbsError: 5.48271e+01
      Equation: "ElectronContinuityEquation"	RelError: 2.08196e-15	AbsError: 2.52795e+01
      Equation: "HoleContinuityEquation"	RelError: 8.46380e-16	AbsError: 2.95476e+01
      Equation: "PotentialEquation"	RelError: 1.49011e-16	AbsError: 5.66042e-17
Charge Relative Error 3.50879e-09
number of equations 5085
Iteration: 0
  Device: "BenchmarkDiode"	RelError: 1.93269e-15	AbsError: 4.81847e+01
    Region: "SiRegion"	RelError: 1.93269e-15	AbsError: 4.81847e+01
      Equation: "ElectronContinuityEquation"	RelError: 8.90547e-16	AbsError: 2.08322e+01
      Equation: "HoleContinuityEquation"	RelError: 9.35226e-16	AbsError: 2.73524e+01
      Equation: "PotentialEquation"	RelError: 1.06916e-16	AbsError: 4.27054e-17
Charge Relative Error 3.34943e-09
number of equations 5085
Iteration: 0
  Device: "BenchmarkDiode"	RelError: 2.10291e-15	AbsError: 4.46017e+01
    Region: "SiRegion"	RelError: 2.10291e-15	AbsError: 4.46017e+01
      Equation: "ElectronContinuityEquation"	RelError: 8.23196e-16	AbsError: 2.65888e+01
      Equation: "HoleContinuityEquation"	RelError: 1.14791e-15	AbsError: 1.80129e+01
      Equation: "PotentialEquation"	RelError: 1.31812e-16	AbsError: 5.16560e-17
Charge Relative Error 3.34943e-09
number of equations 5085
Iteration: 0
  Device: "BenchmarkDiode"	RelError: 2.06662e-15	AbsError: 5.36850e+01
    Region: "SiRegion"	RelError: 2.06662e-15	AbsError: 5.36850e+01
      Equation: "ElectronContinuityEquation"	RelError: 9.77369e-16	AbsError: 2.70020e+01
      Equation: "HoleContinuityEquation"	RelError: 9.65859e-16	AbsError: 2.66830e+01
      Equation: "PotentialEquation"	RelError: 1.23388e-16	AbsError: 4.88092e-17
Charge Relative Error 3.50879e-09
number of equations 5085
Iteration: 0
  Device: "BenchmarkDiode"	RelError: 2.70329e-15	AbsError: 7.15878e+01
    Region: "SiRegion"	RelError: 2.70329e-15	AbsError: 7.15878e+01
      Equation: "ElectronContinuityEquation"	RelError: 1.25331e-15	AbsError: 3.46250e+01
      Equation: "HoleContinuityEquation"	RelError: 1.33798e-15	AbsError: 3.69628e+01
      Equation: "PotentialEquation"	RelError: 1.12007e-16	AbsError: 4.48603e-17
Charge Relative Error 3.34943e-09
number of equations 5085
Iteration: 0
  Device: "BenchmarkDiode"	RelError: 2.35867e-15	AbsError: 6.10609e+01
    Region: "SiRegion"	RelError: 2.35867e-15	AbsError: 6.10609e+01
      Equation: "ElectronContinuityEquation"	RelError: 9.72053e-16	AbsError: 2.68549e+01
      Equation: "HoleContinuityEquation"	RelError: 1.26086e-15	AbsError: 3.42060e+01
      Equation: "PotentialEquation"	RelError: 1.25756e-16	AbsError: 4.99110e-17
Charge Relative Error 3.34943e-09
number of equations 5085
Iteration: 0
  Device: "BenchmarkDiode"	RelError: 2.23911e-15	AbsError: 5.68066e+01
    Region: "SiRegion"	RelError: 2.23911e-15	AbsError: 5.68066e+01
      Equation: "ElectronContinuityEquation"	RelError: 9.19486e-16	AbsError: 2.54026e+01
      Equation: "HoleContinuityEquation"	RelError: 1.20706e-15	AbsError: 3.14039e+01
      Equation: "PotentialEquation"	RelError: 1.12566e-16	AbsError: 4.49909e-17
Charge Relative Error 3.70189e-09
number of equations 5085
Iteration: 0
  Device: "BenchmarkDiode"	RelError: 1.99833e-15	AbsError: 5.01528e+01
    Region: "SiRegion"	RelError: 1.99833e-15	AbsError: 5.01528e+01
      Equation: "ElectronContinuityEquation"	RelError: 9.59124e-16	AbsError: 2.64982e+01
      Equation: "HoleContinuityEquation"	RelError: 9.13639e-16	AbsError: 2.36546e+01
      Equation: "PotentialEquation"	RelError: 1.25568e-16	AbsError: 4.77681e-17
Charge Relative Error 3.50879e-09
number of equations 5085
Iteration: 0
  Device: "BenchmarkDiode"	RelError: 2.24493e+03	AbsError: 2.11783e+17
    Region: "SiRegion"	RelError: 2.24493e+03	AbsError: 2.11783e+17
      Equation: "ElectronContinuityEquation"	RelError: 9.99000e+02	AbsError: 1.05891e+17
      Equation: "HoleContinuityEquation"	RelError: 1.24553e+03	AbsError: 1.05892e+17
      Equation: "PotentialEquation"	RelError: 4.04434e-01	AbsError: 1.10220e-01
Iteration: 1
  Device: "BenchmarkDiode"	RelError: 2.66202e+00	AbsError: 2.24503e+17
    Region: "SiRegion"	RelError: 2.66202e+00	AbsError: 2.24503e+17
      Equation: "ElectronContinuityEquation"	RelError: 9.99255e-01	AbsError: 1.40601e+17
      Equation: "HoleContinuityEquation"	RelError: 9.98995e-01	AbsError: 8.39020e+16
      Equation: "PotentialEquation"	RelError: 6.63768e-01	AbsError: 1.36360e-01
Iteration: 2
  Device: "BenchmarkDiode"	RelError: 1.99988e+03	AbsError: 1.29355e+17
    Region: "SiRegion"	RelError: 1.99988e+03	AbsError: 1.29355e+17
      Equation: "ElectronContinuityEquation"	RelError: 9.99000e+02	AbsError: 6.25212e+16
      Equation: "HoleContinuityEquation"	RelError: 9.99000e+02	AbsError: 6.68335e+16
      Equation: "PotentialEquation"	RelError: 1.87542e+00	AbsError: 1.06913e-01
Iteration: 3
  Device: "BenchmarkDiode"	RelError: 5.87950e+02	AbsError: 1.47942e+17
    Region: "SiRegion"	RelError: 5.87950e+02	AbsError: 1.47942e+17
      Equation: "ElectronContinuityEquation"	RelError: 9.98826e-01	AbsError: 3.11879e+16
      Equation: "HoleContinuityEquation"	RelError: 9.99412e-01	AbsError: 1.16754e+17
      Equation: "PotentialEquation"	RelError: 5.85952e+02	AbsError: 1.27516e-01
Iteration: 4
  Device: "BenchmarkDiode"	RelError: 2.03439e+03	AbsError: 1.07169e+17
    Region: "SiRegion"	RelError: 2.03439e+03	AbsError: 1.07169e+17
      Equation: "ElectronContinuityEquation"	RelError: 9.99000e+02	AbsError: 1.45639e+16
      Equation: "HoleContinuityEquation"	RelError: 9.99000e+02	AbsError: 9.26049e+16
      Equation: "PotentialEquation"	RelError: 3.63947e+01	AbsError: 1.03412e-01
Iteration: 5
  Device: "BenchmarkDiode"	RelError: 5.10401e+02	AbsError: 7.07498e+16
    Region: "SiRegion"	RelError: 5.10401e+02	AbsError: 7.07498e+16
      Equation: "ElectronContinuityEquation"	RelError: 9.99580e-01	AbsError: 5.35491e+16
      Equation: "HoleContinuityEquation"	RelError: 9.99066e-01	AbsError: 1.72007e+16
      Equation: "PotentialEquation"	RelError: 5.08402e+02	AbsError: 1.07118e-01
Iteration: 6
  Device: "BenchmarkDiode"	RelError: 2.50004e+03	AbsError: 6.63970e+16
    Region: "SiRegion"	RelError: 2.50004e+03	AbsError: 6.63970e+16
      Equation: "ElectronContinuityEquation"	RelError: 9.99000e+02	AbsError: 4.97883e+16
      Equation: "HoleContinuityEquation"	RelError: 9.99000e+02	AbsError: 1.66088e+16
      Equation: "PotentialEquation"	RelError: 5.02035e+02	AbsError: 9.93158e-02
Iteration: 7
  Device: "BenchmarkDiode"	RelError: 6.62177e+01	AbsError: 3.43316e+16
    Region: "SiRegion"	RelError: 6.62177e+01	AbsError: 3.43316e+16
      Equation: "ElectronContinuityEquation"	RelError: 9.99173e-01	AbsError: 1.63794e+16
      Equation: "HoleContinuityEquation"	RelError: 9.99552e-01	AbsError: 1.79523e+16
      Equation: "PotentialEquation"	RelError: 6.42189e+01	AbsError: 9.81609e-02
Iteration: 8
  Device: "BenchmarkDiode"	RelError: 2.40079e+03	AbsError: 1.47296e+16
    Region: "SiRegion"	RelError: 2.40079e+03	AbsError: 1.47296e+16
      Equation: "ElectronContinuityEquation"	RelError: 9.99000e+02	AbsError: 8.33702e+15
      Equation: "HoleContinuityEquation"	RelError: 9.99000e+02	AbsError: 6.39255e+15
      Equation: "PotentialEquation"	RelError: 4.02793e+02	AbsError: 9.54031e-02
Iteration: 9
  Device: "BenchmarkDiode"	RelError: 1.76406e+02	AbsError: 1.91926e+16
    Region: "SiRegion"	RelError: 1.76406e+02	AbsError: 1.91926e+16
      Equation: "ElectronContinuityEquation"	RelError: 9.99269e-01	AbsError: 1.18587e+16
      Equation: "HoleContinuityEquation"	RelError: 5.81757e+01	AbsError: 7.33392e+15
      Equation: "PotentialEquation"	RelError: 1.17231e+02	AbsError: 9.22450e-02
Iteration: 10
  Device: "BenchmarkDiode"	RelError: 2.10854e+03	AbsError: 1.79807e+16
    Region: "SiRegion"	RelError: 2.10854e+03	AbsError: 1.79807e+16
      Equation: "ElectronContinuityEquation"	RelError: 9.99000e+02	AbsError: 9.77431e+15
      Equation: "HoleContinuityEquation"	RelError: 9.99000e+02	AbsError: 8.20642e+15
      Equation: "PotentialEquation"	RelError: 1.10538e+02	AbsError: 9.04180e-02
Iteration: 11
  Device: "BenchmarkDiode"	RelError: 7.74872e+02	AbsError: 8.34862e+15
    Region: "SiRegion"	RelError: 7.74872e+02	AbsError: 8.34862e+15
      Equation: "ElectronContinuityEquation"	RelError: 9.99037e-01	AbsError: 4.83777e+15
      Equation: "HoleContinuityEquation"	RelError: 4.16709e+02	AbsError: 3.51085e+15
      Equation: "PotentialEquation"	RelError: 3.57163e+02	AbsError: 8.77546e-02
Iteration: 12
  Device: "BenchmarkDiode"	RelError: 2.59195e+03	AbsError: 5.76835e+15
    Region: "SiRegion"	RelError: 2.59195e+03	AbsError: 5.76835e+15
      Equation: "ElectronContinuityEquation"	RelError: 9.99000e+02	AbsError: 2.78421e+15
      Equation: "HoleContinuityEquation"	RelError: 9.99000e+02	AbsError: 2.98414e+15
      Equation: "PotentialEquation"	RelError: 5.93955e+02	AbsError: 8.40248e-02
Iteration: 13
  Device: "BenchmarkDiode"	RelError: 6.95238e+02	AbsError: 4.53608e+15
    Region: "SiRegion"	RelError: 6.95238e+02	AbsError: 4.53608e+15
      Equation: "ElectronContinuityEquation"	RelError: 9.98931e-01	AbsError: 1.31793e+15
      Equation: "HoleContinuityEquation"	RelError: 4.62092e+00	AbsError: 3.21815e+15
      Equation: "PotentialEquation"	RelError: 6.89618e+02	AbsError: 8.13376e-02
Iteration: 14
  Device: "BenchmarkDiode"	RelError: 1.83608e+03	AbsError: 3.10189e+15
    Region: "SiRegion"	RelError: 1.83608e+03	AbsError: 3.10189e+15
      Equation: "ElectronContinuityEquation"	RelError: 9.99000e+02	AbsError: 1.01241e+15
      Equation: "HoleContinuityEquation"	RelError: 1.01622e+00	AbsError: 2.08948e+15
      Equation: "PotentialEquation"	RelError: 8.36064e+02	AbsError: 7.69305e-02
Iteration: 15
  Device: "BenchmarkDiode"	RelError: 1.12031e+02	AbsError: 1.92823e+15
    Region: "SiRegion"	RelError: 1.12031e+02	AbsError: 1.92823e+15
      Equation: "ElectronContinuityEquation"	RelError: 9.98907e-01	AbsError: 5.89971e+14
      Equation: "HoleContinuityEquation"	RelError: 9.73832e-01	AbsError: 1.33826e+15
      Equation: "PotentialEquation"	RelError: 1.10058e+02	AbsError: 7.31201e-02
Iteration: 16
  Device: "BenchmarkDiode"	RelError: 1.63282e+01	AbsError: 7.55565e+14
    Region: "SiRegion"	RelError: 1.63282e+01	AbsError: 7.55565e+14
      Equation: "ElectronContinuityEquation"	RelError: 5.31496e+00	AbsError: 2.75195e+14
      Equation: "HoleContinuityEquation"	RelError: 3.25242e-01	AbsError: 4.80370e+14
      Equation: "PotentialEquation"	RelError: 1.06880e+01	AbsError: 6.81591e-02
Iteration: 17
  Device: "BenchmarkDiode"	RelError: 1.05757e+01	AbsError: 2.39545e+14
    Region: "SiRegion"	RelError: 1.05757e+01	AbsError: 2.39545e+14
      Equation: "ElectronContinuityEquation"	RelError: 7.89268e-01	AbsError: 9.32145e+13
      Equation: "HoleContinuityEquation"	RelError: 1.68181e-01	AbsError: 1.46330e+14
      Equation: "PotentialEquation"	RelError: 9.61824e+00	AbsError: 6.27557e-02
Iteration: 18
  Device: "BenchmarkDiode"	RelError: 9.74059e-01	AbsError: 1.00607e+14
    Region: "SiRegion"	RelError: 9.74059e-01	AbsError: 1.00607e+14
      Equation: "ElectronContinuityEquation"	RelError: 8.04577e-01	AbsError: 2.49464e+13
      Equation: "HoleContinuityEquation"	RelError: 9.43558e-02	AbsError: 7.56605e+13
      Equation: "PotentialEquation"	RelError: 7.51263e-02	AbsError: 5.65144e-02
Iteration: 19
  Device: "BenchmarkDiode"	RelError: 9.97914e-01	AbsError: 4.08486e+13
    Region: "SiRegion"	RelError: 9.97914e-01	AbsError: 4.08486e+13
      Equation: "ElectronContinuityEquation"	RelError: 2.66961e-01	AbsError: 1.05579e+13
      Equation: "HoleContinuityEquation"	RelError: 3.62569e-02	AbsError: 3.02908e+13
      Equation: "PotentialEquation"	RelError: 6.94696e-01	AbsError: 4.91729e-02
Iteration: 20
  Device: "BenchmarkDiode"	RelError: 3.35118e-01	AbsError: 1.23694e+13
    Region: "SiRegion"	RelError: 3.35118e-01	AbsError: 1.23694e+13
      Equation: "ElectronContinuityEquation"	RelError: 1.04584e-01	AbsError: 3.54447e+12
      Equation: "HoleContinuityEquation"	RelError: 1.06257e-02	AbsError: 8.82494e+12
      Equation: "PotentialEquation"	RelError: 2.19908e-01	AbsError: 4.05159e-02
Iteration: 21
  Device: "BenchmarkDiode"	RelError: 7.10451e-02	AbsError: 2.79511e+12
    Region: "SiRegion"	RelError: 7.10451e-02	AbsError: 2.79511e+12
      Equation: "ElectronContinuityEquation"	RelError: 2.68770e-02	AbsError: 8.91526e+11
      Equation: "HoleContinuityEquation"	RelError: 2.26342e-03	AbsError: 1.90358e+12
      Equation: "PotentialEquation"	RelError: 4.19047e-02	AbsError: 3.02457e-02
Iteration: 22
  Device: "BenchmarkDiode"	RelError: 2.65475e-02	AbsError: 7.65366e+11
    Region: "SiRegion"	RelError: 2.65475e-02	AbsError: 7.65366e+11
      Equation: "ElectronContinuityEquation"	RelError: 4.88733e-03	AbsError: 1.54490e+11
      Equation: "HoleContinuityEquation"	RelError: 7.26882e-04	AbsError: 6.10877e+11
      Equation: "PotentialEquation"	RelError: 2.09332e-02	AbsError: 2.57564e-02
Iteration: 23
  Device: "BenchmarkDiode"	RelError: 7.55545e-03	AbsError: 3.13206e+11
    Region: "SiRegion"	RelError: 7.55545e-03	AbsError: 3.13206e+11
      Equation: "ElectronContinuityEquation"	RelError: 5.07753e-04	AbsError: 1.52666e+10
      Equation: "HoleContinuityEquation"	RelError: 2.33815e-04	AbsError: 2.97940e+11
      Equation: "PotentialEquation"	RelError: 6.81388e-03	AbsError: 8.56466e-03
Iteration: 24
  Device: "BenchmarkDiode"	RelError: 1.36832e-03	AbsError: 4.81410e+11
    Region: "SiRegion"	RelError: 1.36832e-03	AbsError: 4.81410e+11
      Equation: "ElectronContinuityEquation"	RelError: 1.58992e-04	AbsError: 4.36230e+09
      Equation: "HoleContinuityEquation"	RelError: 3.74234e-04	AbsError: 4.77047e+11
      Equation: "PotentialEquation"	RelError: 8.35092e-04	AbsError: 1.18452e-06
Iteration: 25
  Device: "BenchmarkDiode"	RelError: 4.11130e-09	AbsError: 1.05830e+06
    Region: "SiRegion"	RelError: 4.11130e-09	AbsError: 1.05830e+06
      Equation: "ElectronContinuityEquation"	RelError: 5.61529e-10	AbsError: 1.40252e+04
      Equation: "HoleContinuityEquation"	RelError: 1.04721e-09	AbsError: 1.04427e+06
      Equation: "PotentialEquation"	RelError: 2.50256e-09	AbsError: 3.49551e-12
Iteration: 26
  Device: "BenchmarkDiode"	RelError: 7.76991e-14	AbsError: 5.75645e+01
    Region: "SiRegion"	RelError: 7.76991e-14	AbsError: 5.75645e+01
      Equation: "ElectronContinuityEquation"	RelError: 9.45708e-16	AbsError: 2.25373e+01
      Equation: "HoleContinuityEquation"	RelError: 1.04527e-15	AbsError: 3.50272e+01
      Equation: "PotentialEquation"	RelError: 7.57082e-14	AbsError: 1.25180e-16
Charge Relative Error 9.98676e-01
number of equations 5085
Iteration: 0
  Device: "BenchmarkDiode"	RelError: 5.13546e+03	AbsError: 8.15419e+15
    Region: "SiRegion"	RelError: 5.13546e+03	AbsError: 8.15419e+15
      Equation: "ElectronContinuityEquation"	RelError: 9.99000e+02	AbsError: 1.05845e+15
      Equation: "HoleContinuityEquation"	RelError: 3.95828e+03	AbsError: 7.09574e+15
      Equation: "PotentialEquation"	RelError: 1.78179e+02	AbsError: 6.18692e-02
Iteration: 1
  Device: "BenchmarkDiode"	RelError: 6.11128e+01	AbsError: 1.43633e+15
    Region: "SiRegion"	RelError: 6.11128e+01	AbsError: 1.43633e+15
      Equation: "ElectronContinuityEquation"	RelError: 8.82251e+00	AbsError: 1.58195e+14
      Equation: "HoleContinuityEquation"	RelError: 2.25327e+00	AbsError: 1.27813e+15
      Equation: "PotentialEquation"	RelError: 5.00370e+01	AbsError: 5.90722e-02
Iteration: 2
  Device: "BenchmarkDiode"	RelError: 2.68389e+01	AbsError: 3.98320e+14
    Region: "SiRegion"	RelError: 2.68389e+01	AbsError: 3.98320e+14
      Equation: "ElectronContinuityEquation"	RelError: 5.83795e+00	AbsError: 5.49004e+13
      Equation: "HoleContinuityEquation"	RelError: 1.36483e+00	AbsError: 3.43420e+14
      Equation: "PotentialEquation"	RelError: 1.96361e+01	AbsError: 5.31865e-02
Iteration: 3
  Device: "BenchmarkDiode"	RelError: 6.88614e+00	AbsError: 7.71182e+13
    Region: "SiRegion"	RelError: 6.88614e+00	AbsError: 7.71182e+13
      Equation: "ElectronContinuityEquation"	RelError: 6.35185e+00	AbsError: 2.49131e+12
      Equation: "HoleContinuityEquation"	RelError: 3.79990e-01	AbsError: 7.46269e+13
      Equation: "PotentialEquation"	RelError: 1.54303e-01	AbsError: 4.54449e-02
Iteration: 4
  Device: "BenchmarkDiode"	RelError: 4.01234e+00	AbsError: 1.26502e+13
    Region: "SiRegion"	RelError: 4.01234e+00	AbsError: 1.26502e+13
      Equation: "ElectronContinuityEquation"	RelError: 3.45921e+00	AbsError: 3.85843e+12
      Equation: "HoleContinuityEquation"	RelError: 1.51875e-01	AbsError: 8.79175e+12
      Equation: "PotentialEquation"	RelError: 4.01253e-01	AbsError: 3.61819e-02
Iteration: 5
  Device: "BenchmarkDiode"	RelError: 9.29003e-01	AbsError: 1.90629e+12
    Region: "SiRegion"	RelError: 9.29003e-01	AbsError: 1.90629e+12
      Equation: "ElectronContinuityEquation"	RelError: 8.21813e-01	AbsError: 1.99499e+11
      Equation: "HoleContinuityEquation"	RelError: 5.12020e-02	AbsError: 1.70680e+12
      Equation: "PotentialEquation"	RelError: 5.59877e-02	AbsError: 2.58694e-02
Iteration: 6
  Device: "BenchmarkDiode"	RelError: 1.13675e-01	AbsError: 2.83673e+11
    Region: "SiRegion"	RelError: 1.13675e-01	AbsError: 2.83673e+11
      Equation: "ElectronContinuityEquation"	RelError: 8.19110e-02	AbsError: 5.52122e+10
      Equation: "HoleContinuityEquation"	RelError: 6.14794e-03	AbsError: 2.28461e+11
      Equation: "PotentialEquation"	RelError: 2.56159e-02	AbsError: 1.74747e-02
Iteration: 7
  Device: "BenchmarkDiode"	RelError: 1.92828e-03	AbsError: 2.26427e+10
    Region: "SiRegion"	RelError: 1.92828e-03	AbsError: 2.26427e+10
      Equation: "ElectronContinuityEquation"	RelError: 1.08533e-03	AbsError: 4.27670e+09
      Equation: "HoleContinuityEquation"	RelError: 5.01692e-04	AbsError: 1.83660e+10
      Equation: "PotentialEquation"	RelError: 3.41261e-04	AbsError: 5.33431e-07
Iteration: 8
  Device: "BenchmarkDiode"	RelError: 6.89173e-10	AbsError: 8.96173e+03
    Region: "SiRegion"	RelError: 6.89173e-10	AbsError: 8.96173e+03
      Equation: "ElectronContinuityEquation"	RelError: 3.87516e-10	AbsError: 1.51336e+03
      Equation: "HoleContinuityEquation"	RelError: 2.06351e-10	AbsError: 7.44837e+03
      Equation: "PotentialEquation"	RelError: 9.53059e-11	AbsError: 1.97489e-13
Iteration: 9
  Device: "BenchmarkDiode"	RelError: 5.14869e-14	AbsError: 5.98926e+01
    Region: "SiRegion"	RelError: 5.14869e-14	AbsError: 5.98926e+01
      Equation: "ElectronContinuityEquation"	RelError: 1.23402e-15	AbsError: 2.26509e+01
      Equation: "HoleContinuityEquation"	RelError: 9.32864e-16	AbsError: 3.72417e+01
      Equation: "PotentialEquation"	RelError: 4.93200e-14	AbsError: 1.36352e-16
Charge Relative Error 1.00000e+00
number of equations 5085
Iteration: 0
  Device: "BenchmarkDiode"	RelError: 3.58872e+04	AbsError: 3.55513e+14
    Region: "SiRegion"	RelError: 3.58872e+04	AbsError: 3.55513e+14
      Equation: "ElectronContinuityEquation"	RelError: 2.12919e+04	AbsError: 5.74418e+13
      Equation: "HoleContinuityEquation"	RelError: 1.45887e+04	AbsError: 2.98071e+14
      Equation: "PotentialEquation"	RelError: 6.71855e+00	AbsError: 1.41746e-02
Iteration: 1
  Device: "BenchmarkDiode"	RelError: 5.14957e+00	AbsError: 4.45162e+12
    Region: "SiRegion"	RelError: 5.14957e+00	AbsError: 4.45162e+12
      Equation: "ElectronContinuityEquation"	RelError: 4.08853e+00	AbsError: 1.00937e+12
      Equation: "HoleContinuityEquation"	RelError: 1.01795e+00	AbsError: 3.44225e+12
      Equation: "PotentialEquation"	RelError: 4.30930e-02	AbsError: 1.13906e-04
Iteration: 2
  Device: "BenchmarkDiode"	RelError: 2.50808e-03	AbsError: 9.17490e+08
    Region: "SiRegion"	RelError: 2.50808e-03	AbsError: 9.17490e+08
      Equation: "ElectronContinuityEquation"	RelError: 2.22629e-03	AbsError: 9.56020e+07
      Equation: "HoleContinuityEquation"	RelError: 2.75405e-04	AbsError: 8.21888e+08
      Equation: "PotentialEquation"	RelError: 6.38950e-06	AbsError: 1.67733e-08
Iteration: 3
  Device: "BenchmarkDiode"	RelError: 2.49345e-10	AbsError: 8.86294e+01
    Region: "SiRegion"	RelError: 2.49345e-10	AbsError: 8.86294e+01
      Equation: "ElectronContinuityEquation"	RelError: 2.32897e-10	AbsError: 4.43015e+01
      Equation: "HoleContinuityEquation"	RelError: 1.61400e-11	AbsError: 4.43279e+01
      Equation: "PotentialEquation"	RelError: 3.07123e-13	AbsError: 6.46423e-16
Iteration: 4
  Device: "BenchmarkDiode"	RelError: 2.54684e-14	AbsError: 5.22123e+01
    Region: "SiRegion"	RelError: 2.54684e-14	AbsError: 5.22123e+01
      Equation: "ElectronContinuityEquation"	RelError: 9.72468e-16	AbsError: 2.30335e+01
      Equation: "HoleContinuityEquation"	RelError: 1.33142e-15	AbsError: 2.91788e+01
      Equation: "PotentialEquation"	RelError: 2.31645e-14	AbsError: 1.44663e-16
Charge Relative Error 1.00000e+00
number of equations 5085
Iteration: 0
  Device: "BenchmarkDiode"	RelError: 2.80133e+02	AbsError: 7.65061e+12
    Region: "SiRegion"	RelError: 2.80133e+02	AbsError: 7.65061e+12
      Equation: "ElectronContinuityEquation"	RelError: 1.81931e+02	AbsError: 1.47662e+12
      Equation: "HoleContinuityEquation"	RelError: 9.80863e+01	AbsError: 6.17399e+12
      Equation: "PotentialEquation"	RelError: 1.15778e-01	AbsError: 2.67123e-04
Iteration: 1
  Device: "BenchmarkDiode"	RelError: 9.99875e-02	AbsError: 1.92129e+09
    Region: "SiRegion"	RelError: 9.99875e-02	AbsError: 1.92129e+09
      Equation: "ElectronContinuityEquation"	RelError: 6.89438e-02	AbsError: 3.70301e+08
      Equation: "HoleContinuityEquation"	RelError: 3.10306e-02	AbsError: 1.55099e+09
      Equation: "PotentialEquation"	RelError: 1.31117e-05	AbsError: 4.71912e-08
Iteration: 2
  Device: "BenchmarkDiode"	RelError: 1.69243e-08	AbsError: 2.05410e+02
    Region: "SiRegion"	RelError: 1.69243e-08	AbsError: 2.05410e+02
      Equation: "ElectronContinuityEquation"	RelError: 1.60060e-08	AbsError: 3.51003e+01
      Equation: "HoleContinuityEquation"	RelError: 9.17175e-10	AbsError: 1.70310e+02
      Equation: "PotentialEquation"	RelError: 1.12514e-12	AbsError: 3.26389e-15
Iteration: 3
  Device: "BenchmarkDiode"	RelError: 1.39316e-14	AbsError: 4.14911e+01
    Region: "SiRegion"	RelError: 1.39316e-14	AbsError: 4.14911e+01
      Equation: "ElectronContinuityEquation"	RelError: 1.46528e-15	AbsError: 2.87297e+01
      Equation: "HoleContinuityEquation"	RelError: 1.12967e-15	AbsError: 1.27614e+01
      Equation: "PotentialEquation"	RelError: 1.13366e-14	AbsError: 1.12808e-16
Charge Relative Error 1.00000e+00
number of equations 5085
Iteration: 0
  Device: "BenchmarkDiode"	RelError: 2.18302e+02	AbsError: 1.20035e+11
    Region: "SiRegion"	RelError: 2.18302e+02	AbsError: 1.20035e+11
      Equation: "ElectronContinuityEquation"	RelError: 1.37285e+02	AbsError: 2.41495e+10
      Equation: "HoleContinuityEquation"	RelError: 8.10147e+01	AbsError: 9.58858e+10
      Equation: "PotentialEquation"	RelError: 1.71512e-03	AbsError: 3.79633e-06
Iteration: 1
  Device: "BenchmarkDiode"	RelError: 1.29763e-03	AbsError: 4.52164e+05
    Region: "SiRegion"	RelError: 1.29763e-03	AbsError: 4.52164e+05
      Equation: "ElectronContinuityEquation"	RelError: 1.01400e-03	AbsError: 8.02354e+04
      Equation: "HoleContinuityEquation"	RelError: 2.83626e-04	AbsError: 3.71928e+05
      Equation: "PotentialEquation"	RelError: 2.81616e-09	AbsError: 1.05027e-11
Iteration: 2
  Device: "BenchmarkDiode"	RelError: 6.50532e-14	AbsError: 5.97428e+01
    Region: "SiRegion"	RelError: 6.50532e-14	AbsError: 5.97428e+01
      Equation: "ElectronContinuityEquation"	RelError: 5.37068e-14	AbsError: 2.69672e+01
      Equation: "HoleContinuityEquation"	RelError: 2.82132e-15	AbsError: 3.27756e+01
      Equation: "PotentialEquation"	RelError: 8.52511e-15	AbsError: 1.30512e-16
Charge Relative Error 1.00000e+00
number of equations 5085
Iteration: 0
  Device: "BenchmarkDiode"	RelError: 1.44320e+02	AbsError: 1.68753e+09
    Region: "SiRegion"	RelError: 1.44320e+02	AbsError: 1.68753e+09
      Equation: "ElectronContinuityEquation"	RelError: 8.16378e+01	AbsError: 3.67634e+08
      Equation: "HoleContinuityEquation"	RelError: 6.26822e+01	AbsError: 1.31989e+09
      Equation: "PotentialEquation"	RelError: 2.44962e-05	AbsError: 5.04966e-08
Iteration: 1
  Device: "BenchmarkDiode"	RelError: 1.60042e-05	AbsError: 9.81979e+01
    Region: "SiRegion"	RelError: 1.60042e-05	AbsError: 9.81979e+01
      Equation: "ElectronContinuityEquation"	RelError: 1.34120e-05	AbsError: 2.82402e+01
      Equation: "HoleContinuityEquation"	RelError: 2.59226e-06	AbsError: 6.99577e+01
      Equation: "PotentialEquation"	RelError: 4.32921e-13	AbsError: 1.97671e-15
Iteration: 2
  Device: "BenchmarkDiode"	RelError: 3.57005e-14	AbsError: 4.06417e+01
    Region: "SiRegion"	RelError: 3.57005e-14	AbsError: 4.06417e+01
      Equation: "ElectronContinuityEquation"	RelError: 3.23384e-15	AbsError: 2.35730e+01
      Equation: "HoleContinuityEquation"	RelError: 2.44432e-15	AbsError: 1.70687e+01
      Equation: "PotentialEquation"	RelError: 3.00224e-14	AbsError: 1.22315e-16
Charge Relative Error 9.99974e-01
number of equations 5085
Iteration: 0
  Device: "BenchmarkDiode"	RelError: 7.19414e+01	AbsError: 2.49237e+07
    Region: "SiRegion"	RelError: 7.19414e+01	AbsError: 2.49237e+07
      Equation: "ElectronContinuityEquation"	RelError: 3.09631e+01	AbsError: 6.25884e+06
      Equation: "HoleContinuityEquation"	RelError: 4.09783e+01	AbsError: 1.86648e+07
      Equation: "PotentialEquation"	RelError: 3.97933e-07	AbsError: 7.42458e-10
Iteration: 1
  Device: "BenchmarkDiode"	RelError: 1.10063e-07	AbsError: 6.13462e+01
    Region: "SiRegion"	RelError: 1.10063e-07	AbsError: 6.13462e+01
      Equation: "ElectronContinuityEquation"	RelError: 6.88555e-08	AbsError: 2.65424e+01
      Equation: "HoleContinuityEquation"	RelError: 4.12076e-08	AbsError: 3.48038e+01
      Equation: "PotentialEquation"	RelError: 3.56816e-14	AbsError: 1.37009e-16
Iteration: 2
  Device: "BenchmarkDiode"	RelError: 9.19798e-15	AbsError: 5.09145e+01
    Region: "SiRegion"	RelError: 9.19798e-15	AbsError: 5.09145e+01
      Equation: "ElectronContinuityEquation"	RelError: 3.58607e-15	AbsError: 2.94215e+01
      Equation: "HoleContinuityEquation"	RelError: 1.56471e-15	AbsError: 2.14930e+01
      Equation: "PotentialEquation"	RelError: 4.04720e-15	AbsError: 1.19846e-16
Charge Relative Error 9.97265e-01
number of equations 5085
Iteration: 0
  Device: "BenchmarkDiode"	RelError: 2.67022e+01	AbsError: 4.30858e+05
    Region: "SiRegion"	RelError: 2.67022e+01	AbsError: 4.30858e+05
      Equation: "ElectronContinuityEquation"	RelError: 5.82972e-01	AbsError: 1.24593e+05
      Equation: "HoleContinuityEquation"	RelError: 2.61192e+01	AbsError: 3.06265e+05
      Equation: "PotentialEquation"	RelError: 7.70425e-09	AbsError: 1.32865e-11
Iteration: 1
  Device: "BenchmarkDiode"	RelError: 5.35092e-10	AbsError: 6.12153e+01
    Region: "SiRegion"	RelError: 5.35092e-10	AbsError: 6.12153e+01
      Equation: "ElectronContinuityEquation"	RelError: 2.13477e-11	AbsError: 3.42966e+01
      Equation: "HoleContinuityEquation"	RelError: 5.13687e-10	AbsError: 2.69187e+01
      Equation: "PotentialEquation"	RelError: 5.70647e-14	AbsError: 1.17184e-16
Iteration: 2
  Device: "BenchmarkDiode"	RelError: 4.84822e-15	AbsError: 4.39985e+01
    Region: "SiRegion"	RelError: 4.84822e-15	AbsError: 4.39985e+01
      Equation: "ElectronContinuityEquation"	RelError: 1.96560e-15	AbsError: 2.45502e+01
      Equation: "HoleContinuityEquation"	RelError: 2.17555e-15	AbsError: 1.94482e+01
      Equation: "PotentialEquation"	RelError: 7.07068e-16	AbsError: 1.11098e-16
Charge Relative Error 7.87019e-01
number of equations 5085
Iteration: 0
  Device: "BenchmarkDiode"	RelError: 1.59994e+00	AbsError: 8.73331e+03
    Region: "SiRegion"	RelError: 1.59994e+00	AbsError: 8.73331e+03
      Equation: "ElectronContinuityEquation"	RelError: 6.98569e-03	AbsError: 2.75157e+03
      Equation: "HoleContinuityEquation"	RelError: 1.59296e+00	AbsError: 5.98174e+03
      Equation: "PotentialEquation"	RelError: 1.67825e-10	AbsError: 2.78647e-13
Iteration: 1
  Device: "BenchmarkDiode"	RelError: 1.02506e-12	AbsError: 5.64982e+01
    Region: "SiRegion"	RelError: 1.02506e-12	AbsError: 5.64982e+01
      Equation: "ElectronContinuityEquation"	RelError: 6.18394e-15	AbsError: 2.38043e+01
      Equation: "HoleContinuityEquation"	RelError: 1.01777e-12	AbsError: 3.26939e+01
      Equation: "PotentialEquation"	RelError: 1.10920e-15	AbsError: 1.14872e-16
Charge Relative Error 4.56671e-02
number of equations 5085
Iteration: 0
  Device: "BenchmarkDiode"	RelError: 3.90148e-02	AbsError: 2.00789e+02
    Region: "SiRegion"	RelError: 3.90148e-02	AbsError: 2.00789e+02
      Equation: "ElectronContinuityEquation"	RelError: 8.31445e-05	AbsError: 6.48448e+01
      Equation: "HoleContinuityEquation"	RelError: 3.89317e-02	AbsError: 1.35944e+02
      Equation: "PotentialEquation"	RelError: 3.87656e-12	AbsError: 6.36399e-15
Iteration: 1
  Device: "BenchmarkDiode"	RelError: 4.46539e-14	AbsError: 3.92038e+01
    Region: "SiRegion"	RelError: 4.46539e-14	AbsError: 3.92038e+01
      Equation: "ElectronContinuityEquation"	RelError: 1.57875e-15	AbsError: 2.54355e+01
      Equation: "HoleContinuityEquation"	RelError: 1.08167e-14	AbsError: 1.37683e+01
      Equation: "PotentialEquation"	RelError: 3.22584e-14	AbsError: 1.15279e-16
Charge Relative Error 1.03100e-03
number of equations 5085
Iteration: 0
  Device: "BenchmarkDiode"	RelError: 9.17689e-04	AbsError: 3.81678e+01
    Region: "SiRegion"	RelError: 9.17689e-04	AbsError: 3.81678e+01
      Equation: "ElectronContinuityEquation"	RelError: 9.89541e-07	AbsError: 2.96859e+01
      Equation: "HoleContinuityEquation"	RelError: 9.16700e-04	AbsError: 8.48186e+00
      Equation: "PotentialEquation"	RelError: 1.09743e-13	AbsError: 2.23154e-16
Iteration: 1
  Device: "BenchmarkDiode"	RelError: 1.84192e-14	AbsError: 2.87932e+01
    Region: "SiRegion"	RelError: 1.84192e-14	AbsError: 2.87932e+01
      Equation: "ElectronContinuityEquation"	RelError: 2.60179e-15	AbsError: 2.05568e+01
      Equation: "HoleContinuityEquation"	RelError: 2.79424e-15	AbsError: 8.23646e+00
      Equation: "PotentialEquation"	RelError: 1.30232e-14	AbsError: 1.16260e-16
Charge Relative Error 2.42299e-05
number of equations 5085
Iteration: 0
  Device: "BenchmarkDiode"	RelError: 2.15776e-05	AbsError: 2.78427e+01
    Region: "SiRegion"	RelError: 2.15776e-05	AbsError: 2.78427e+01
      Equation: "ElectronContinuityEquation"	RelError: 1.17771e-08	AbsError: 1.51922e+01
      Equation: "HoleContinuityEquation"	RelError: 2.15658e-05	AbsError: 1.26505e+01
      Equation: "PotentialEquation"	RelError: 2.30919e-14	AbsError: 1.18176e-16
Iteration: 1
  Device: "BenchmarkDiode"	RelError: 3.44548e-14	AbsError: 3.35104e+01
    Region: "SiRegion"	RelError: 3.44548e-14	AbsError: 3.35104e+01
      Equation: "ElectronContinuityEquation"	RelError: 1.59844e-15	AbsError: 2.55878e+01
      Equation: "HoleContinuityEquation"	RelError: 1.74214e-15	AbsError: 7.92261e+00
      Equation: "PotentialEquation"	RelError: 3.11142e-14	AbsError: 1.12976e-16
Charge Relative Error 5.69996e-07
number of equations 5085
Iteration: 0
  Device: "BenchmarkDiode"	RelError: 5.07477e-07	AbsError: 3.68633e+01
    Region: "SiRegion"	RelError: 5.07477e-07	AbsError: 3.68633e+01
      Equation: "ElectronContinuityEquation"	RelError: 1.40167e-10	AbsError: 2.88869e+01
      Equation: "HoleContinuityEquation"	RelError: 5.07337e-07	AbsError: 7.97641e+00
      Equation: "PotentialEquation"	RelError: 2.25408e-14	AbsError: 1.12227e-16
Iteration: 1
  Device: "BenchmarkDiode"	RelError: 2.50458e-14	AbsError: 3.34724e+01
    Region: "SiRegion"	RelError: 2.50458e-14	AbsError: 3.34724e+01
      Equation: "ElectronContinuityEquation"	RelError: 1.20549e-15	AbsError: 2.55498e+01
      Equation: "HoleContinuityEquation"	RelError: 1.52611e-15	AbsError: 7.92261e+00
      Equation: "PotentialEquation"	RelError: 2.23142e-14	AbsError: 1.11239e-16
Charge Relative Error 1.34092e-08
number of equations 5085
Iteration: 0
  Device: "BenchmarkDiode"	RelError: 1.19368e-08	AbsError: 3.70301e+01
    Region: "SiRegion"	RelError: 1.19368e-08	AbsError: 3.70301e+01
      Equation: "ElectronContinuityEquation"	RelError: 1.66648e-12	AbsError: 2.89046e+01
      Equation: "HoleContinuityEquation"	RelError: 1.19351e-08	AbsError: 8.12553e+00
      Equation: "PotentialEquation"	RelError: 2.24479e-14	AbsError: 1.12247e-16
Iteration: 1
  Device: "BenchmarkDiode"	RelError: 2.58179e-14	AbsError: 3.38397e+01
    Region: "SiRegion"	RelError: 2.58179e-14	AbsError: 3.38397e+01
      Equation: "ElectronContinuityEquation"	RelError: 1.83172e-15	AbsError: 2.55234e+01
      Equation: "HoleContinuityEquation"	RelError: 1.23604e-15	AbsError: 8.31628e+00
      Equation: "PotentialEquation"	RelError: 2.27501e-14	AbsError: 1.11022e-16
Charge Relative Error 4.51404e-09
number of equations 5085
Iteration: 0
  Device: "BenchmarkDiode"	RelError: 2.80820e-10	AbsError: 3.69346e+01
    Region: "SiRegion"	RelError: 2.80820e-10	AbsError: 3.69346e+01
      Equation: "ElectronContinuityEquation"	RelError: 2.11977e-14	AbsError: 2.90120e+01
      Equation: "HoleContinuityEquation"	RelError: 2.80773e-10	AbsError: 7.92261e+00
      Equation: "PotentialEquation"	RelError: 2.51504e-14	AbsError: 1.11022e-16
Iteration: 1
  Device: "BenchmarkDiode"	RelError: 2.66346e-14	AbsError: 3.34665e+01
    Region: "SiRegion"	RelError: 2.66346e-14	AbsError: 3.34665e+01
      Equation: "ElectronContinuityEquation"	RelError: 1.58697e-15	AbsError: 2.55438e+01
      Equation: "HoleContinuityEquation"	RelError: 1.67020e-15	AbsError: 7.92261e+00
      Equation: "PotentialEquation"	RelError: 2.33774e-14	AbsError: 1.11397e-16
Charge Relative Error 4.51404e-09
number of equations 5085
Iteration: 0
  Device: "BenchmarkDiode"	RelError: 6.62768e-12	AbsError: 3.68641e+01
    Region: "SiRegion"	RelError: 6.62768e-12	AbsError: 3.68641e+01
      Equation: "ElectronContinuityEquation"	RelError: 1.31582e-15	AbsError: 2.89415e+01
      Equation: "HoleContinuityEquation"	RelError: 6.60524e-12	AbsError: 7.92261e+00
      Equation: "PotentialEquation"	RelError: 2.11234e-14	AbsError: 1.11824e-16
Charge Relative Error 4.51404e-09
number of equations 5085
Iteration: 0
  Device: "BenchmarkDiode"	RelError: 1.77156e-13	AbsError: 3.34636e+01
    Region: "SiRegion"	RelError: 1.77156e-13	AbsError: 3.34636e+01
      Equation: "ElectronContinuityEquation"	RelError: 1.06941e-15	AbsError: 2.55410e+01
      Equation: "HoleContinuityEquation"	RelError: 1.55030e-13	AbsError: 7.92261e+00
      Equation: "PotentialEquation"	RelError: 2.10568e-14	AbsError: 1.11546e-16
Charge Relative Error 4.51404e-09
number of equations 5085
Iteration: 0
  Device: "BenchmarkDiode"	RelError: 2.74822e-14	AbsError: 3.68653e+01
    Region: "SiRegion"	RelError: 2.74822e-14	AbsError: 3.68653e+01
      Equation: "ElectronContinuityEquation"	RelError: 1.50693e-15	AbsError: 2.89427e+01
      Equation: "HoleContinuityEquation"	RelError: 4.61455e-15	AbsError: 7.92261e+00
      Equation: "PotentialEquation"	RelError: 2.13607e-14	AbsError: 1.11844e-16
Charge Relative Error 4.51404e-09
number of equations 5085
Iteration: 0
  Device: "BenchmarkDiode"	RelError: 2.47418e-14	AbsError: 3.34627e+01
    Region: "SiRegion"	RelError: 2.47418e-14	AbsError: 3.34627e+01
      Equation: "ElectronContinuityEquation"	RelError: 9.37585e-16	AbsError: 2.55401e+01
      Equation: "HoleContinuityEquation"	RelError: 1.28676e-15	AbsError: 7.92261e+00
      Equation: "PotentialEquation"	RelError: 2.25175e-14	AbsError: 1.11441e-16
Charge Relative Error 4.51404e-09
number of equations 5085
Iteration: 0
  Device: "BenchmarkDiode"	RelError: 2.62376e-14	AbsError: 3.68651e+01
    Region: "SiRegion"	RelError: 2.62376e-14	AbsError: 3.68651e+01
      Equation: "ElectronContinuityEquation"	RelError: 1.04196e-15	AbsError: 2.89425e+01
      Equation: "HoleContinuityEquation"	RelError: 1.41772e-15	AbsError: 7.92261e+00
      Equation: "PotentialEquation"	RelError: 2.37779e-14	AbsError: 1.11791e-16
Charge Relative Error 4.51404e-09
number of equations 5085
Iteration: 0
  Device: "BenchmarkDiode"	RelError: 2.44011e-14	AbsError: 3.34634e+01
    Region: "SiRegion"	RelError: 2.44011e-14	AbsError: 3.34634e+01
      Equation: "ElectronContinuityEquation"	RelError: 1.14089e-15	AbsError: 2.55408e+01
      Equation: "HoleContinuityEquation"	RelError: 8.27029e-16	AbsError: 7.92261e+00
      Equation: "PotentialEquation"	RelError: 2.24332e-14	AbsError: 1.11564e-16
Charge Relative Error 4.51404e-09
number of equations 5085
Iteration: 0
  Device: "BenchmarkDiode"	RelError: 2.38180e-14	AbsError: 3.68651e+01
    Region: "SiRegion"	RelError: 2.38180e-14	AbsError: 3.68651e+01
      Equation: "ElectronContinuityEquation"	RelError: 9.58345e-16	AbsError: 2.89425e+01
      Equation: "HoleContinuityEquation"	RelError: 7.50620e-16	AbsError: 7.92261e+00
      Equation: "PotentialEquation"	RelError: 2.21090e-14	AbsError: 1.11846e-16
Charge Relative Error 4.51404e-09
number of equations 5085
Iteration: 0
  Device: "BenchmarkDiode"	RelError: 2.46174e-14	AbsError: 3.34636e+01
    Region: "SiRegion"	RelError: 2.46174e-14	AbsError: 3.34636e+01
      Equation: "ElectronContinuityEquation"	RelError: 1.05804e-15	AbsError: 2.55410e+01
      Equation: "HoleContinuityEquation"	RelError: 1.09838e-15	AbsError: 7.92261e+00
      Equation: "PotentialEquation"	RelError: 2.24610e-14	AbsError: 1.11522e-16
Charge Relative Error 4.51404e-09
number of equations 5085
Iteration: 0
  Device: "BenchmarkDiode"	RelError: 2.41699e-14	AbsError: 3.68650e+01
    Region: "SiRegion"	RelError: 2.41699e-14	AbsError: 3.68650e+01
      Equation: "ElectronContinuityEquation"	RelError: 1.15818e-15	AbsError: 2.89423e+01
      Equation: "HoleContinuityEquation"	RelError: 9.67653e-16	AbsError: 7.92261e+00
      Equation: "PotentialEquation"	RelError: 2.20441e-14	AbsError: 1.11770e-16
Charge Relative Error 4.51404e-09
number of equations 5085
Iteration: 0
  Device: "BenchmarkDiode"	RelError: 2.44967e-14	AbsError: 3.34627e+01
    Region: "SiRegion"	RelError: 2.44967e-14	AbsError: 3.34627e+01
      Equation: "ElectronContinuityEquation"	RelError: 8.20000e-16	AbsError: 2.55401e+01
      Equation: "HoleContinuityEquation"	RelError: 1.63962e-15	AbsError: 7.92261e+00
      Equation: "PotentialEquation"	RelError: 2.20371e-14	AbsError: 1.11588e-16
Charge Relative Error 4.51404e-09
number of equations 5085
Iteration: 0
  Device: "BenchmarkDiode"	RelError: 2.41159e-14	AbsError: 3.68651e+01
    Region: "SiRegion"	RelError: 2.41159e-14	AbsError: 3.68651e+01
      Equation: "ElectronContinuityEquation"	RelError: 8.03564e-16	AbsError: 2.89425e+01
      Equation: "HoleContinuityEquation"	RelError: 1.20308e-15	AbsError: 7.92261e+00
      Equation: "PotentialEquation"	RelError: 2.21092e-14	AbsError: 1.11847e-16
Charge Relative Error 4.51404e-09
number of equations 5085
Iteration: 0
  Device: "BenchmarkDiode"	RelError: 2.42526e-14	AbsError: 3.34635e+01
    Region: "SiRegion"	RelError: 2.42526e-14	AbsError: 3.34635e+01
      Equation: "ElectronContinuityEquation"	RelError: 1.24559e-15	AbsError: 2.55409e+01
      Equation: "HoleContinuityEquation"	RelError: 1.02572e-15	AbsError: 7.92261e+00
      Equation: "PotentialEquation"	RelError: 2.19813e-14	AbsError: 1.11499e-16
Charge Relative Error 4.51404e-09
number of equations 5085
Iteration: 0
  Device: "BenchmarkDiode"	RelError: 2.44890e-14	AbsError: 3.68651e+01
    Region: "SiRegion"	RelError: 2.44890e-14	AbsError: 3.68651e+01
      Equation: "ElectronContinuityEquation"	RelError: 1.15752e-15	AbsError: 2.89425e+01
      Equation: "HoleContinuityEquation"	RelError: 1.20968e-15	AbsError: 7.92261e+00
      Equation: "PotentialEquation"	RelError: 2.21218e-14	AbsError: 1.11790e-16
Charge Relative Error 4.51404e-09
number of equations 5085
Iteration: 0
  Device: "BenchmarkDiode"	RelError: 2.52346e-14	AbsError: 3.34633e+01
    Region: "SiRegion"	RelError: 2.52346e-14	AbsError: 3.34633e+01
      Equation: "ElectronContinuityEquation"	RelError: 1.52173e-15	AbsError: 2.55407e+01
      Equation: "HoleContinuityEquation"	RelError: 1.30040e-15	AbsError: 7.92261e+00
      Equation: "PotentialEquation"	RelError: 2.24124e-14	AbsError: 1.11566e-16
Charge Relative Error 4.51404e-09
number of equations 5085
Iteration: 0
  Device: "BenchmarkDiode"	RelError: 2.54313e-14	AbsError: 3.68653e+01
    Region: "SiRegion"	RelError: 2.54313e-14	AbsError: 3.68653e+01
      Equation: "ElectronContinuityEquation"	RelError: 1.26640e-15	AbsError: 2.89427e+01
      Equation: "HoleContinuityEquation"	RelError: 1.61165e-15	AbsError: 7.92261e+00
      Equation: "PotentialEquation"	RelError: 2.25533e-14	AbsError: 1.11844e-16
Charge Relative Error 4.51404e-09
number of equations 5085
Iteration: 0
  Device: "BenchmarkDiode"	RelError: 2.60061e-14	AbsError: 3.34636e+01
    Region: "SiRegion"	RelError: 2.60061e-14	AbsError: 3.34636e+01
      Equation: "ElectronContinuityEquation"	RelError: 1.10953e-15	AbsError: 2.55410e+01
      Equation: "HoleContinuityEquation"	RelError: 2.01585e-15	AbsError: 7.92261e+00
      Equation: "PotentialEquation"	RelError: 2.28807e-14	AbsError: 1.11522e-16
Charge Relative Error 4.51404e-09
number of equations 5085
Iteration: 0
  Device: "BenchmarkDiode"	RelError: 2.58054e-14	AbsError: 3.68652e+01
    Region: "SiRegion"	RelError: 2.58054e-14	AbsError: 3.68652e+01
      Equation: "ElectronContinuityEquation"	RelError: 1.85344e-15	AbsError: 2.89426e+01
      Equation: "HoleContinuityEquation"	RelError: 1.39714e-15	AbsError: 7.92261e+00
      Equation: "PotentialEquation"	RelError: 2.25549e-14	AbsError: 1.11789e-16
Charge Relative Error 4.51404e-09
number of equations 5085
Iteration: 0
  Device: "BenchmarkDiode"	RelError: 2.41415e-14	AbsError: 3.34638e+01
    Region: "SiRegion"	RelError: 2.41415e-14	AbsError: 3.34638e+01
      Equation: "ElectronContinuityEquation"	RelError: 1.54392e-15	AbsError: 2.55411e+01
      Equation: "HoleContinuityEquation"	RelError: 1.24387e-15	AbsError: 7.92261e+00
      Equation: "PotentialEquation"	RelError: 2.13537e-14	AbsError: 1.11604e-16
Charge Relative Error 4.51404e-09
number of equations 5085
Iteration: 0
  Device: "BenchmarkDiode"	RelError: 2.43646e-14	AbsError: 3.68655e+01
    Region: "SiRegion"	RelError: 2.43646e-14	AbsError: 3.68655e+01
      Equation: "ElectronContinuityEquation"	RelError: 1.21053e-15	AbsError: 2.89429e+01
      Equation: "HoleContinuityEquation"	RelError: 1.75524e-15	AbsError: 7.92261e+00
      Equation: "PotentialEquation"	RelError: 2.13988e-14	AbsError: 1.11865e-16
Charge Relative Error 4.51404e-09
number of equations 5085
Iteration: 0
  Device: "BenchmarkDiode"	RelError: 2.49331e-14	AbsError: 3.34641e+01
    Region: "SiRegion"	RelError: 2.49331e-14	AbsError: 3.34641e+01
      Equation: "ElectronContinuityEquation"	RelError: 1.24666e-15	AbsError: 2.55415e+01
      Equation: "HoleContinuityEquation"	RelError: 1.59199e-15	AbsError: 7.92261e+00
      Equation: "PotentialEquation"	RelError: 2.20944e-14	AbsError: 1.11518e-16
Charge Relative Error 4.51404e-09
number of equations 5085
Iteration: 0
  Device: "BenchmarkDiode"	RelError: 2.46280e-14	AbsError: 3.68655e+01
    Region: "SiRegion"	RelError: 2.46280e-14	AbsError: 3.68655e+01
      Equation: "ElectronContinuityEquation"	RelError: 1.28373e-15	AbsError: 2.89429e+01
      Equation: "HoleContinuityEquation"	RelError: 1.19310e-15	AbsError: 7.92261e+00
      Equation: "PotentialEquation"	RelError: 2.21512e-14	AbsError: 1.11789e-16
Charge Relative Error 4.51404e-09
number of equations 5085
Iteration: 0
  Device: "BenchmarkDiode"	RelError: 2.38919e-14	AbsError: 3.34639e+01
    Region: "SiRegion"	RelError: 2.38919e-14	AbsError: 3.34639e+01
      Equation: "ElectronContinuityEquation"	RelError: 8.03557e-16	AbsError: 2.55413e+01
      Equation: "HoleContinuityEquation"	RelError: 1.37989e-15	AbsError: 7.92261e+00
      Equation: "PotentialEquation"	RelError: 2.17085e-14	AbsError: 1.11583e-16
Charge Relative Error 4.51404e-09
number of equations 5085
Iteration: 0
  Device: "BenchmarkDiode"	RelError: 2.46732e-14	AbsError: 3.68658e+01
    Region: "SiRegion"	RelError: 2.46732e-14	AbsError: 3.68658e+01
      Equation: "ElectronContinuityEquation"	RelError: 1.36206e-15	AbsError: 2.89432e+01
      Equation: "HoleContinuityEquation"	RelError: 1.89697e-15	AbsError: 7.92261e+00
      Equation: "PotentialEquation"	RelError: 2.14142e-14	AbsError: 1.11863e-16
Charge Relative Error 4.51404e-09
number of equations 5085
Iteration: 0
  Device: "BenchmarkDiode"	RelError: 2.45334e-14	AbsError: 3.34640e+01
    Region: "SiRegion"	RelError: 2.45334e-14	AbsError: 3.34640e+01
      Equation: "ElectronContinuityEquation"	RelError: 1.36259e-15	AbsError: 2.55414e+01
      Equation: "HoleContinuityEquation"	RelError: 1.49127e-15	AbsError: 7.92261e+00
      Equation: "PotentialEquation"	RelError: 2.16795e-14	AbsError: 1.11519e-16
Charge Relative Error 4.51404e-09
number of equations 5085
Iteration: 0
  Device: "BenchmarkDiode"	RelError: 2.38059e-14	AbsError: 3.68659e+01
    Region: "SiRegion"	RelError: 2.38059e-14	AbsError: 3.68659e+01
      Equation: "ElectronContinuityEquation"	RelError: 9.81343e-16	AbsError: 2.89433e+01
      Equation: "HoleContinuityEquation"	RelError: 9.18521e-16	AbsError: 7.92261e+00
      Equation: "PotentialEquation"	RelError: 2.19061e-14	AbsError: 1.11829e-16
Charge Relative Error 4.51404e-09
number of equations 5085
Iteration: 0
  Device: "BenchmarkDiode"	RelError: 2.42782e-14	AbsError: 3.34670e+01
    Region: "SiRegion"	RelError: 2.42782e-14	AbsError: 3.34670e+01
      Equation: "ElectronContinuityEquation"	RelError: 1.19555e-15	AbsError: 2.55444e+01
      Equation: "HoleContinuityEquation"	RelError: 1.00845e-15	AbsError: 7.92261e+00
      Equation: "PotentialEquation"	RelError: 2.20742e-14	AbsError: 1.11535e-16
Charge Relative Error 4.51404e-09
number of equations 5085
Iteration: 0
  Device: "BenchmarkDiode"	RelError: 2.49616e-14	AbsError: 3.68624e+01
    Region: "SiRegion"	RelError: 2.49616e-14	AbsError: 3.68624e+01
      Equation: "ElectronContinuityEquation"	RelError: 1.37662e-15	AbsError: 2.89398e+01
      Equation: "HoleContinuityEquation"	RelError: 1.34568e-15	AbsError: 7.92261e+00
      Equation: "PotentialEquation"	RelError: 2.22393e-14	AbsError: 1.11864e-16
Charge Relative Error 4.51404e-09
number of equations 5085
Iteration: 0
  Device: "BenchmarkDiode"	RelError: 2.47030e-14	AbsError: 3.34636e+01
    Region: "SiRegion"	RelError: 2.47030e-14	AbsError: 3.34636e+01
      Equation: "ElectronContinuityEquation"	RelError: 1.50072e-15	AbsError: 2.55410e+01
      Equation: "HoleContinuityEquation"	RelError: 1.14307e-15	AbsError: 7.92261e+00
      Equation: "PotentialEquation"	RelError: 2.20592e-14	AbsError: 1.11520e-16
Charge Relative Error 4.51404e-09
number of equations 5085
Iteration: 0
  Device: "BenchmarkDiode"	RelError: 2.43802e-14	AbsError: 3.68646e+01
    Region: "SiRegion"	RelError: 2.43802e-14	AbsError: 3.68646e+01
      Equation: "ElectronContinuityEquation"	RelError: 7.06758e-16	AbsError: 2.89420e+01
      Equation: "HoleContinuityEquation"	RelError: 1.66149e-15	AbsError: 7.92261e+00
      Equation: "PotentialEquation"	RelError: 2.20120e-14	AbsError: 1.11773e-16
Charge Relative Error 4.51404e-09
number of equations 5085
Iteration: 0
  Device: "BenchmarkDiode"	RelError: 2.41075e-14	AbsError: 3.34629e+01
    Region: "SiRegion"	RelError: 2.41075e-14	AbsError: 3.34629e+01
      Equation: "ElectronContinuityEquation"	RelError: 9.13463e-16	AbsError: 2.55403e+01
      Equation: "HoleContinuityEquation"	RelError: 1.12629e-15	AbsError: 7.92261e+00
      Equation: "PotentialEquation"	RelError: 2.20677e-14	AbsError: 1.11586e-16
Charge Relative Error 4.51404e-09
number of equations 5085
Iteration: 0
  Device: "BenchmarkDiode"	RelError: 2.60447e-14	AbsError: 3.68651e+01
    Region: "SiRegion"	RelError: 2.60447e-14	AbsError: 3.68651e+01
      Equation: "ElectronContinuityEquation"	RelError: 2.67442e-15	AbsError: 2.89425e+01
      Equation: "HoleContinuityEquation"	RelError: 8.95834e-16	AbsError: 7.92261e+00
      Equation: "PotentialEquation"	RelError: 2.24745e-14	AbsError: 1.11824e-16
Charge Relative Error 4.51404e-09
number of equations 5085
Iteration: 0
  Device: "BenchmarkDiode"	RelError: 2.48051e-14	AbsError: 3.34640e+01
    Region: "SiRegion"	RelError: 2.48051e-14	AbsError: 3.34640e+01
      Equation: "ElectronContinuityEquation"	RelError: 1.67768e-15	AbsError: 2.55414e+01
      Equation: "HoleContinuityEquation"	RelError: 9.02760e-16	AbsError: 7.92261e+00
      Equation: "PotentialEquation"	RelError: 2.22246e-14	AbsError: 1.11561e-16
Charge Relative Error 4.51404e-09
number of equations 5085
Iteration: 0
  Device: "BenchmarkDiode"	RelError: 2.39398e-14	AbsError: 3.68652e+01
    Region: "SiRegion"	RelError: 2.39398e-14	AbsError: 3.68652e+01
      Equation: "ElectronContinuityEquation"	RelError: 1.05925e-15	AbsError: 2.89426e+01
      Equation: "HoleContinuityEquation"	RelError: 7.48780e-16	AbsError: 7.92261e+00
      Equation: "PotentialEquation"	RelError: 2.21318e-14	AbsError: 1.11801e-16
Charge Relative Error 4.51404e-09
number of equations 5085
Iteration: 0
  Device: "BenchmarkDiode"	RelError: 2.38842e-14	AbsError: 3.34634e+01
    Region: "SiRegion"	RelError: 2.38842e-14	AbsError: 3.34634e+01
      Equation: "ElectronContinuityEquation"	RelError: 1.03051e-15	AbsError: 2.55408e+01
      Equation: "HoleContinuityEquation"	RelError: 8.37814e-16	AbsError: 7.92261e+00
      Equation: "PotentialEquation"	RelError: 2.20158e-14	AbsError: 1.11563e-16
Charge Relative Error 4.51404e-09
number of equations 5085
Iteration: 0
  Device: "BenchmarkDiode"	RelError: 2.42903e-14	AbsError: 3.68653e+01
    Region: "SiRegion"	RelError: 2.42903e-14	AbsError: 3.68653e+01
      Equation: "ElectronContinuityEquation"	RelError: 1.20364e-15	AbsError: 2.89427e+01
      Equation: "HoleContinuityEquation"	RelError: 9.49400e-16	AbsError: 7.92261e+00
      Equation: "PotentialEquation"	RelError: 2.21373e-14	AbsError: 1.11845e-16
Charge Relative Error 4.51404e-09
number of equations 5085
Iteration: 0
  Device: "BenchmarkDiode"	RelError: 2.49160e-14	AbsError: 3.34635e+01
    Region: "SiRegion"	RelError: 2.49160e-14	AbsError: 3.34635e+01
      Equation: "ElectronContinuityEquation"	RelError: 6.99792e-16	AbsError: 2.55408e+01
      Equation: "HoleContinuityEquation"	RelError: 9.99694e-16	AbsError: 7.92261e+00
      Equation: "PotentialEquation"	RelError: 2.32165e-14	AbsError: 1.11500e-16
Charge Relative Error 4.51404e-09
recovery_vfixed_tau_1e-05_dt_2e-09_mesh_2e-07: Qrr=4.618e-07 C, Irrm=4.528e+02 A, elapsed=2.43s
