Searching DEVSIM_MATH_LIBS="libopenblas.dylib:liblapack.dylib:libblas.dylib"
Loading "libopenblas.dylib": MISSING DLL
Loading "liblapack.dylib": ALL BLAS/LAPACK LOADED
Skipping libblas.dylib
loading UMFPACK 5.1 as direct solver
p_i
i_n
bot
 (region: SiRegion)
 (contact: top)
 (contact: bot)
number of equations 1695
Iteration: 0
  Device: "BenchmarkDiode"	RelError: 1.00000e+00	AbsError: 1.63902e-01
    Region: "SiRegion"	RelError: 1.00000e+00	AbsError: 1.63902e-01
      Equation: "PotentialEquation"	RelError: 1.00000e+00	AbsError: 1.63902e-01
Iteration: 1
  Device: "BenchmarkDiode"	RelError: 4.97944e-01	AbsError: 1.62430e-01
    Region: "SiRegion"	RelError: 4.97944e-01	AbsError: 1.62430e-01
      Equation: "PotentialEquation"	RelError: 4.97944e-01	AbsError: 1.62430e-01
Iteration: 2
  Device: "BenchmarkDiode"	RelError: 2.39824e+01	AbsError: 1.03408e-01
    Region: "SiRegion"	RelError: 2.39824e+01	AbsError: 1.03408e-01
      Equation: "PotentialEquation"	RelError: 2.39824e+01	AbsError: 1.03408e-01
Iteration: 3
  Device: "BenchmarkDiode"	RelError: 1.53991e+01	AbsError: 5.73651e-02
    Region: "SiRegion"	RelError: 1.53991e+01	AbsError: 5.73651e-02
      Equation: "PotentialEquation"	RelError: 1.53991e+01	AbsError: 5.73651e-02
Iteration: 4
  Device: "BenchmarkDiode"	RelError: 5.98642e+00	AbsError: 5.01960e-02
    Region: "SiRegion"	RelError: 5.98642e+00	AbsError: 5.01960e-02
      Equation: "PotentialEquation"	RelError: 5.98642e+00	AbsError: 5.01960e-02
Iteration: 5
  Device: "BenchmarkDiode"	RelError: 2.30820e+00	AbsError: 4.17220e-02
    Region: "SiRegion"	RelError: 2.30820e+00	AbsError: 4.17220e-02
      Equation: "PotentialEquation"	RelError: 2.30820e+00	AbsError: 4.17220e-02
Iteration: 6
  Device: "BenchmarkDiode"	RelError: 1.27440e+00	AbsError: 3.16681e-02
    Region: "SiRegion"	RelError: 1.27440e+00	AbsError: 3.16681e-02
      Equation: "PotentialEquation"	RelError: 1.27440e+00	AbsError: 3.16681e-02
Iteration: 7
  Device: "BenchmarkDiode"	RelError: 3.45009e-01	AbsError: 2.38740e-02
    Region: "SiRegion"	RelError: 3.45009e-01	AbsError: 2.38740e-02
      Equation: "PotentialEquation"	RelError: 3.45009e-01	AbsError: 2.38740e-02
Iteration: 8
  Device: "BenchmarkDiode"	RelError: 2.46584e-02	AbsError: 1.02888e-02
    Region: "SiRegion"	RelError: 2.46584e-02	AbsError: 1.02888e-02
      Equation: "PotentialEquation"	RelError: 2.46584e-02	AbsError: 1.02888e-02
Iteration: 9
  Device: "BenchmarkDiode"	RelError: 1.38055e-05	AbsError: 5.76038e-06
    Region: "SiRegion"	RelError: 1.38055e-05	AbsError: 5.76038e-06
      Equation: "PotentialEquation"	RelError: 1.38055e-05	AbsError: 5.76038e-06
Iteration: 10
  Device: "BenchmarkDiode"	RelError: 1.83872e-10	AbsError: 7.67209e-11
    Region: "SiRegion"	RelError: 1.83872e-10	AbsError: 7.67209e-11
      Equation: "PotentialEquation"	RelError: 1.83872e-10	AbsError: 7.67209e-11
Iteration: 11
  Device: "BenchmarkDiode"	RelError: 4.22940e-15	AbsError: 3.95529e-17
    Region: "SiRegion"	RelError: 4.22940e-15	AbsError: 3.95529e-17
      Equation: "PotentialEquation"	RelError: 4.22940e-15	AbsError: 3.95529e-17
Warning: Replacing equation with equation of the same name.
Region: SiRegion, Equation: PotentialEquation, Variable: Potential
number of equations 5085
Iteration: 0
  Device: "BenchmarkDiode"	RelError: 1.81005e-13	AbsError: 1.00800e+03
    Region: "SiRegion"	RelError: 1.81005e-13	AbsError: 1.00800e+03
      Equation: "ElectronContinuityEquation"	RelError: 9.99539e-15	AbsError: 4.96000e+02
      Equation: "HoleContinuityEquation"	RelError: 7.63049e-15	AbsError: 5.12000e+02
      Equation: "PotentialEquation"	RelError: 1.63380e-13	AbsError: 1.33092e-16
number of equations 5085
Iteration: 0
  Device: "BenchmarkDiode"	RelError: 2.36583e-13	AbsError: 3.87972e+01
    Region: "SiRegion"	RelError: 2.36583e-13	AbsError: 3.87972e+01
      Equation: "ElectronContinuityEquation"	RelError: 2.21799e-15	AbsError: 2.11253e+01
      Equation: "HoleContinuityEquation"	RelError: 2.78797e-15	AbsError: 1.76718e+01
      Equation: "PotentialEquation"	RelError: 2.31577e-13	AbsError: 4.16863e-17
number of equations 5085
Iteration: 0
  Device: "BenchmarkDiode"	RelError: 7.03477e+01	AbsError: 1.65527e+14
    Region: "SiRegion"	RelError: 7.03477e+01	AbsError: 1.65527e+14
      Equation: "ElectronContinuityEquation"	RelError: 6.54798e-01	AbsError: 8.23446e+13
      Equation: "HoleContinuityEquation"	RelError: 6.53294e-01	AbsError: 8.31824e+13
      Equation: "PotentialEquation"	RelError: 6.90397e+01	AbsError: 2.78470e-02
Iteration: 1
  Device: "BenchmarkDiode"	RelError: 4.51420e+01	AbsError: 5.70560e+12
    Region: "SiRegion"	RelError: 4.51420e+01	AbsError: 5.70560e+12
      Equation: "ElectronContinuityEquation"	RelError: 4.45642e-01	AbsError: 2.89314e+12
      Equation: "HoleContinuityEquation"	RelError: 5.27654e-01	AbsError: 2.81246e+12
      Equation: "PotentialEquation"	RelError: 4.41687e+01	AbsError: 2.21530e-02
Iteration: 2
  Device: "BenchmarkDiode"	RelError: 3.51630e-01	AbsError: 7.91764e+10
    Region: "SiRegion"	RelError: 3.51630e-01	AbsError: 7.91764e+10
      Equation: "ElectronContinuityEquation"	RelError: 2.28266e-01	AbsError: 1.64543e+10
      Equation: "HoleContinuityEquation"	RelError: 9.44107e-02	AbsError: 6.27221e+10
      Equation: "PotentialEquation"	RelError: 2.89533e-02	AbsError: 7.17995e-06
Iteration: 3
  Device: "BenchmarkDiode"	RelError: 7.05778e-05	AbsError: 2.14705e+06
    Region: "SiRegion"	RelError: 7.05778e-05	AbsError: 2.14705e+06
      Equation: "ElectronContinuityEquation"	RelError: 4.67963e-05	AbsError: 3.54220e+05
      Equation: "HoleContinuityEquation"	RelError: 2.34439e-05	AbsError: 1.79283e+06
      Equation: "PotentialEquation"	RelError: 3.37491e-07	AbsError: 9.95581e-11
Iteration: 4
  Device: "BenchmarkDiode"	RelError: 8.54154e-14	AbsError: 7.64750e+01
    Region: "SiRegion"	RelError: 8.54154e-14	AbsError: 7.64750e+01
      Equation: "ElectronContinuityEquation"	RelError: 4.57747e-14	AbsError: 2.45076e+01
      Equation: "HoleContinuityEquation"	RelError: 3.06232e-14	AbsError: 5.19674e+01
      Equation: "PotentialEquation"	RelError: 9.01748e-15	AbsError: 3.93135e-17
number of equations 5085
Iteration: 0
  Device: "BenchmarkDiode"	RelError: 1.34651e+02	AbsError: 1.53996e+14
    Region: "SiRegion"	RelError: 1.34651e+02	AbsError: 1.53996e+14
      Equation: "ElectronContinuityEquation"	RelError: 6.57684e-01	AbsError: 7.65771e+13
      Equation: "HoleContinuityEquation"	RelError: 6.57341e-01	AbsError: 7.74191e+13
      Equation: "PotentialEquation"	RelError: 1.33336e+02	AbsError: 2.78470e-02
Iteration: 1
  Device: "BenchmarkDiode"	RelError: 4.73069e+01	AbsError: 5.78890e+12
    Region: "SiRegion"	RelError: 4.73069e+01	AbsError: 5.78890e+12
      Equation: "ElectronContinuityEquation"	RelError: 4.47346e-01	AbsError: 2.94093e+12
      Equation: "HoleContinuityEquation"	RelError: 5.30354e-01	AbsError: 2.84797e+12
      Equation: "PotentialEquation"	RelError: 4.63292e+01	AbsError: 2.21530e-02
Iteration: 2
  Device: "BenchmarkDiode"	RelError: 3.65409e-01	AbsError: 9.27143e+10
    Region: "SiRegion"	RelError: 3.65409e-01	AbsError: 9.27143e+10
      Equation: "ElectronContinuityEquation"	RelError: 2.29300e-01	AbsError: 2.13286e+10
      Equation: "HoleContinuityEquation"	RelError: 9.45304e-02	AbsError: 7.13857e+10
      Equation: "PotentialEquation"	RelError: 4.15783e-02	AbsError: 9.60575e-06
Iteration: 3
  Device: "BenchmarkDiode"	RelError: 9.63217e-05	AbsError: 3.36749e+06
    Region: "SiRegion"	RelError: 9.63217e-05	AbsError: 3.36749e+06
      Equation: "ElectronContinuityEquation"	RelError: 6.31010e-05	AbsError: 6.29982e+05
      Equation: "HoleContinuityEquation"	RelError: 3.26560e-05	AbsError: 2.73751e+06
      Equation: "PotentialEquation"	RelError: 5.64814e-07	AbsError: 1.55394e-10
Iteration: 4
  Device: "BenchmarkDiode"	RelError: 3.15583e-13	AbsError: 7.79577e+01
    Region: "SiRegion"	RelError: 3.15583e-13	AbsError: 7.79577e+01
      Equation: "ElectronContinuityEquation"	RelError: 1.03763e-13	AbsError: 3.58896e+01
      Equation: "HoleContinuityEquation"	RelError: 6.67823e-14	AbsError: 4.20682e+01
      Equation: "PotentialEquation"	RelError: 1.45037e-13	AbsError: 5.86031e-17
number of equations 5085
Iteration: 0
  Device: "BenchmarkDiode"	RelError: 1.17186e+02	AbsError: 1.42290e+14
    Region: "SiRegion"	RelError: 1.17186e+02	AbsError: 1.42290e+14
      Equation: "ElectronContinuityEquation"	RelError: 6.58428e-01	AbsError: 7.07232e+13
      Equation: "HoleContinuityEquation"	RelError: 6.58275e-01	AbsError: 7.15668e+13
      Equation: "PotentialEquation"	RelError: 1.15870e+02	AbsError: 2.78470e-02
Iteration: 1
  Device: "BenchmarkDiode"	RelError: 7.82934e+01	AbsError: 5.87458e+12
    Region: "SiRegion"	RelError: 7.82934e+01	AbsError: 5.87458e+12
      Equation: "ElectronContinuityEquation"	RelError: 4.47745e-01	AbsError: 2.99261e+12
      Equation: "HoleContinuityEquation"	RelError: 5.31150e-01	AbsError: 2.88198e+12
      Equation: "PotentialEquation"	RelError: 7.73145e+01	AbsError: 2.21530e-02
Iteration: 2
  Device: "BenchmarkDiode"	RelError: 3.99930e-01	AbsError: 1.11392e+11
    Region: "SiRegion"	RelError: 3.99930e-01	AbsError: 1.11392e+11
      Equation: "ElectronContinuityEquation"	RelError: 2.29658e-01	AbsError: 2.87940e+10
      Equation: "HoleContinuityEquation"	RelError: 9.45447e-02	AbsError: 8.25976e+10
      Equation: "PotentialEquation"	RelError: 7.57266e-02	AbsError: 1.32458e-05
Iteration: 3
  Device: "BenchmarkDiode"	RelError: 1.34997e-04	AbsError: 5.60596e+06
    Region: "SiRegion"	RelError: 1.34997e-04	AbsError: 5.60596e+06
      Equation: "ElectronContinuityEquation"	RelError: 8.73512e-05	AbsError: 1.19592e+06
      Equation: "HoleContinuityEquation"	RelError: 4.63714e-05	AbsError: 4.41004e+06
      Equation: "PotentialEquation"	RelError: 1.27454e-06	AbsError: 2.33307e-10
Iteration: 4
  Device: "BenchmarkDiode"	RelError: 4.86592e-13	AbsError: 7.58701e+01
    Region: "SiRegion"	RelError: 4.86592e-13	AbsError: 7.58701e+01
      Equation: "ElectronContinuityEquation"	RelError: 2.06312e-13	AbsError: 4.18442e+01
      Equation: "HoleContinuityEquation"	RelError: 1.45753e-13	AbsError: 3.40258e+01
      Equation: "PotentialEquation"	RelError: 1.34527e-13	AbsError: 6.15420e-17
number of equations 5085
Iteration: 0
  Device: "BenchmarkDiode"	RelError: 1.42386e+02	AbsError: 1.30405e+14
    Region: "SiRegion"	RelError: 1.42386e+02	AbsError: 1.30405e+14
      Equation: "ElectronContinuityEquation"	RelError: 6.58625e-01	AbsError: 6.47810e+13
      Equation: "HoleContinuityEquation"	RelError: 6.58486e-01	AbsError: 6.56241e+13
      Equation: "PotentialEquation"	RelError: 1.41069e+02	AbsError: 2.78470e-02
Iteration: 1
  Device: "BenchmarkDiode"	RelError: 4.12655e+02	AbsError: 5.95735e+12
    Region: "SiRegion"	RelError: 4.12655e+02	AbsError: 5.95735e+12
      Equation: "ElectronContinuityEquation"	RelError: 4.47740e-01	AbsError: 3.04695e+12
      Equation: "HoleContinuityEquation"	RelError: 5.31429e-01	AbsError: 2.91039e+12
      Equation: "PotentialEquation"	RelError: 4.11676e+02	AbsError: 2.21530e-02
Iteration: 2
  Device: "BenchmarkDiode"	RelError: 1.08816e+00	AbsError: 1.37936e+11
    Region: "SiRegion"	RelError: 1.08816e+00	AbsError: 1.37936e+11
      Equation: "ElectronContinuityEquation"	RelError: 2.29817e-01	AbsError: 4.09532e+10
      Equation: "HoleContinuityEquation"	RelError: 9.45080e-02	AbsError: 9.69828e+10
      Equation: "PotentialEquation"	RelError: 7.63833e-01	AbsError: 1.88140e-05
Iteration: 3
  Device: "BenchmarkDiode"	RelError: 2.02697e-04	AbsError: 9.98484e+06
    Region: "SiRegion"	RelError: 2.02697e-04	AbsError: 9.98484e+06
      Equation: "ElectronContinuityEquation"	RelError: 1.24589e-04	AbsError: 2.40987e+06
      Equation: "HoleContinuityEquation"	RelError: 6.77562e-05	AbsError: 7.57498e+06
      Equation: "PotentialEquation"	RelError: 1.03515e-05	AbsError: 3.05738e-10
Iteration: 4
  Device: "BenchmarkDiode"	RelError: 1.72279e-12	AbsError: 6.37160e+01
    Region: "SiRegion"	RelError: 1.72279e-12	AbsError: 6.37160e+01
      Equation: "ElectronContinuityEquation"	RelError: 4.25972e-13	AbsError: 3.46985e+01
      Equation: "HoleContinuityEquation"	RelError: 2.62661e-13	AbsError: 2.90174e+01
      Equation: "PotentialEquation"	RelError: 1.03416e-12	AbsError: 7.44358e-17
number of equations 5085
Iteration: 0
  Device: "BenchmarkDiode"	RelError: 1.22750e+02	AbsError: 1.18355e+14
    Region: "SiRegion"	RelError: 1.22750e+02	AbsError: 1.18355e+14
      Equation: "ElectronContinuityEquation"	RelError: 6.58647e-01	AbsError: 5.87568e+13
      Equation: "HoleContinuityEquation"	RelError: 6.58478e-01	AbsError: 5.95986e+13
      Equation: "PotentialEquation"	RelError: 1.21433e+02	AbsError: 2.78470e-02
Iteration: 1
  Device: "BenchmarkDiode"	RelError: 6.50111e+02	AbsError: 6.01814e+12
    Region: "SiRegion"	RelError: 6.50111e+02	AbsError: 6.01814e+12
      Equation: "ElectronContinuityEquation"	RelError: 4.47672e-01	AbsError: 3.09614e+12
      Equation: "HoleContinuityEquation"	RelError: 5.31423e-01	AbsError: 2.92200e+12
      Equation: "PotentialEquation"	RelError: 6.49132e+02	AbsError: 2.21530e-02
Iteration: 2
  Device: "BenchmarkDiode"	RelError: 5.89189e-01	AbsError: 2.10621e+11
    Region: "SiRegion"	RelError: 5.89189e-01	AbsError: 2.10621e+11
      Equation: "ElectronContinuityEquation"	RelError: 2.29782e-01	AbsError: 7.40553e+10
      Equation: "HoleContinuityEquation"	RelError: 9.46235e-02	AbsError: 1.36565e+11
      Equation: "PotentialEquation"	RelError: 2.64784e-01	AbsError: 2.72096e-05
Iteration: 3
  Device: "BenchmarkDiode"	RelError: 2.95037e-04	AbsError: 1.92972e+07
    Region: "SiRegion"	RelError: 2.95037e-04	AbsError: 1.92972e+07
      Equation: "ElectronContinuityEquation"	RelError: 1.80327e-04	AbsError: 5.56905e+06
      Equation: "HoleContinuityEquation"	RelError: 1.01434e-04	AbsError: 1.37282e+07
      Equation: "PotentialEquation"	RelError: 1.32760e-05	AbsError: 5.33903e-10
Iteration: 4
  Device: "BenchmarkDiode"	RelError: 3.73852e-12	AbsError: 7.21857e+01
    Region: "SiRegion"	RelError: 3.73852e-12	AbsError: 7.21857e+01
      Equation: "ElectronContinuityEquation"	RelError: 2.28306e-12	AbsError: 4.11757e+01
      Equation: "HoleContinuityEquation"	RelError: 6.42461e-13	AbsError: 3.10101e+01
      Equation: "PotentialEquation"	RelError: 8.13000e-13	AbsError: 6.04638e-17
number of equations 5085
Iteration: 0
  Device: "BenchmarkDiode"	RelError: 4.03252e+02	AbsError: 1.06224e+14
    Region: "SiRegion"	RelError: 4.03252e+02	AbsError: 1.06224e+14
      Equation: "ElectronContinuityEquation"	RelError: 6.58599e-01	AbsError: 5.26923e+13
      Equation: "HoleContinuityEquation"	RelError: 6.58371e-01	AbsError: 5.35315e+13
      Equation: "PotentialEquation"	RelError: 4.01936e+02	AbsError: 2.78470e-02
Iteration: 1
  Device: "BenchmarkDiode"	RelError: 8.52114e+01	AbsError: 5.98772e+12
    Region: "SiRegion"	RelError: 8.52114e+01	AbsError: 5.98772e+12
      Equation: "ElectronContinuityEquation"	RelError: 4.47400e-01	AbsError: 3.10740e+12
      Equation: "HoleContinuityEquation"	RelError: 5.31405e-01	AbsError: 2.88032e+12
      Equation: "PotentialEquation"	RelError: 8.42326e+01	AbsError: 2.21530e-02
Iteration: 2
  Device: "BenchmarkDiode"	RelError: 3.33545e-01	AbsError: 5.46457e+11
    Region: "SiRegion"	RelError: 3.33545e-01	AbsError: 5.46457e+11
      Equation: "ElectronContinuityEquation"	RelError: 2.29826e-01	AbsError: 2.03889e+11
      Equation: "HoleContinuityEquation"	RelError: 9.42732e-02	AbsError: 3.42569e+11
      Equation: "PotentialEquation"	RelError: 9.44562e-03	AbsError: 4.18627e-05
Iteration: 3
  Device: "BenchmarkDiode"	RelError: 4.13424e-04	AbsError: 6.47461e+07
    Region: "SiRegion"	RelError: 4.13424e-04	AbsError: 6.47461e+07
      Equation: "ElectronContinuityEquation"	RelError: 2.57529e-04	AbsError: 2.33820e+07
      Equation: "HoleContinuityEquation"	RelError: 1.52889e-04	AbsError: 4.13640e+07
      Equation: "PotentialEquation"	RelError: 3.00609e-06	AbsError: 2.61821e-09
Iteration: 4
  Device: "BenchmarkDiode"	RelError: 2.29176e-11	AbsError: 7.37526e+01
    Region: "SiRegion"	RelError: 2.29176e-11	AbsError: 7.37526e+01
      Equation: "ElectronContinuityEquation"	RelError: 1.83692e-11	AbsError: 3.49835e+01
      Equation: "HoleContinuityEquation"	RelError: 4.51336e-12	AbsError: 3.87691e+01
      Equation: "PotentialEquation"	RelError: 3.50822e-14	AbsError: 6.05539e-17
number of equations 5085
Iteration: 0
  Device: "BenchmarkDiode"	RelError: 1.61223e+02	AbsError: 4.71640e+13
    Region: "SiRegion"	RelError: 1.61223e+02	AbsError: 4.71640e+13
      Equation: "ElectronContinuityEquation"	RelError: 2.68521e+01	AbsError: 2.33698e+13
      Equation: "HoleContinuityEquation"	RelError: 2.57913e+01	AbsError: 2.37942e+13
      Equation: "PotentialEquation"	RelError: 1.08580e+02	AbsError: 2.50000e-02
Iteration: 1
  Device: "BenchmarkDiode"	RelError: 1.95607e+00	AbsError: 1.46171e+12
    Region: "SiRegion"	RelError: 1.95607e+00	AbsError: 1.46171e+12
      Equation: "ElectronContinuityEquation"	RelError: 9.05932e-01	AbsError: 7.32625e+11
      Equation: "HoleContinuityEquation"	RelError: 9.02340e-01	AbsError: 7.29089e+11
      Equation: "PotentialEquation"	RelError: 1.47795e-01	AbsError: 7.38789e-05
Iteration: 2
  Device: "BenchmarkDiode"	RelError: 2.20823e-03	AbsError: 1.06734e+09
    Region: "SiRegion"	RelError: 2.20823e-03	AbsError: 1.06734e+09
      Equation: "ElectronContinuityEquation"	RelError: 1.06124e-03	AbsError: 5.30366e+08
      Equation: "HoleContinuityEquation"	RelError: 1.13594e-03	AbsError: 5.36971e+08
      Equation: "PotentialEquation"	RelError: 1.10438e-05	AbsError: 2.22370e-08
Iteration: 3
  Device: "BenchmarkDiode"	RelError: 7.91054e-10	AbsError: 4.48438e+02
    Region: "SiRegion"	RelError: 7.91054e-10	AbsError: 4.48438e+02
      Equation: "ElectronContinuityEquation"	RelError: 4.47152e-10	AbsError: 1.09367e+02
      Equation: "HoleContinuityEquation"	RelError: 2.76539e-10	AbsError: 3.39070e+02
      Equation: "PotentialEquation"	RelError: 6.73628e-11	AbsError: 4.50184e-14
Iteration: 4
  Device: "BenchmarkDiode"	RelError: 6.06468e-14	AbsError: 3.47489e+01
    Region: "SiRegion"	RelError: 6.06468e-14	AbsError: 3.47489e+01
      Equation: "ElectronContinuityEquation"	RelError: 8.93896e-15	AbsError: 1.70239e+01
      Equation: "HoleContinuityEquation"	RelError: 4.39572e-15	AbsError: 1.77251e+01
      Equation: "PotentialEquation"	RelError: 4.73121e-14	AbsError: 3.87054e-17
number of equations 5085
Iteration: 0
  Device: "BenchmarkDiode"	RelError: 4.69351e+01	AbsError: 2.50516e+13
    Region: "SiRegion"	RelError: 4.69351e+01	AbsError: 2.50516e+13
      Equation: "ElectronContinuityEquation"	RelError: 3.25318e-01	AbsError: 1.24208e+13
      Equation: "HoleContinuityEquation"	RelError: 3.25053e-01	AbsError: 1.26308e+13
      Equation: "PotentialEquation"	RelError: 4.62847e+01	AbsError: 1.25000e-02
Iteration: 1
  Device: "BenchmarkDiode"	RelError: 1.88792e-01	AbsError: 3.71777e+11
    Region: "SiRegion"	RelError: 1.88792e-01	AbsError: 3.71777e+11
      Equation: "ElectronContinuityEquation"	RelError: 8.48359e-02	AbsError: 1.86178e+11
      Equation: "HoleContinuityEquation"	RelError: 8.46378e-02	AbsError: 1.85599e+11
      Equation: "PotentialEquation"	RelError: 1.93182e-02	AbsError: 1.79546e-05
Iteration: 2
  Device: "BenchmarkDiode"	RelError: 7.08182e-05	AbsError: 5.38336e+07
    Region: "SiRegion"	RelError: 7.08182e-05	AbsError: 5.38336e+07
      Equation: "ElectronContinuityEquation"	RelError: 3.54400e-05	AbsError: 2.69099e+07
      Equation: "HoleContinuityEquation"	RelError: 3.50877e-05	AbsError: 2.69237e+07
      Equation: "PotentialEquation"	RelError: 2.90482e-07	AbsError: 1.12182e-09
Iteration: 3
  Device: "BenchmarkDiode"	RelError: 1.72679e-12	AbsError: 7.94467e+01
    Region: "SiRegion"	RelError: 1.72679e-12	AbsError: 7.94467e+01
      Equation: "ElectronContinuityEquation"	RelError: 9.30664e-13	AbsError: 4.69901e+01
      Equation: "HoleContinuityEquation"	RelError: 7.44426e-13	AbsError: 3.24566e+01
      Equation: "PotentialEquation"	RelError: 5.16980e-14	AbsError: 7.18445e-17
number of equations 5085
Iteration: 0
  Device: "BenchmarkDiode"	RelError: 3.11422e+01	AbsError: 1.21551e+13
    Region: "SiRegion"	RelError: 3.11422e+01	AbsError: 1.21551e+13
      Equation: "ElectronContinuityEquation"	RelError: 3.17627e-01	AbsError: 6.02487e+12
      Equation: "HoleContinuityEquation"	RelError: 3.17070e-01	AbsError: 6.13025e+12
      Equation: "PotentialEquation"	RelError: 3.05075e+01	AbsError: 6.25000e-03
Iteration: 1
  Device: "BenchmarkDiode"	RelError: 7.59223e-02	AbsError: 9.22784e+10
    Region: "SiRegion"	RelError: 7.59223e-02	AbsError: 9.22784e+10
      Equation: "ElectronContinuityEquation"	RelError: 3.41691e-02	AbsError: 4.62279e+10
      Equation: "HoleContinuityEquation"	RelError: 3.40634e-02	AbsError: 4.60505e+10
      Equation: "PotentialEquation"	RelError: 7.68978e-03	AbsError: 4.55931e-06
Iteration: 2
  Device: "BenchmarkDiode"	RelError: 5.93202e-06	AbsError: 3.72519e+06
    Region: "SiRegion"	RelError: 5.93202e-06	AbsError: 3.72519e+06
      Equation: "ElectronContinuityEquation"	RelError: 2.96292e-06	AbsError: 1.85907e+06
      Equation: "HoleContinuityEquation"	RelError: 2.93325e-06	AbsError: 1.86612e+06
      Equation: "PotentialEquation"	RelError: 3.58491e-08	AbsError: 7.71815e-11
Iteration: 3
  Device: "BenchmarkDiode"	RelError: 1.52300e-13	AbsError: 7.51708e+01
    Region: "SiRegion"	RelError: 1.52300e-13	AbsError: 7.51708e+01
      Equation: "ElectronContinuityEquation"	RelError: 7.92764e-15	AbsError: 2.17882e+01
      Equation: "HoleContinuityEquation"	RelError: 5.16703e-15	AbsError: 5.33826e+01
      Equation: "PotentialEquation"	RelError: 1.39205e-13	AbsError: 3.82276e-17
number of equations 5085
Iteration: 0
  Device: "BenchmarkDiode"	RelError: 3.82440e+02	AbsError: 6.16990e+12
    Region: "SiRegion"	RelError: 3.82440e+02	AbsError: 6.16990e+12
      Equation: "ElectronContinuityEquation"	RelError: 1.07571e-01	AbsError: 3.05866e+12
      Equation: "HoleContinuityEquation"	RelError: 1.07450e-01	AbsError: 3.11124e+12
      Equation: "PotentialEquation"	RelError: 3.82225e+02	AbsError: 3.12500e-03
Iteration: 1
  Device: "BenchmarkDiode"	RelError: 5.57190e-02	AbsError: 2.31598e+10
    Region: "SiRegion"	RelError: 5.57190e-02	AbsError: 2.31598e+10
      Equation: "ElectronContinuityEquation"	RelError: 6.70464e-03	AbsError: 1.15999e+10
      Equation: "HoleContinuityEquation"	RelError: 6.68648e-03	AbsError: 1.15599e+10
      Equation: "PotentialEquation"	RelError: 4.23279e-02	AbsError: 1.13131e-06
Iteration: 2
  Device: "BenchmarkDiode"	RelError: 3.62725e-07	AbsError: 2.21085e+05
    Region: "SiRegion"	RelError: 3.62725e-07	AbsError: 2.21085e+05
      Equation: "ElectronContinuityEquation"	RelError: 1.59924e-07	AbsError: 1.10442e+05
      Equation: "HoleContinuityEquation"	RelError: 1.58303e-07	AbsError: 1.10644e+05
      Equation: "PotentialEquation"	RelError: 4.44974e-08	AbsError: 4.58891e-12
Iteration: 3
  Device: "BenchmarkDiode"	RelError: 2.67794e-12	AbsError: 4.84542e+01
    Region: "SiRegion"	RelError: 2.67794e-12	AbsError: 4.84542e+01
      Equation: "ElectronContinuityEquation"	RelError: 5.67309e-15	AbsError: 2.05324e+01
      Equation: "HoleContinuityEquation"	RelError: 2.34911e-15	AbsError: 2.79218e+01
      Equation: "PotentialEquation"	RelError: 2.66992e-12	AbsError: 3.54265e-17
number of equations 5085
Iteration: 0
  Device: "BenchmarkDiode"	RelError: 1.18116e+01	AbsError: 3.06182e+12
    Region: "SiRegion"	RelError: 1.18116e+01	AbsError: 3.06182e+12
      Equation: "ElectronContinuityEquation"	RelError: 5.68413e-02	AbsError: 1.51775e+12
      Equation: "HoleContinuityEquation"	RelError: 5.67717e-02	AbsError: 1.54407e+12
      Equation: "PotentialEquation"	RelError: 1.16980e+01	AbsError: 1.56250e-03
Iteration: 1
  Device: "BenchmarkDiode"	RelError: 4.12555e-03	AbsError: 5.77156e+09
    Region: "SiRegion"	RelError: 4.12555e-03	AbsError: 5.77156e+09
      Equation: "ElectronContinuityEquation"	RelError: 1.74422e-03	AbsError: 2.89122e+09
      Equation: "HoleContinuityEquation"	RelError: 1.73930e-03	AbsError: 2.88033e+09
      Equation: "PotentialEquation"	RelError: 6.42030e-04	AbsError: 2.84621e-07
Iteration: 2
  Device: "BenchmarkDiode"	RelError: 2.06478e-08	AbsError: 1.45715e+04
    Region: "SiRegion"	RelError: 2.06478e-08	AbsError: 1.45715e+04
      Equation: "ElectronContinuityEquation"	RelError: 1.02897e-08	AbsError: 7.27744e+03
      Equation: "HoleContinuityEquation"	RelError: 1.01846e-08	AbsError: 7.29402e+03
      Equation: "PotentialEquation"	RelError: 1.73564e-10	AbsError: 3.05891e-13
Iteration: 3
  Device: "BenchmarkDiode"	RelError: 1.28246e-13	AbsError: 4.79841e+01
    Region: "SiRegion"	RelError: 1.28246e-13	AbsError: 4.79841e+01
      Equation: "ElectronContinuityEquation"	RelError: 6.83920e-15	AbsError: 2.69891e+01
      Equation: "HoleContinuityEquation"	RelError: 4.39865e-15	AbsError: 2.09951e+01
      Equation: "PotentialEquation"	RelError: 1.17008e-13	AbsError: 8.06455e-17
number of equations 5085
Iteration: 0
  Device: "BenchmarkDiode"	RelError: 3.53486e+00	AbsError: 1.52514e+12
    Region: "SiRegion"	RelError: 3.53486e+00	AbsError: 1.52514e+12
      Equation: "ElectronContinuityEquation"	RelError: 3.10692e-02	AbsError: 7.55990e+11
      Equation: "HoleContinuityEquation"	RelError: 3.10271e-02	AbsError: 7.69154e+11
      Equation: "PotentialEquation"	RelError: 3.47276e+00	AbsError: 7.81250e-04
Iteration: 1
  Device: "BenchmarkDiode"	RelError: 1.02330e-03	AbsError: 1.44143e+09
    Region: "SiRegion"	RelError: 1.02330e-03	AbsError: 1.44143e+09
      Equation: "ElectronContinuityEquation"	RelError: 4.63097e-04	AbsError: 7.22109e+08
      Equation: "HoleContinuityEquation"	RelError: 4.61746e-04	AbsError: 7.19317e+08
      Equation: "PotentialEquation"	RelError: 9.84523e-05	AbsError: 7.12851e-08
Iteration: 2
  Device: "BenchmarkDiode"	RelError: 1.33393e-09	AbsError: 9.22478e+02
    Region: "SiRegion"	RelError: 1.33393e-09	AbsError: 9.22478e+02
      Equation: "ElectronContinuityEquation"	RelError: 6.66976e-10	AbsError: 4.60612e+02
      Equation: "HoleContinuityEquation"	RelError: 6.60177e-10	AbsError: 4.61866e+02
      Equation: "PotentialEquation"	RelError: 6.78182e-12	AbsError: 1.94031e-14
Iteration: 3
  Device: "BenchmarkDiode"	RelError: 4.83550e-14	AbsError: 4.32819e+01
    Region: "SiRegion"	RelError: 4.83550e-14	AbsError: 4.32819e+01
      Equation: "ElectronContinuityEquation"	RelError: 4.97075e-15	AbsError: 2.37433e+01
      Equation: "HoleContinuityEquation"	RelError: 4.05423e-15	AbsError: 1.95386e+01
      Equation: "PotentialEquation"	RelError: 3.93300e-14	AbsError: 5.24576e-17
number of equations 5085
Iteration: 0
  Device: "BenchmarkDiode"	RelError: 2.38906e+00	AbsError: 7.64013e+11
    Region: "SiRegion"	RelError: 2.38906e+00	AbsError: 7.64013e+11
      Equation: "ElectronContinuityEquation"	RelError: 1.52971e-02	AbsError: 3.78716e+11
      Equation: "HoleContinuityEquation"	RelError: 1.52768e-02	AbsError: 3.85297e+11
      Equation: "PotentialEquation"	RelError: 2.35849e+00	AbsError: 3.90625e-04
Iteration: 1
  Device: "BenchmarkDiode"	RelError: 2.62357e-04	AbsError: 3.60663e+08
    Region: "SiRegion"	RelError: 2.62357e-04	AbsError: 3.60663e+08
      Equation: "ElectronContinuityEquation"	RelError: 1.14617e-04	AbsError: 1.80673e+08
      Equation: "HoleContinuityEquation"	RelError: 1.14286e-04	AbsError: 1.79990e+08
      Equation: "PotentialEquation"	RelError: 3.34547e-05	AbsError: 1.77943e-08
Iteration: 2
  Device: "BenchmarkDiode"	RelError: 8.29257e-11	AbsError: 7.00406e+01
    Region: "SiRegion"	RelError: 8.29257e-11	AbsError: 7.00406e+01
      Equation: "ElectronContinuityEquation"	RelError: 4.13864e-11	AbsError: 3.49303e+01
      Equation: "HoleContinuityEquation"	RelError: 4.09660e-11	AbsError: 3.51102e+01
      Equation: "PotentialEquation"	RelError: 5.73303e-13	AbsError: 1.15000e-15
number of equations 5085
Iteration: 0
  Device: "BenchmarkDiode"	RelError: 6.59371e+00	AbsError: 3.82367e+11
    Region: "SiRegion"	RelError: 6.59371e+00	AbsError: 3.82367e+11
      Equation: "ElectronContinuityEquation"	RelError: 7.47701e-03	AbsError: 1.89539e+11
      Equation: "HoleContinuityEquation"	RelError: 7.46735e-03	AbsError: 1.92828e+11
      Equation: "PotentialEquation"	RelError: 6.57877e+00	AbsError: 1.95313e-04
Iteration: 1
  Device: "BenchmarkDiode"	RelError: 1.03034e-04	AbsError: 9.01884e+07
    Region: "SiRegion"	RelError: 1.03034e-04	AbsError: 9.01884e+07
      Equation: "ElectronContinuityEquation"	RelError: 2.82257e-05	AbsError: 4.51791e+07
      Equation: "HoleContinuityEquation"	RelError: 2.81449e-05	AbsError: 4.50093e+07
      Equation: "PotentialEquation"	RelError: 4.66638e-05	AbsError: 4.44653e-09
Iteration: 2
  Device: "BenchmarkDiode"	RelError: 5.38873e-12	AbsError: 6.56582e+01
    Region: "SiRegion"	RelError: 5.38873e-12	AbsError: 6.56582e+01
      Equation: "ElectronContinuityEquation"	RelError: 2.56286e-12	AbsError: 3.69283e+01
      Equation: "HoleContinuityEquation"	RelError: 2.53834e-12	AbsError: 2.87298e+01
      Equation: "PotentialEquation"	RelError: 2.87530e-13	AbsError: 7.95471e-17
number of equations 5085
Iteration: 0
  Device: "BenchmarkDiode"	RelError: 7.74361e-01	AbsError: 1.91093e+11
    Region: "SiRegion"	RelError: 7.74361e-01	AbsError: 1.91093e+11
      Equation: "ElectronContinuityEquation"	RelError: 3.75253e-03	AbsError: 9.47241e+10
      Equation: "HoleContinuityEquation"	RelError: 3.74765e-03	AbsError: 9.63691e+10
      Equation: "PotentialEquation"	RelError: 7.66860e-01	AbsError: 9.76563e-05
Iteration: 1
  Device: "BenchmarkDiode"	RelError: 1.68474e-05	AbsError: 2.25424e+07
    Region: "SiRegion"	RelError: 1.68474e-05	AbsError: 2.25424e+07
      Equation: "ElectronContinuityEquation"	RelError: 7.07414e-06	AbsError: 1.12925e+07
      Equation: "HoleContinuityEquation"	RelError: 7.05382e-06	AbsError: 1.12498e+07
      Equation: "PotentialEquation"	RelError: 2.71945e-06	AbsError: 1.11206e-09
Iteration: 2
  Device: "BenchmarkDiode"	RelError: 7.10502e-13	AbsError: 6.95806e+01
    Region: "SiRegion"	RelError: 7.10502e-13	AbsError: 6.95806e+01
      Equation: "ElectronContinuityEquation"	RelError: 1.62561e-13	AbsError: 3.54333e+01
      Equation: "HoleContinuityEquation"	RelError: 1.60759e-13	AbsError: 3.41474e+01
      Equation: "PotentialEquation"	RelError: 3.87181e-13	AbsError: 5.43431e-17
number of equations 5085
Iteration: 0
  Device: "BenchmarkDiode"	RelError: 2.72729e-13	AbsError: 4.58493e+01
    Region: "SiRegion"	RelError: 2.72729e-13	AbsError: 4.58493e+01
      Equation: "ElectronContinuityEquation"	RelError: 2.50450e-15	AbsError: 1.79922e+01
      Equation: "HoleContinuityEquation"	RelError: 3.15880e-15	AbsError: 2.78572e+01
      Equation: "PotentialEquation"	RelError: 2.67065e-13	AbsError: 3.94596e-17
number of equations 5085
Iteration: 0
  Device: "BenchmarkDiode"	RelError: 2.16345e-13	AbsError: 4.29944e+01
    Region: "SiRegion"	RelError: 2.16345e-13	AbsError: 4.29944e+01
      Equation: "ElectronContinuityEquation"	RelError: 2.50798e-15	AbsError: 1.39718e+01
      Equation: "HoleContinuityEquation"	RelError: 5.75608e-15	AbsError: 2.90227e+01
      Equation: "PotentialEquation"	RelError: 2.08081e-13	AbsError: 3.46584e-17
number of equations 5085
Iteration: 0
  Device: "BenchmarkDiode"	RelError: 6.38642e-14	AbsError: 4.49983e+01
    Region: "SiRegion"	RelError: 6.38642e-14	AbsError: 4.49983e+01
      Equation: "ElectronContinuityEquation"	RelError: 1.89560e-15	AbsError: 1.27230e+01
      Equation: "HoleContinuityEquation"	RelError: 5.58557e-15	AbsError: 3.22753e+01
      Equation: "PotentialEquation"	RelError: 5.63830e-14	AbsError: 3.82114e-17
Charge Relative Error 4.81211e-09
number of equations 5085
Iteration: 0
  Device: "BenchmarkDiode"	RelError: 2.34655e-13	AbsError: 3.71647e+01
    Region: "SiRegion"	RelError: 2.34655e-13	AbsError: 3.71647e+01
      Equation: "ElectronContinuityEquation"	RelError: 1.64953e-15	AbsError: 1.47072e+01
      Equation: "HoleContinuityEquation"	RelError: 1.81017e-15	AbsError: 2.24574e+01
      Equation: "PotentialEquation"	RelError: 2.31195e-13	AbsError: 5.96836e-17
Charge Relative Error 4.81211e-09
number of equations 5085
Iteration: 0
  Device: "BenchmarkDiode"	RelError: 2.58401e-13	AbsError: 3.63676e+01
    Region: "SiRegion"	RelError: 2.58401e-13	AbsError: 3.63676e+01
      Equation: "ElectronContinuityEquation"	RelError: 2.13720e-15	AbsError: 1.35583e+01
      Equation: "HoleContinuityEquation"	RelError: 3.97107e-15	AbsError: 2.28092e+01
      Equation: "PotentialEquation"	RelError: 2.52293e-13	AbsError: 6.54861e-17
Charge Relative Error 4.81211e-09
number of equations 5085
Iteration: 0
  Device: "BenchmarkDiode"	RelError: 9.28953e-14	AbsError: 2.48570e+01
    Region: "SiRegion"	RelError: 9.28953e-14	AbsError: 2.48570e+01
      Equation: "ElectronContinuityEquation"	RelError: 1.64310e-15	AbsError: 1.27811e+01
      Equation: "HoleContinuityEquation"	RelError: 2.18586e-15	AbsError: 1.20759e+01
      Equation: "PotentialEquation"	RelError: 8.90664e-14	AbsError: 3.68189e-17
Charge Relative Error 4.81211e-09
number of equations 5085
Iteration: 0
  Device: "BenchmarkDiode"	RelError: 8.66450e-14	AbsError: 3.40207e+01
    Region: "SiRegion"	RelError: 8.66450e-14	AbsError: 3.40207e+01
      Equation: "ElectronContinuityEquation"	RelError: 2.04850e-15	AbsError: 1.45028e+01
      Equation: "HoleContinuityEquation"	RelError: 1.82170e-15	AbsError: 1.95179e+01
      Equation: "PotentialEquation"	RelError: 8.27748e-14	AbsError: 5.07958e-17
Charge Relative Error 4.81211e-09
number of equations 5085
Iteration: 0
  Device: "BenchmarkDiode"	RelError: 6.05734e-14	AbsError: 3.40189e+01
    Region: "SiRegion"	RelError: 6.05734e-14	AbsError: 3.40189e+01
      Equation: "ElectronContinuityEquation"	RelError: 2.09055e-15	AbsError: 1.60195e+01
      Equation: "HoleContinuityEquation"	RelError: 3.20376e-15	AbsError: 1.79994e+01
      Equation: "PotentialEquation"	RelError: 5.52791e-14	AbsError: 5.52130e-17
Charge Relative Error 4.81211e-09
number of equations 5085
Iteration: 0
  Device: "BenchmarkDiode"	RelError: 8.98215e-14	AbsError: 3.33954e+01
    Region: "SiRegion"	RelError: 8.98215e-14	AbsError: 3.33954e+01
      Equation: "ElectronContinuityEquation"	RelError: 1.59810e-15	AbsError: 1.50599e+01
      Equation: "HoleContinuityEquation"	RelError: 1.90745e-15	AbsError: 1.83355e+01
      Equation: "PotentialEquation"	RelError: 8.63160e-14	AbsError: 4.71363e-17
Charge Relative Error 4.81211e-09
number of equations 5085
Iteration: 0
  Device: "BenchmarkDiode"	RelError: 1.87414e-13	AbsError: 2.83849e+01
    Region: "SiRegion"	RelError: 1.87414e-13	AbsError: 2.83849e+01
      Equation: "ElectronContinuityEquation"	RelError: 1.42975e-15	AbsError: 1.04041e+01
      Equation: "HoleContinuityEquation"	RelError: 1.95783e-15	AbsError: 1.79808e+01
      Equation: "PotentialEquation"	RelError: 1.84026e-13	AbsError: 3.58314e-17
Charge Relative Error 4.81211e-09
number of equations 5085
Iteration: 0
  Device: "BenchmarkDiode"	RelError: 1.80631e-13	AbsError: 3.36915e+01
    Region: "SiRegion"	RelError: 1.80631e-13	AbsError: 3.36915e+01
      Equation: "ElectronContinuityEquation"	RelError: 1.72731e-15	AbsError: 1.53450e+01
      Equation: "HoleContinuityEquation"	RelError: 1.89370e-15	AbsError: 1.83465e+01
      Equation: "PotentialEquation"	RelError: 1.77010e-13	AbsError: 3.66123e-17
Charge Relative Error 4.81211e-09
number of equations 5085
Iteration: 0
  Device: "BenchmarkDiode"	RelError: 8.47533e-14	AbsError: 3.19194e+01
    Region: "SiRegion"	RelError: 8.47533e-14	AbsError: 3.19194e+01
      Equation: "ElectronContinuityEquation"	RelError: 1.43847e-15	AbsError: 1.39302e+01
      Equation: "HoleContinuityEquation"	RelError: 3.27615e-15	AbsError: 1.79893e+01
      Equation: "PotentialEquation"	RelError: 8.00387e-14	AbsError: 3.57528e-17
Charge Relative Error 4.81211e-09
number of equations 5085
Iteration: 0
  Device: "BenchmarkDiode"	RelError: 3.17818e+03	AbsError: 2.57610e+15
    Region: "SiRegion"	RelError: 3.17818e+03	AbsError: 2.57610e+15
      Equation: "ElectronContinuityEquation"	RelError: 9.99000e+02	AbsError: 1.26349e+15
      Equation: "HoleContinuityEquation"	RelError: 9.99000e+02	AbsError: 1.31261e+15
      Equation: "PotentialEquation"	RelError: 1.18018e+03	AbsError: 1.01639e-01
Iteration: 1
  Device: "BenchmarkDiode"	RelError: 7.60857e+02	AbsError: 3.08728e+15
    Region: "SiRegion"	RelError: 7.60857e+02	AbsError: 3.08728e+15
      Equation: "ElectronContinuityEquation"	RelError: 1.15609e+00	AbsError: 1.65917e+15
      Equation: "HoleContinuityEquation"	RelError: 2.09470e+01	AbsError: 1.42811e+15
      Equation: "PotentialEquation"	RelError: 7.38754e+02	AbsError: 9.95485e-02
Iteration: 2
  Device: "BenchmarkDiode"	RelError: 2.71814e+03	AbsError: 6.87454e+14
    Region: "SiRegion"	RelError: 2.71814e+03	AbsError: 6.87454e+14
      Equation: "ElectronContinuityEquation"	RelError: 9.99000e+02	AbsError: 1.39447e+14
      Equation: "HoleContinuityEquation"	RelError: 9.99000e+02	AbsError: 5.48007e+14
      Equation: "PotentialEquation"	RelError: 7.20145e+02	AbsError: 9.73236e-02
Iteration: 3
  Device: "BenchmarkDiode"	RelError: 1.12313e+03	AbsError: 4.66494e+14
    Region: "SiRegion"	RelError: 1.12313e+03	AbsError: 4.66494e+14
      Equation: "ElectronContinuityEquation"	RelError: 9.99185e-01	AbsError: 8.30795e+13
      Equation: "HoleContinuityEquation"	RelError: 9.99000e+02	AbsError: 3.83414e+14
      Equation: "PotentialEquation"	RelError: 1.23127e+02	AbsError: 9.49464e-02
Iteration: 4
  Device: "BenchmarkDiode"	RelError: 2.05744e+03	AbsError: 2.31516e+14
    Region: "SiRegion"	RelError: 2.05744e+03	AbsError: 2.31516e+14
      Equation: "ElectronContinuityEquation"	RelError: 9.99000e+02	AbsError: 5.45968e+13
      Equation: "HoleContinuityEquation"	RelError: 9.99000e+02	AbsError: 1.76919e+14
      Equation: "PotentialEquation"	RelError: 5.94449e+01	AbsError: 9.23960e-02
Iteration: 5
  Device: "BenchmarkDiode"	RelError: 2.03171e+03	AbsError: 1.58691e+14
    Region: "SiRegion"	RelError: 2.03171e+03	AbsError: 1.58691e+14
      Equation: "ElectronContinuityEquation"	RelError: 9.99000e+02	AbsError: 8.15015e+12
      Equation: "HoleContinuityEquation"	RelError: 9.99000e+02	AbsError: 1.50541e+14
      Equation: "PotentialEquation"	RelError: 3.37052e+01	AbsError: 8.96469e-02
Iteration: 6
  Device: "BenchmarkDiode"	RelError: 2.02857e+03	AbsError: 1.29966e+14
    Region: "SiRegion"	RelError: 2.02857e+03	AbsError: 1.29966e+14
      Equation: "ElectronContinuityEquation"	RelError: 9.99000e+02	AbsError: 2.05163e+13
      Equation: "HoleContinuityEquation"	RelError: 9.99000e+02	AbsError: 1.09449e+14
      Equation: "PotentialEquation"	RelError: 3.05698e+01	AbsError: 8.66679e-02
Iteration: 7
  Device: "BenchmarkDiode"	RelError: 1.99899e+03	AbsError: 6.90048e+13
    Region: "SiRegion"	RelError: 1.99899e+03	AbsError: 6.90048e+13
      Equation: "ElectronContinuityEquation"	RelError: 9.99000e+02	AbsError: 1.52220e+13
      Equation: "HoleContinuityEquation"	RelError: 9.99000e+02	AbsError: 5.37828e+13
      Equation: "PotentialEquation"	RelError: 9.88863e-01	AbsError: 8.34205e-02
Iteration: 8
  Device: "BenchmarkDiode"	RelError: 2.99336e+03	AbsError: 3.21071e+13
    Region: "SiRegion"	RelError: 2.99336e+03	AbsError: 3.21071e+13
      Equation: "ElectronContinuityEquation"	RelError: 1.99427e+03	AbsError: 1.16071e+12
      Equation: "HoleContinuityEquation"	RelError: 9.99000e+02	AbsError: 3.09464e+13
      Equation: "PotentialEquation"	RelError: 9.81903e-02	AbsError: 7.98559e-02
Iteration: 9
  Device: "BenchmarkDiode"	RelError: 3.14630e+03	AbsError: 2.08999e+13
    Region: "SiRegion"	RelError: 3.14630e+03	AbsError: 2.08999e+13
      Equation: "ElectronContinuityEquation"	RelError: 2.14722e+03	AbsError: 4.65177e+11
      Equation: "HoleContinuityEquation"	RelError: 9.99000e+02	AbsError: 2.04347e+13
      Equation: "PotentialEquation"	RelError: 8.32580e-02	AbsError: 7.59120e-02
Iteration: 10
  Device: "BenchmarkDiode"	RelError: 1.99815e+03	AbsError: 1.50200e+13
    Region: "SiRegion"	RelError: 1.99815e+03	AbsError: 1.50200e+13
      Equation: "ElectronContinuityEquation"	RelError: 9.99000e+02	AbsError: 2.17309e+12
      Equation: "HoleContinuityEquation"	RelError: 9.99000e+02	AbsError: 1.28469e+13
      Equation: "PotentialEquation"	RelError: 1.46480e-01	AbsError: 7.15085e-02
Iteration: 11
  Device: "BenchmarkDiode"	RelError: 1.00012e+03	AbsError: 8.45975e+12
    Region: "SiRegion"	RelError: 1.00012e+03	AbsError: 8.45975e+12
      Equation: "ElectronContinuityEquation"	RelError: 9.99999e-01	AbsError: 1.71747e+12
      Equation: "HoleContinuityEquation"	RelError: 9.99000e+02	AbsError: 6.74228e+12
      Equation: "PotentialEquation"	RelError: 1.16512e-01	AbsError: 6.65392e-02
Iteration: 12
  Device: "BenchmarkDiode"	RelError: 1.00013e+03	AbsError: 4.28699e+12
    Region: "SiRegion"	RelError: 1.00013e+03	AbsError: 4.28699e+12
      Equation: "ElectronContinuityEquation"	RelError: 9.99000e+02	AbsError: 1.07697e+12
      Equation: "HoleContinuityEquation"	RelError: 1.06174e+00	AbsError: 3.21001e+12
      Equation: "PotentialEquation"	RelError: 6.96076e-02	AbsError: 6.08630e-02
Iteration: 13
  Device: "BenchmarkDiode"	RelError: 5.30539e+00	AbsError: 1.92874e+12
    Region: "SiRegion"	RelError: 5.30539e+00	AbsError: 1.92874e+12
      Equation: "ElectronContinuityEquation"	RelError: 9.98816e-01	AbsError: 3.00729e+11
      Equation: "HoleContinuityEquation"	RelError: 4.26209e+00	AbsError: 1.62801e+12
      Equation: "PotentialEquation"	RelError: 4.44926e-02	AbsError: 5.42904e-02
Iteration: 14
  Device: "BenchmarkDiode"	RelError: 1.96028e+03	AbsError: 8.04961e+11
    Region: "SiRegion"	RelError: 1.96028e+03	AbsError: 8.04961e+11
      Equation: "ElectronContinuityEquation"	RelError: 1.95955e+03	AbsError: 9.78349e+10
      Equation: "HoleContinuityEquation"	RelError: 6.84851e-01	AbsError: 7.07126e+11
      Equation: "PotentialEquation"	RelError: 3.63933e-02	AbsError: 4.65729e-02
Iteration: 15
  Device: "BenchmarkDiode"	RelError: 1.38684e+00	AbsError: 2.46429e+11
    Region: "SiRegion"	RelError: 1.38684e+00	AbsError: 2.46429e+11
      Equation: "ElectronContinuityEquation"	RelError: 9.99278e-01	AbsError: 7.69937e+09
      Equation: "HoleContinuityEquation"	RelError: 3.59454e-01	AbsError: 2.38729e+11
      Equation: "PotentialEquation"	RelError: 2.81063e-02	AbsError: 3.74171e-02
Iteration: 16
  Device: "BenchmarkDiode"	RelError: 1.04033e+00	AbsError: 5.81848e+10
    Region: "SiRegion"	RelError: 1.04033e+00	AbsError: 5.81848e+10
      Equation: "ElectronContinuityEquation"	RelError: 9.08149e-01	AbsError: 4.32350e+09
      Equation: "HoleContinuityEquation"	RelError: 1.11055e-01	AbsError: 5.38613e+10
      Equation: "PotentialEquation"	RelError: 2.11280e-02	AbsError: 2.66283e-02
Iteration: 17
  Device: "BenchmarkDiode"	RelError: 2.29535e-01	AbsError: 2.53023e+10
    Region: "SiRegion"	RelError: 2.29535e-01	AbsError: 2.53023e+10
      Equation: "ElectronContinuityEquation"	RelError: 2.01431e-01	AbsError: 1.21942e+09
      Equation: "HoleContinuityEquation"	RelError: 1.40746e-02	AbsError: 2.40829e+10
      Equation: "PotentialEquation"	RelError: 1.40293e-02	AbsError: 1.98831e-02
Iteration: 18
  Device: "BenchmarkDiode"	RelError: 2.91792e-02	AbsError: 2.49420e+10
    Region: "SiRegion"	RelError: 2.91792e-02	AbsError: 2.49420e+10
      Equation: "ElectronContinuityEquation"	RelError: 2.85252e-02	AbsError: 9.69345e+08
      Equation: "HoleContinuityEquation"	RelError: 5.91870e-04	AbsError: 2.39726e+10
      Equation: "PotentialEquation"	RelError: 6.21483e-05	AbsError: 2.32416e-07
Iteration: 19
  Device: "BenchmarkDiode"	RelError: 6.92661e-08	AbsError: 7.94920e+03
    Region: "SiRegion"	RelError: 6.92661e-08	AbsError: 7.94920e+03
      Equation: "ElectronContinuityEquation"	RelError: 6.87969e-08	AbsError: 5.10815e+02
      Equation: "HoleContinuityEquation"	RelError: 4.39545e-10	AbsError: 7.43838e+03
      Equation: "PotentialEquation"	RelError: 2.96771e-11	AbsError: 1.08303e-13
Iteration: 20
  Device: "BenchmarkDiode"	RelError: 2.47881e-14	AbsError: 3.59951e+01
    Region: "SiRegion"	RelError: 2.47881e-14	AbsError: 3.59951e+01
      Equation: "ElectronContinuityEquation"	RelError: 1.39059e-15	AbsError: 1.69024e+01
      Equation: "HoleContinuityEquation"	RelError: 1.42652e-15	AbsError: 1.90927e+01
      Equation: "PotentialEquation"	RelError: 2.19710e-14	AbsError: 1.19605e-16
Charge Relative Error 9.97301e-01
number of equations 5085
Iteration: 0
  Device: "BenchmarkDiode"	RelError: 7.94688e+02	AbsError: 1.46586e+13
    Region: "SiRegion"	RelError: 7.94688e+02	AbsError: 1.46586e+13
      Equation: "ElectronContinuityEquation"	RelError: 4.92398e+02	AbsError: 4.35938e+12
      Equation: "HoleContinuityEquation"	RelError: 3.02222e+02	AbsError: 1.02992e+13
      Equation: "PotentialEquation"	RelError: 6.86878e-02	AbsError: 2.13571e-04
Iteration: 1
  Device: "BenchmarkDiode"	RelError: 1.30148e+00	AbsError: 3.93752e+09
    Region: "SiRegion"	RelError: 1.30148e+00	AbsError: 3.93752e+09
      Equation: "ElectronContinuityEquation"	RelError: 8.30438e-01	AbsError: 4.26434e+08
      Equation: "HoleContinuityEquation"	RelError: 4.71027e-01	AbsError: 3.51109e+09
      Equation: "PotentialEquation"	RelError: 1.28588e-05	AbsError: 4.16652e-08
Iteration: 2
  Device: "BenchmarkDiode"	RelError: 8.38077e-06	AbsError: 6.52146e+02
    Region: "SiRegion"	RelError: 8.38077e-06	AbsError: 6.52146e+02
      Equation: "ElectronContinuityEquation"	RelError: 5.83460e-06	AbsError: 1.73733e+02
      Equation: "HoleContinuityEquation"	RelError: 2.54616e-06	AbsError: 4.78413e+02
      Equation: "PotentialEquation"	RelError: 5.60986e-12	AbsError: 6.68252e-15
Iteration: 3
  Device: "BenchmarkDiode"	RelError: 2.65020e-14	AbsError: 4.81347e+01
    Region: "SiRegion"	RelError: 2.65020e-14	AbsError: 4.81347e+01
      Equation: "ElectronContinuityEquation"	RelError: 1.88476e-15	AbsError: 2.23042e+01
      Equation: "HoleContinuityEquation"	RelError: 1.96708e-15	AbsError: 2.58305e+01
      Equation: "PotentialEquation"	RelError: 2.26502e-14	AbsError: 1.22442e-16
Charge Relative Error 1.00000e+00
number of equations 5085
Iteration: 0
  Device: "BenchmarkDiode"	RelError: 7.58014e+01	AbsError: 5.41565e+10
    Region: "SiRegion"	RelError: 7.58014e+01	AbsError: 5.41565e+10
      Equation: "ElectronContinuityEquation"	RelError: 2.82081e+01	AbsError: 7.57246e+09
      Equation: "HoleContinuityEquation"	RelError: 4.75932e+01	AbsError: 4.65840e+10
      Equation: "PotentialEquation"	RelError: 2.27703e-05	AbsError: 9.03063e-07
Iteration: 1
  Device: "BenchmarkDiode"	RelError: 6.17077e-03	AbsError: 1.89446e+05
    Region: "SiRegion"	RelError: 6.17077e-03	AbsError: 1.89446e+05
      Equation: "ElectronContinuityEquation"	RelError: 5.74057e-03	AbsError: 1.30948e+05
      Equation: "HoleContinuityEquation"	RelError: 4.30192e-04	AbsError: 5.84972e+04
      Equation: "PotentialEquation"	RelError: 6.69345e-09	AbsError: 6.89007e-12
Iteration: 2
  Device: "BenchmarkDiode"	RelError: 9.66582e-13	AbsError: 8.39644e+01
    Region: "SiRegion"	RelError: 9.66582e-13	AbsError: 8.39644e+01
      Equation: "ElectronContinuityEquation"	RelError: 5.30366e-13	AbsError: 4.02666e+01
      Equation: "HoleContinuityEquation"	RelError: 4.28349e-13	AbsError: 4.36978e+01
      Equation: "PotentialEquation"	RelError: 7.86696e-15	AbsError: 1.27284e-16
Charge Relative Error 1.00000e+00
number of equations 5085
Iteration: 0
  Device: "BenchmarkDiode"	RelError: 1.75576e+00	AbsError: 2.44558e+08
    Region: "SiRegion"	RelError: 1.75576e+00	AbsError: 2.44558e+08
      Equation: "ElectronContinuityEquation"	RelError: 2.18748e-01	AbsError: 1.12392e+07
      Equation: "HoleContinuityEquation"	RelError: 1.53701e+00	AbsError: 2.33318e+08
      Equation: "PotentialEquation"	RelError: 9.31448e-07	AbsError: 4.90327e-09
Iteration: 1
  Device: "BenchmarkDiode"	RelError: 2.23569e-07	AbsError: 7.21828e+01
    Region: "SiRegion"	RelError: 2.23569e-07	AbsError: 7.21828e+01
      Equation: "ElectronContinuityEquation"	RelError: 2.18414e-07	AbsError: 2.84922e+01
      Equation: "HoleContinuityEquation"	RelError: 5.15529e-09	AbsError: 4.36906e+01
      Equation: "PotentialEquation"	RelError: 2.52823e-13	AbsError: 3.19298e-16
Iteration: 2
  Device: "BenchmarkDiode"	RelError: 1.40225e-14	AbsError: 2.87070e+01
    Region: "SiRegion"	RelError: 1.40225e-14	AbsError: 2.87070e+01
      Equation: "ElectronContinuityEquation"	RelError: 1.85615e-15	AbsError: 1.78185e+01
      Equation: "HoleContinuityEquation"	RelError: 1.97180e-15	AbsError: 1.08885e+01
      Equation: "PotentialEquation"	RelError: 1.01945e-14	AbsError: 1.12882e-16
Charge Relative Error 9.99842e-01
number of equations 5085
Iteration: 0
  Device: "BenchmarkDiode"	RelError: 3.88614e-02	AbsError: 1.30850e+06
    Region: "SiRegion"	RelError: 3.88614e-02	AbsError: 1.30850e+06
      Equation: "ElectronContinuityEquation"	RelError: 2.52795e-03	AbsError: 5.52962e+04
      Equation: "HoleContinuityEquation"	RelError: 3.63335e-02	AbsError: 1.25321e+06
      Equation: "PotentialEquation"	RelError: 7.32838e-09	AbsError: 2.73594e-11
Iteration: 1
  Device: "BenchmarkDiode"	RelError: 7.20290e-12	AbsError: 7.91109e+01
    Region: "SiRegion"	RelError: 7.20290e-12	AbsError: 7.91109e+01
      Equation: "ElectronContinuityEquation"	RelError: 6.97473e-12	AbsError: 3.84144e+01
      Equation: "HoleContinuityEquation"	RelError: 2.24670e-13	AbsError: 4.06964e+01
      Equation: "PotentialEquation"	RelError: 3.49481e-15	AbsError: 1.64566e-16
Charge Relative Error 5.98099e-02
number of equations 5085
Iteration: 0
  Device: "BenchmarkDiode"	RelError: 8.76433e-04	AbsError: 7.42036e+03
    Region: "SiRegion"	RelError: 8.76433e-04	AbsError: 7.42036e+03
      Equation: "ElectronContinuityEquation"	RelError: 2.98399e-05	AbsError: 5.20309e+02
      Equation: "HoleContinuityEquation"	RelError: 8.46593e-04	AbsError: 6.90005e+03
      Equation: "PotentialEquation"	RelError: 4.66068e-11	AbsError: 1.52757e-13
Iteration: 1
  Device: "BenchmarkDiode"	RelError: 1.12119e-14	AbsError: 6.34571e+01
    Region: "SiRegion"	RelError: 1.12119e-14	AbsError: 6.34571e+01
      Equation: "ElectronContinuityEquation"	RelError: 2.05704e-15	AbsError: 1.72992e+01
      Equation: "HoleContinuityEquation"	RelError: 2.40560e-15	AbsError: 4.61579e+01
      Equation: "PotentialEquation"	RelError: 6.74927e-15	AbsError: 1.21337e-16
Charge Relative Error 3.15349e-04
number of equations 5085
Iteration: 0
  Device: "BenchmarkDiode"	RelError: 2.01502e-05	AbsError: 5.76518e+01
    Region: "SiRegion"	RelError: 2.01502e-05	AbsError: 5.76518e+01
      Equation: "ElectronContinuityEquation"	RelError: 3.53821e-07	AbsError: 1.70488e+01
      Equation: "HoleContinuityEquation"	RelError: 1.97964e-05	AbsError: 4.06030e+01
      Equation: "PotentialEquation"	RelError: 2.94145e-13	AbsError: 9.36050e-16
Iteration: 1
  Device: "BenchmarkDiode"	RelError: 1.57554e-14	AbsError: 3.27965e+01
    Region: "SiRegion"	RelError: 1.57554e-14	AbsError: 3.27965e+01
      Equation: "ElectronContinuityEquation"	RelError: 1.25618e-15	AbsError: 1.48642e+01
      Equation: "HoleContinuityEquation"	RelError: 1.48209e-15	AbsError: 1.79323e+01
      Equation: "PotentialEquation"	RelError: 1.30172e-14	AbsError: 1.32711e-16
Charge Relative Error 1.72403e-06
number of equations 5085
Iteration: 0
  Device: "BenchmarkDiode"	RelError: 4.67577e-07	AbsError: 3.15119e+01
    Region: "SiRegion"	RelError: 4.67577e-07	AbsError: 3.15119e+01
      Equation: "ElectronContinuityEquation"	RelError: 4.19966e-09	AbsError: 1.71562e+01
      Equation: "HoleContinuityEquation"	RelError: 4.63377e-07	AbsError: 1.43557e+01
      Equation: "PotentialEquation"	RelError: 4.95277e-15	AbsError: 1.11352e-16
Iteration: 1
  Device: "BenchmarkDiode"	RelError: 9.64777e-15	AbsError: 3.54255e+01
    Region: "SiRegion"	RelError: 9.64777e-15	AbsError: 3.54255e+01
      Equation: "ElectronContinuityEquation"	RelError: 1.18729e-15	AbsError: 1.48641e+01
      Equation: "HoleContinuityEquation"	RelError: 1.88336e-15	AbsError: 2.05614e+01
      Equation: "PotentialEquation"	RelError: 6.57712e-15	AbsError: 1.34494e-16
Charge Relative Error 1.56200e-08
number of equations 5085
Iteration: 0
  Device: "BenchmarkDiode"	RelError: 1.08989e-08	AbsError: 3.44405e+01
    Region: "SiRegion"	RelError: 1.08989e-08	AbsError: 3.44405e+01
      Equation: "ElectronContinuityEquation"	RelError: 4.98607e-11	AbsError: 1.71562e+01
      Equation: "HoleContinuityEquation"	RelError: 1.08491e-08	AbsError: 1.72843e+01
      Equation: "PotentialEquation"	RelError: 1.55789e-15	AbsError: 1.24851e-16
Iteration: 1
  Device: "BenchmarkDiode"	RelError: 5.81427e-15	AbsError: 2.98476e+01
    Region: "SiRegion"	RelError: 5.81427e-15	AbsError: 2.98476e+01
      Equation: "ElectronContinuityEquation"	RelError: 1.13659e-15	AbsError: 1.48641e+01
      Equation: "HoleContinuityEquation"	RelError: 1.85539e-15	AbsError: 1.49835e+01
      Equation: "PotentialEquation"	RelError: 2.82229e-15	AbsError: 1.17522e-16
Charge Relative Error 5.16903e-09
number of equations 5085
Iteration: 0
  Device: "BenchmarkDiode"	RelError: 2.54619e-10	AbsError: 3.70291e+01
    Region: "SiRegion"	RelError: 2.54619e-10	AbsError: 3.70291e+01
      Equation: "ElectronContinuityEquation"	RelError: 5.91634e-13	AbsError: 1.71562e+01
      Equation: "HoleContinuityEquation"	RelError: 2.54025e-10	AbsError: 1.98729e+01
      Equation: "PotentialEquation"	RelError: 2.29225e-15	AbsError: 1.23368e-16
Iteration: 1
  Device: "BenchmarkDiode"	RelError: 6.89102e-15	AbsError: 3.28808e+01
    Region: "SiRegion"	RelError: 6.89102e-15	AbsError: 3.28808e+01
      Equation: "ElectronContinuityEquation"	RelError: 1.89271e-15	AbsError: 1.48641e+01
      Equation: "HoleContinuityEquation"	RelError: 2.18120e-15	AbsError: 1.80167e+01
      Equation: "PotentialEquation"	RelError: 2.81711e-15	AbsError: 1.23200e-16
Charge Relative Error 5.16903e-09
number of equations 5085
Iteration: 0
  Device: "BenchmarkDiode"	RelError: 5.95556e-12	AbsError: 3.25018e+01
    Region: "SiRegion"	RelError: 5.95556e-12	AbsError: 3.25018e+01
      Equation: "ElectronContinuityEquation"	RelError: 7.57853e-15	AbsError: 1.71562e+01
      Equation: "HoleContinuityEquation"	RelError: 5.94772e-12	AbsError: 1.53456e+01
      Equation: "PotentialEquation"	RelError: 2.61617e-16	AbsError: 1.11258e-16
Charge Relative Error 5.16903e-09
number of equations 5085
Iteration: 0
  Device: "BenchmarkDiode"	RelError: 1.46115e-13	AbsError: 3.49513e+01
    Region: "SiRegion"	RelError: 1.46115e-13	AbsError: 3.49513e+01
      Equation: "ElectronContinuityEquation"	RelError: 1.68742e-15	AbsError: 1.48642e+01
      Equation: "HoleContinuityEquation"	RelError: 1.40195e-13	AbsError: 2.00871e+01
      Equation: "PotentialEquation"	RelError: 4.23285e-15	AbsError: 1.25664e-16
Charge Relative Error 5.16903e-09
number of equations 5085
Iteration: 0
  Device: "BenchmarkDiode"	RelError: 9.50889e-15	AbsError: 3.50077e+01
    Region: "SiRegion"	RelError: 9.50889e-15	AbsError: 3.50077e+01
      Equation: "ElectronContinuityEquation"	RelError: 1.02714e-15	AbsError: 1.71562e+01
      Equation: "HoleContinuityEquation"	RelError: 3.44715e-15	AbsError: 1.78516e+01
      Equation: "PotentialEquation"	RelError: 5.03460e-15	AbsError: 1.25153e-16
Charge Relative Error 5.16903e-09
number of equations 5085
Iteration: 0
  Device: "BenchmarkDiode"	RelError: 6.06401e-15	AbsError: 3.42054e+01
    Region: "SiRegion"	RelError: 6.06401e-15	AbsError: 3.42054e+01
      Equation: "ElectronContinuityEquation"	RelError: 1.27993e-15	AbsError: 1.48642e+01
      Equation: "HoleContinuityEquation"	RelError: 1.74981e-15	AbsError: 1.93412e+01
      Equation: "PotentialEquation"	RelError: 3.03427e-15	AbsError: 1.11195e-16
Charge Relative Error 5.16903e-09
number of equations 5085
Iteration: 0
  Device: "BenchmarkDiode"	RelError: 4.74802e-15	AbsError: 2.89979e+01
    Region: "SiRegion"	RelError: 4.74802e-15	AbsError: 2.89979e+01
      Equation: "ElectronContinuityEquation"	RelError: 1.52710e-15	AbsError: 1.71562e+01
      Equation: "HoleContinuityEquation"	RelError: 2.77102e-15	AbsError: 1.18417e+01
      Equation: "PotentialEquation"	RelError: 4.49905e-16	AbsError: 1.16528e-16
Charge Relative Error 5.16903e-09
number of equations 5085
Iteration: 0
  Device: "BenchmarkDiode"	RelError: 5.46374e-15	AbsError: 2.91196e+01
    Region: "SiRegion"	RelError: 5.46374e-15	AbsError: 2.91196e+01
      Equation: "ElectronContinuityEquation"	RelError: 1.96012e-15	AbsError: 1.48642e+01
      Equation: "HoleContinuityEquation"	RelError: 1.83796e-15	AbsError: 1.42554e+01
      Equation: "PotentialEquation"	RelError: 1.66566e-15	AbsError: 1.18283e-16
Charge Relative Error 5.16903e-09
number of equations 5085
Iteration: 0
  Device: "BenchmarkDiode"	RelError: 7.13341e-15	AbsError: 3.75440e+01
    Region: "SiRegion"	RelError: 7.13341e-15	AbsError: 3.75440e+01
      Equation: "ElectronContinuityEquation"	RelError: 1.56866e-15	AbsError: 1.71562e+01
      Equation: "HoleContinuityEquation"	RelError: 1.23681e-15	AbsError: 2.03879e+01
      Equation: "PotentialEquation"	RelError: 4.32794e-15	AbsError: 1.32356e-16
Charge Relative Error 5.16903e-09
number of equations 5085
Iteration: 0
  Device: "BenchmarkDiode"	RelError: 7.03622e-15	AbsError: 3.31250e+01
    Region: "SiRegion"	RelError: 7.03622e-15	AbsError: 3.31250e+01
      Equation: "ElectronContinuityEquation"	RelError: 1.29085e-15	AbsError: 1.48642e+01
      Equation: "HoleContinuityEquation"	RelError: 1.30189e-15	AbsError: 1.82608e+01
      Equation: "PotentialEquation"	RelError: 4.44348e-15	AbsError: 1.31831e-16
Charge Relative Error 5.16903e-09
number of equations 5085
Iteration: 0
  Device: "BenchmarkDiode"	RelError: 6.30522e-15	AbsError: 2.71094e+01
    Region: "SiRegion"	RelError: 6.30522e-15	AbsError: 2.71094e+01
      Equation: "ElectronContinuityEquation"	RelError: 1.55844e-15	AbsError: 1.71562e+01
      Equation: "HoleContinuityEquation"	RelError: 2.24080e-15	AbsError: 9.95326e+00
      Equation: "PotentialEquation"	RelError: 2.50598e-15	AbsError: 1.18101e-16
Charge Relative Error 5.16903e-09
number of equations 5085
Iteration: 0
  Device: "BenchmarkDiode"	RelError: 3.57808e-15	AbsError: 3.09965e+01
    Region: "SiRegion"	RelError: 3.57808e-15	AbsError: 3.09965e+01
      Equation: "ElectronContinuityEquation"	RelError: 1.45540e-15	AbsError: 1.48642e+01
      Equation: "HoleContinuityEquation"	RelError: 1.31021e-15	AbsError: 1.61323e+01
      Equation: "PotentialEquation"	RelError: 8.12467e-16	AbsError: 1.14737e-16
Charge Relative Error 5.16903e-09
number of equations 5085
Iteration: 0
  Device: "BenchmarkDiode"	RelError: 4.14857e-15	AbsError: 2.69575e+01
    Region: "SiRegion"	RelError: 4.14857e-15	AbsError: 2.69575e+01
      Equation: "ElectronContinuityEquation"	RelError: 1.41949e-15	AbsError: 1.71562e+01
      Equation: "HoleContinuityEquation"	RelError: 7.89548e-16	AbsError: 9.80133e+00
      Equation: "PotentialEquation"	RelError: 1.93953e-15	AbsError: 1.12482e-16
Charge Relative Error 5.16903e-09
number of equations 5085
Iteration: 0
  Device: "BenchmarkDiode"	RelError: 2.93378e-15	AbsError: 2.94556e+01
    Region: "SiRegion"	RelError: 2.93378e-15	AbsError: 2.94556e+01
      Equation: "ElectronContinuityEquation"	RelError: 1.47097e-15	AbsError: 1.48642e+01
      Equation: "HoleContinuityEquation"	RelError: 1.23192e-15	AbsError: 1.45914e+01
      Equation: "PotentialEquation"	RelError: 2.30883e-16	AbsError: 1.16690e-16
Charge Relative Error 5.16903e-09
number of equations 5085
Iteration: 0
  Device: "BenchmarkDiode"	RelError: 4.89103e-15	AbsError: 3.74933e+01
    Region: "SiRegion"	RelError: 4.89103e-15	AbsError: 3.74933e+01
      Equation: "ElectronContinuityEquation"	RelError: 1.39395e-15	AbsError: 1.71562e+01
      Equation: "HoleContinuityEquation"	RelError: 1.21939e-15	AbsError: 2.03372e+01
      Equation: "PotentialEquation"	RelError: 2.27770e-15	AbsError: 1.29661e-16
Charge Relative Error 5.16903e-09
number of equations 5085
Iteration: 0
  Device: "BenchmarkDiode"	RelError: 5.45007e-15	AbsError: 3.23114e+01
    Region: "SiRegion"	RelError: 5.45007e-15	AbsError: 3.23114e+01
      Equation: "ElectronContinuityEquation"	RelError: 1.55972e-15	AbsError: 1.48642e+01
      Equation: "HoleContinuityEquation"	RelError: 1.30817e-15	AbsError: 1.74472e+01
      Equation: "PotentialEquation"	RelError: 2.58218e-15	AbsError: 1.23609e-16
Charge Relative Error 5.16903e-09
number of equations 5085
Iteration: 0
  Device: "BenchmarkDiode"	RelError: 8.19421e-15	AbsError: 3.18672e+01
    Region: "SiRegion"	RelError: 8.19421e-15	AbsError: 3.18672e+01
      Equation: "ElectronContinuityEquation"	RelError: 1.79735e-15	AbsError: 1.71562e+01
      Equation: "HoleContinuityEquation"	RelError: 2.18125e-15	AbsError: 1.47110e+01
      Equation: "PotentialEquation"	RelError: 4.21561e-15	AbsError: 1.14691e-16
Charge Relative Error 5.16903e-09
number of equations 5085
Iteration: 0
  Device: "BenchmarkDiode"	RelError: 8.55771e-15	AbsError: 3.47781e+01
    Region: "SiRegion"	RelError: 8.55771e-15	AbsError: 3.47781e+01
      Equation: "ElectronContinuityEquation"	RelError: 1.91285e-15	AbsError: 1.48642e+01
      Equation: "HoleContinuityEquation"	RelError: 2.32892e-15	AbsError: 1.99139e+01
      Equation: "PotentialEquation"	RelError: 4.31594e-15	AbsError: 1.25324e-16
Charge Relative Error 5.16903e-09
number of equations 5085
Iteration: 0
  Device: "BenchmarkDiode"	RelError: 8.81910e-15	AbsError: 3.54277e+01
    Region: "SiRegion"	RelError: 8.81910e-15	AbsError: 3.54277e+01
      Equation: "ElectronContinuityEquation"	RelError: 1.67839e-15	AbsError: 1.71562e+01
      Equation: "HoleContinuityEquation"	RelError: 1.58525e-15	AbsError: 1.82716e+01
      Equation: "PotentialEquation"	RelError: 5.55546e-15	AbsError: 1.26818e-16
Charge Relative Error 5.16903e-09
number of equations 5085
Iteration: 0
  Device: "BenchmarkDiode"	RelError: 6.46302e-15	AbsError: 2.49208e+01
    Region: "SiRegion"	RelError: 6.46302e-15	AbsError: 2.49208e+01
      Equation: "ElectronContinuityEquation"	RelError: 1.11293e-15	AbsError: 1.48642e+01
      Equation: "HoleContinuityEquation"	RelError: 8.59240e-16	AbsError: 1.00566e+01
      Equation: "PotentialEquation"	RelError: 4.49086e-15	AbsError: 1.21810e-16
Charge Relative Error 5.16903e-09
number of equations 5085
Iteration: 0
  Device: "BenchmarkDiode"	RelError: 8.21253e-15	AbsError: 3.31563e+01
    Region: "SiRegion"	RelError: 8.21253e-15	AbsError: 3.31563e+01
      Equation: "ElectronContinuityEquation"	RelError: 1.16850e-15	AbsError: 1.71562e+01
      Equation: "HoleContinuityEquation"	RelError: 1.53221e-15	AbsError: 1.60001e+01
      Equation: "PotentialEquation"	RelError: 5.51181e-15	AbsError: 1.16272e-16
Charge Relative Error 5.16903e-09
number of equations 5085
Iteration: 0
  Device: "BenchmarkDiode"	RelError: 9.29851e-15	AbsError: 2.47531e+01
    Region: "SiRegion"	RelError: 9.29851e-15	AbsError: 2.47531e+01
      Equation: "ElectronContinuityEquation"	RelError: 1.96374e-15	AbsError: 1.48642e+01
      Equation: "HoleContinuityEquation"	RelError: 1.31226e-15	AbsError: 9.88886e+00
      Equation: "PotentialEquation"	RelError: 6.02252e-15	AbsError: 1.14234e-16
Charge Relative Error 5.16903e-09
number of equations 5085
Iteration: 0
  Device: "BenchmarkDiode"	RelError: 8.56571e-15	AbsError: 3.17706e+01
    Region: "SiRegion"	RelError: 8.56571e-15	AbsError: 3.17706e+01
      Equation: "ElectronContinuityEquation"	RelError: 1.97568e-15	AbsError: 1.71562e+01
      Equation: "HoleContinuityEquation"	RelError: 9.78527e-16	AbsError: 1.46145e+01
      Equation: "PotentialEquation"	RelError: 5.61150e-15	AbsError: 1.17743e-16
Charge Relative Error 5.16903e-09
number of equations 5085
Iteration: 0
  Device: "BenchmarkDiode"	RelError: 9.79548e-15	AbsError: 3.51606e+01
    Region: "SiRegion"	RelError: 9.79548e-15	AbsError: 3.51606e+01
      Equation: "ElectronContinuityEquation"	RelError: 1.22748e-15	AbsError: 1.48642e+01
      Equation: "HoleContinuityEquation"	RelError: 8.34535e-16	AbsError: 2.02964e+01
      Equation: "PotentialEquation"	RelError: 7.73346e-15	AbsError: 1.27256e-16
Charge Relative Error 5.16903e-09
number of equations 5085
Iteration: 0
  Device: "BenchmarkDiode"	RelError: 8.04898e-15	AbsError: 3.45118e+01
    Region: "SiRegion"	RelError: 8.04898e-15	AbsError: 3.45118e+01
      Equation: "ElectronContinuityEquation"	RelError: 1.81511e-15	AbsError: 1.71562e+01
      Equation: "HoleContinuityEquation"	RelError: 8.74681e-16	AbsError: 1.73556e+01
      Equation: "PotentialEquation"	RelError: 5.35919e-15	AbsError: 1.19613e-16
Charge Relative Error 5.16903e-09
number of equations 5085
Iteration: 0
  Device: "BenchmarkDiode"	RelError: 3.92827e-15	AbsError: 2.95368e+01
    Region: "SiRegion"	RelError: 3.92827e-15	AbsError: 2.95368e+01
      Equation: "ElectronContinuityEquation"	RelError: 1.70890e-15	AbsError: 1.48642e+01
      Equation: "HoleContinuityEquation"	RelError: 1.00616e-15	AbsError: 1.46726e+01
      Equation: "PotentialEquation"	RelError: 1.21321e-15	AbsError: 1.16527e-16
Charge Relative Error 5.16903e-09
number of equations 5085
Iteration: 0
  Device: "BenchmarkDiode"	RelError: 4.65904e-15	AbsError: 3.69535e+01
    Region: "SiRegion"	RelError: 4.65904e-15	AbsError: 3.69535e+01
      Equation: "ElectronContinuityEquation"	RelError: 1.51534e-15	AbsError: 1.71562e+01
      Equation: "HoleContinuityEquation"	RelError: 1.09817e-15	AbsError: 1.97973e+01
      Equation: "PotentialEquation"	RelError: 2.04553e-15	AbsError: 1.20580e-16
Charge Relative Error 5.16903e-09
number of equations 5085
Iteration: 0
  Device: "BenchmarkDiode"	RelError: 5.71597e-15	AbsError: 3.29264e+01
    Region: "SiRegion"	RelError: 5.71597e-15	AbsError: 3.29264e+01
      Equation: "ElectronContinuityEquation"	RelError: 2.07761e-15	AbsError: 1.48642e+01
      Equation: "HoleContinuityEquation"	RelError: 1.51760e-15	AbsError: 1.80622e+01
      Equation: "PotentialEquation"	RelError: 2.12075e-15	AbsError: 1.22763e-16
Charge Relative Error 5.16903e-09
number of equations 5085
Iteration: 0
  Device: "BenchmarkDiode"	RelError: 6.88081e-15	AbsError: 3.64148e+01
    Region: "SiRegion"	RelError: 6.88081e-15	AbsError: 3.64148e+01
      Equation: "ElectronContinuityEquation"	RelError: 2.48369e-15	AbsError: 1.71562e+01
      Equation: "HoleContinuityEquation"	RelError: 1.76243e-15	AbsError: 1.92586e+01
      Equation: "PotentialEquation"	RelError: 2.63469e-15	AbsError: 1.11793e-16
Charge Relative Error 5.16903e-09
number of equations 5085
Iteration: 0
  Device: "BenchmarkDiode"	RelError: 8.03674e-15	AbsError: 2.64300e+01
    Region: "SiRegion"	RelError: 8.03674e-15	AbsError: 2.64300e+01
      Equation: "ElectronContinuityEquation"	RelError: 2.16532e-15	AbsError: 1.48642e+01
      Equation: "HoleContinuityEquation"	RelError: 2.03663e-15	AbsError: 1.15658e+01
      Equation: "PotentialEquation"	RelError: 3.83479e-15	AbsError: 1.17424e-16
Charge Relative Error 5.16903e-09
number of equations 5085
Iteration: 0
  Device: "BenchmarkDiode"	RelError: 1.08600e-14	AbsError: 3.13486e+01
    Region: "SiRegion"	RelError: 1.08600e-14	AbsError: 3.13486e+01
      Equation: "ElectronContinuityEquation"	RelError: 2.72568e-15	AbsError: 1.71562e+01
      Equation: "HoleContinuityEquation"	RelError: 2.85314e-15	AbsError: 1.41924e+01
      Equation: "PotentialEquation"	RelError: 5.28116e-15	AbsError: 1.20349e-16
Charge Relative Error 5.16903e-09
number of equations 5085
Iteration: 0
  Device: "BenchmarkDiode"	RelError: 1.52711e-14	AbsError: 3.52056e+01
    Region: "SiRegion"	RelError: 1.52711e-14	AbsError: 3.52056e+01
      Equation: "ElectronContinuityEquation"	RelError: 3.35467e-15	AbsError: 1.48642e+01
      Equation: "HoleContinuityEquation"	RelError: 3.61328e-15	AbsError: 2.03414e+01
      Equation: "PotentialEquation"	RelError: 8.30311e-15	AbsError: 1.31628e-16
Charge Relative Error 5.16903e-09
number of equations 5085
Iteration: 0
  Device: "BenchmarkDiode"	RelError: 9.89119e-15	AbsError: 3.52729e+01
    Region: "SiRegion"	RelError: 9.89119e-15	AbsError: 3.52729e+01
      Equation: "ElectronContinuityEquation"	RelError: 1.61294e-15	AbsError: 1.71562e+01
      Equation: "HoleContinuityEquation"	RelError: 2.73216e-15	AbsError: 1.81167e+01
      Equation: "PotentialEquation"	RelError: 5.54609e-15	AbsError: 1.25491e-16
Charge Relative Error 5.16903e-09
number of equations 5085
Iteration: 0
  Device: "BenchmarkDiode"	RelError: 3.87838e-15	AbsError: 2.99535e+01
    Region: "SiRegion"	RelError: 3.87838e-15	AbsError: 2.99535e+01
      Equation: "ElectronContinuityEquation"	RelError: 1.19622e-15	AbsError: 1.48642e+01
      Equation: "HoleContinuityEquation"	RelError: 1.89918e-15	AbsError: 1.50893e+01
      Equation: "PotentialEquation"	RelError: 7.82988e-16	AbsError: 1.11065e-16
Charge Relative Error 5.16903e-09
number of equations 5085
Iteration: 0
  Device: "BenchmarkDiode"	RelError: 3.39721e-15	AbsError: 3.71131e+01
    Region: "SiRegion"	RelError: 3.39721e-15	AbsError: 3.71131e+01
      Equation: "ElectronContinuityEquation"	RelError: 7.84325e-16	AbsError: 1.71562e+01
      Equation: "HoleContinuityEquation"	RelError: 1.49902e-15	AbsError: 1.99569e+01
      Equation: "PotentialEquation"	RelError: 1.11387e-15	AbsError: 1.22192e-16
Charge Relative Error 5.16903e-09
number of equations 5085
Iteration: 0
  Device: "BenchmarkDiode"	RelError: 3.51179e-15	AbsError: 3.28122e+01
    Region: "SiRegion"	RelError: 3.51179e-15	AbsError: 3.28122e+01
      Equation: "ElectronContinuityEquation"	RelError: 8.37317e-16	AbsError: 1.48642e+01
      Equation: "HoleContinuityEquation"	RelError: 1.16124e-15	AbsError: 1.79480e+01
      Equation: "PotentialEquation"	RelError: 1.51324e-15	AbsError: 1.22944e-16
Charge Relative Error 5.16903e-09
number of equations 5085
Iteration: 0
  Device: "BenchmarkDiode"	RelError: 6.05284e-15	AbsError: 3.64492e+01
    Region: "SiRegion"	RelError: 6.05284e-15	AbsError: 3.64492e+01
      Equation: "ElectronContinuityEquation"	RelError: 1.48566e-15	AbsError: 1.71562e+01
      Equation: "HoleContinuityEquation"	RelError: 1.27529e-15	AbsError: 1.92931e+01
      Equation: "PotentialEquation"	RelError: 3.29189e-15	AbsError: 1.11840e-16
Charge Relative Error 5.16903e-09
number of equations 5085
Iteration: 0
  Device: "BenchmarkDiode"	RelError: 6.24610e-15	AbsError: 2.64255e+01
    Region: "SiRegion"	RelError: 6.24610e-15	AbsError: 2.64255e+01
      Equation: "ElectronContinuityEquation"	RelError: 7.44449e-16	AbsError: 1.48642e+01
      Equation: "HoleContinuityEquation"	RelError: 1.23281e-15	AbsError: 1.15613e+01
      Equation: "PotentialEquation"	RelError: 4.26885e-15	AbsError: 1.16268e-16
Charge Relative Error 5.16903e-09
number of equations 5085
Iteration: 0
  Device: "BenchmarkDiode"	RelError: 7.21104e-15	AbsError: 3.13427e+01
    Region: "SiRegion"	RelError: 7.21104e-15	AbsError: 3.13427e+01
      Equation: "ElectronContinuityEquation"	RelError: 1.11165e-15	AbsError: 1.71562e+01
      Equation: "HoleContinuityEquation"	RelError: 1.73677e-15	AbsError: 1.41865e+01
      Equation: "PotentialEquation"	RelError: 4.36262e-15	AbsError: 1.21910e-16
Charge Relative Error 5.16903e-09
number of equations 5085
Iteration: 0
  Device: "BenchmarkDiode"	RelError: 1.05960e-14	AbsError: 3.52297e+01
    Region: "SiRegion"	RelError: 1.05960e-14	AbsError: 3.52297e+01
      Equation: "ElectronContinuityEquation"	RelError: 1.69671e-15	AbsError: 1.48642e+01
      Equation: "HoleContinuityEquation"	RelError: 1.26549e-15	AbsError: 2.03655e+01
      Equation: "PotentialEquation"	RelError: 7.63381e-15	AbsError: 1.31978e-16
Charge Relative Error 5.16903e-09
number of equations 5085
Iteration: 0
  Device: "BenchmarkDiode"	RelError: 9.53403e-15	AbsError: 3.54093e+01
    Region: "SiRegion"	RelError: 9.53403e-15	AbsError: 3.54093e+01
      Equation: "ElectronContinuityEquation"	RelError: 1.68581e-15	AbsError: 1.71562e+01
      Equation: "HoleContinuityEquation"	RelError: 1.25936e-15	AbsError: 1.82531e+01
      Equation: "PotentialEquation"	RelError: 6.58886e-15	AbsError: 1.30215e-16
Charge Relative Error 5.16903e-09
number of equations 5085
Iteration: 0
  Device: "BenchmarkDiode"	RelError: 4.66688e-15	AbsError: 2.48146e+01
    Region: "SiRegion"	RelError: 4.66688e-15	AbsError: 2.48146e+01
      Equation: "ElectronContinuityEquation"	RelError: 1.23509e-15	AbsError: 1.48642e+01
      Equation: "HoleContinuityEquation"	RelError: 1.05297e-15	AbsError: 9.95037e+00
      Equation: "PotentialEquation"	RelError: 2.37882e-15	AbsError: 1.14280e-16
Charge Relative Error 5.16903e-09
number of equations 5085
Iteration: 0
  Device: "BenchmarkDiode"	RelError: 5.49963e-15	AbsError: 3.32722e+01
    Region: "SiRegion"	RelError: 5.49963e-15	AbsError: 3.32722e+01
      Equation: "ElectronContinuityEquation"	RelError: 8.37367e-16	AbsError: 1.71562e+01
      Equation: "HoleContinuityEquation"	RelError: 1.22150e-15	AbsError: 1.61161e+01
      Equation: "PotentialEquation"	RelError: 3.44076e-15	AbsError: 1.14950e-16
Charge Relative Error 5.16903e-09
recovery_ifixed_tau_1e-08_dt_2e-09_mesh_2e-07: Vf=2.851e-01 V, If=1.001e-03 A, Qrr=3.495e-09 C, Qstored=3.478e-09 C, elapsed=2.92s
p_i
i_n
bot
 (region: SiRegion)
 (contact: top)
 (contact: bot)
number of equations 1695
Iteration: 0
  Device: "BenchmarkDiode"	RelError: 1.00000e+00	AbsError: 1.63902e-01
    Region: "SiRegion"	RelError: 1.00000e+00	AbsError: 1.63902e-01
      Equation: "PotentialEquation"	RelError: 1.00000e+00	AbsError: 1.63902e-01
Iteration: 1
  Device: "BenchmarkDiode"	RelError: 4.97944e-01	AbsError: 1.62430e-01
    Region: "SiRegion"	RelError: 4.97944e-01	AbsError: 1.62430e-01
      Equation: "PotentialEquation"	RelError: 4.97944e-01	AbsError: 1.62430e-01
Iteration: 2
  Device: "BenchmarkDiode"	RelError: 2.39824e+01	AbsError: 1.03408e-01
    Region: "SiRegion"	RelError: 2.39824e+01	AbsError: 1.03408e-01
      Equation: "PotentialEquation"	RelError: 2.39824e+01	AbsError: 1.03408e-01
Iteration: 3
  Device: "BenchmarkDiode"	RelError: 1.53991e+01	AbsError: 5.73651e-02
    Region: "SiRegion"	RelError: 1.53991e+01	AbsError: 5.73651e-02
      Equation: "PotentialEquation"	RelError: 1.53991e+01	AbsError: 5.73651e-02
Iteration: 4
  Device: "BenchmarkDiode"	RelError: 5.98642e+00	AbsError: 5.01960e-02
    Region: "SiRegion"	RelError: 5.98642e+00	AbsError: 5.01960e-02
      Equation: "PotentialEquation"	RelError: 5.98642e+00	AbsError: 5.01960e-02
Iteration: 5
  Device: "BenchmarkDiode"	RelError: 2.30820e+00	AbsError: 4.17220e-02
    Region: "SiRegion"	RelError: 2.30820e+00	AbsError: 4.17220e-02
      Equation: "PotentialEquation"	RelError: 2.30820e+00	AbsError: 4.17220e-02
Iteration: 6
  Device: "BenchmarkDiode"	RelError: 1.27440e+00	AbsError: 3.16681e-02
    Region: "SiRegion"	RelError: 1.27440e+00	AbsError: 3.16681e-02
      Equation: "PotentialEquation"	RelError: 1.27440e+00	AbsError: 3.16681e-02
Iteration: 7
  Device: "BenchmarkDiode"	RelError: 3.45009e-01	AbsError: 2.38740e-02
    Region: "SiRegion"	RelError: 3.45009e-01	AbsError: 2.38740e-02
      Equation: "PotentialEquation"	RelError: 3.45009e-01	AbsError: 2.38740e-02
Iteration: 8
  Device: "BenchmarkDiode"	RelError: 2.46584e-02	AbsError: 1.02888e-02
    Region: "SiRegion"	RelError: 2.46584e-02	AbsError: 1.02888e-02
      Equation: "PotentialEquation"	RelError: 2.46584e-02	AbsError: 1.02888e-02
Iteration: 9
  Device: "BenchmarkDiode"	RelError: 1.38055e-05	AbsError: 5.76038e-06
    Region: "SiRegion"	RelError: 1.38055e-05	AbsError: 5.76038e-06
      Equation: "PotentialEquation"	RelError: 1.38055e-05	AbsError: 5.76038e-06
Iteration: 10
  Device: "BenchmarkDiode"	RelError: 1.83872e-10	AbsError: 7.67209e-11
    Region: "SiRegion"	RelError: 1.83872e-10	AbsError: 7.67209e-11
      Equation: "PotentialEquation"	RelError: 1.83872e-10	AbsError: 7.67209e-11
Iteration: 11
  Device: "BenchmarkDiode"	RelError: 4.22940e-15	AbsError: 3.95529e-17
    Region: "SiRegion"	RelError: 4.22940e-15	AbsError: 3.95529e-17
      Equation: "PotentialEquation"	RelError: 4.22940e-15	AbsError: 3.95529e-17
Warning: Replacing equation with equation of the same name.
Region: SiRegion, Equation: PotentialEquation, Variable: Potential
number of equations 5085
Iteration: 0
  Device: "BenchmarkDiode"	RelError: 1.81114e-13	AbsError: 1.00800e+03
    Region: "SiRegion"	RelError: 1.81114e-13	AbsError: 1.00800e+03
      Equation: "ElectronContinuityEquation"	RelError: 1.00360e-14	AbsError: 4.96000e+02
      Equation: "HoleContinuityEquation"	RelError: 7.69841e-15	AbsError: 5.12000e+02
      Equation: "PotentialEquation"	RelError: 1.63379e-13	AbsError: 1.33092e-16
number of equations 5085
Iteration: 0
  Device: "BenchmarkDiode"	RelError: 2.36507e-13	AbsError: 3.87972e+01
    Region: "SiRegion"	RelError: 2.36507e-13	AbsError: 3.87972e+01
      Equation: "ElectronContinuityEquation"	RelError: 2.13410e-15	AbsError: 2.11253e+01
      Equation: "HoleContinuityEquation"	RelError: 2.79619e-15	AbsError: 1.76718e+01
      Equation: "PotentialEquation"	RelError: 2.31577e-13	AbsError: 4.16863e-17
number of equations 5085
Iteration: 0
  Device: "BenchmarkDiode"	RelError: 7.03523e+01	AbsError: 1.65527e+14
    Region: "SiRegion"	RelError: 7.03523e+01	AbsError: 1.65527e+14
      Equation: "ElectronContinuityEquation"	RelError: 6.56133e-01	AbsError: 8.23446e+13
      Equation: "HoleContinuityEquation"	RelError: 6.55985e-01	AbsError: 8.31824e+13
      Equation: "PotentialEquation"	RelError: 6.90402e+01	AbsError: 2.78470e-02
Iteration: 1
  Device: "BenchmarkDiode"	RelError: 4.51429e+01	AbsError: 5.70563e+12
    Region: "SiRegion"	RelError: 4.51429e+01	AbsError: 5.70563e+12
      Equation: "ElectronContinuityEquation"	RelError: 4.46368e-01	AbsError: 2.89315e+12
      Equation: "HoleContinuityEquation"	RelError: 5.29288e-01	AbsError: 2.81248e+12
      Equation: "PotentialEquation"	RelError: 4.41673e+01	AbsError: 2.21530e-02
Iteration: 2
  Device: "BenchmarkDiode"	RelError: 3.52222e-01	AbsError: 7.91819e+10
    Region: "SiRegion"	RelError: 3.52222e-01	AbsError: 7.91819e+10
      Equation: "ElectronContinuityEquation"	RelError: 2.28676e-01	AbsError: 1.64537e+10
      Equation: "HoleContinuityEquation"	RelError: 9.45901e-02	AbsError: 6.27282e+10
      Equation: "PotentialEquation"	RelError: 2.89568e-02	AbsError: 7.18092e-06
Iteration: 3
  Device: "BenchmarkDiode"	RelError: 6.95432e-05	AbsError: 2.14879e+06
    Region: "SiRegion"	RelError: 6.95432e-05	AbsError: 2.14879e+06
      Equation: "ElectronContinuityEquation"	RelError: 4.74036e-05	AbsError: 3.43776e+05
      Equation: "HoleContinuityEquation"	RelError: 2.17688e-05	AbsError: 1.80502e+06
      Equation: "PotentialEquation"	RelError: 3.70820e-07	AbsError: 1.06732e-10
Iteration: 4
  Device: "BenchmarkDiode"	RelError: 9.24871e-14	AbsError: 5.63004e+01
    Region: "SiRegion"	RelError: 9.24871e-14	AbsError: 5.63004e+01
      Equation: "ElectronContinuityEquation"	RelError: 5.34896e-14	AbsError: 2.48687e+01
      Equation: "HoleContinuityEquation"	RelError: 2.78427e-14	AbsError: 3.14317e+01
      Equation: "PotentialEquation"	RelError: 1.11549e-14	AbsError: 4.93972e-17
number of equations 5085
Iteration: 0
  Device: "BenchmarkDiode"	RelError: 1.34665e+02	AbsError: 1.53996e+14
    Region: "SiRegion"	RelError: 1.34665e+02	AbsError: 1.53996e+14
      Equation: "ElectronContinuityEquation"	RelError: 6.57988e-01	AbsError: 7.65771e+13
      Equation: "HoleContinuityEquation"	RelError: 6.57955e-01	AbsError: 7.74190e+13
      Equation: "PotentialEquation"	RelError: 1.33349e+02	AbsError: 2.78470e-02
Iteration: 1
  Device: "BenchmarkDiode"	RelError: 4.73141e+01	AbsError: 5.78899e+12
    Region: "SiRegion"	RelError: 4.73141e+01	AbsError: 5.78899e+12
      Equation: "ElectronContinuityEquation"	RelError: 4.47600e-01	AbsError: 2.94095e+12
      Equation: "HoleContinuityEquation"	RelError: 5.31038e-01	AbsError: 2.84805e+12
      Equation: "PotentialEquation"	RelError: 4.63354e+01	AbsError: 2.21530e-02
Iteration: 2
  Device: "BenchmarkDiode"	RelError: 3.65769e-01	AbsError: 9.27312e+10
    Region: "SiRegion"	RelError: 3.65769e-01	AbsError: 9.27312e+10
      Equation: "ElectronContinuityEquation"	RelError: 2.29543e-01	AbsError: 2.13270e+10
      Equation: "HoleContinuityEquation"	RelError: 9.46257e-02	AbsError: 7.14042e+10
      Equation: "PotentialEquation"	RelError: 4.16005e-02	AbsError: 9.60908e-06
Iteration: 3
  Device: "BenchmarkDiode"	RelError: 9.47794e-05	AbsError: 3.36608e+06
    Region: "SiRegion"	RelError: 9.47794e-05	AbsError: 3.36608e+06
      Equation: "ElectronContinuityEquation"	RelError: 6.39972e-05	AbsError: 5.93932e+05
      Equation: "HoleContinuityEquation"	RelError: 3.00822e-05	AbsError: 2.77215e+06
      Equation: "PotentialEquation"	RelError: 7.00022e-07	AbsError: 1.83566e-10
Iteration: 4
  Device: "BenchmarkDiode"	RelError: 2.64263e-13	AbsError: 6.58043e+01
    Region: "SiRegion"	RelError: 2.64263e-13	AbsError: 6.58043e+01
      Equation: "ElectronContinuityEquation"	RelError: 1.18695e-13	AbsError: 3.59773e+01
      Equation: "HoleContinuityEquation"	RelError: 8.56423e-14	AbsError: 2.98270e+01
      Equation: "PotentialEquation"	RelError: 5.99264e-14	AbsError: 4.35733e-17
number of equations 5085
Iteration: 0
  Device: "BenchmarkDiode"	RelError: 1.17153e+02	AbsError: 1.42290e+14
    Region: "SiRegion"	RelError: 1.17153e+02	AbsError: 1.42290e+14
      Equation: "ElectronContinuityEquation"	RelError: 6.58564e-01	AbsError: 7.07232e+13
      Equation: "HoleContinuityEquation"	RelError: 6.58549e-01	AbsError: 7.15664e+13
      Equation: "PotentialEquation"	RelError: 1.15836e+02	AbsError: 2.78470e-02
Iteration: 1
  Device: "BenchmarkDiode"	RelError: 7.82441e+01	AbsError: 5.87486e+12
    Region: "SiRegion"	RelError: 7.82441e+01	AbsError: 5.87486e+12
      Equation: "ElectronContinuityEquation"	RelError: 4.47935e-01	AbsError: 2.99265e+12
      Equation: "HoleContinuityEquation"	RelError: 5.31731e-01	AbsError: 2.88221e+12
      Equation: "PotentialEquation"	RelError: 7.72644e+01	AbsError: 2.21530e-02
Iteration: 2
  Device: "BenchmarkDiode"	RelError: 4.00298e-01	AbsError: 1.11442e+11
    Region: "SiRegion"	RelError: 4.00298e-01	AbsError: 1.11442e+11
      Equation: "ElectronContinuityEquation"	RelError: 2.29908e-01	AbsError: 2.87902e+10
      Equation: "HoleContinuityEquation"	RelError: 9.46500e-02	AbsError: 8.26518e+10
      Equation: "PotentialEquation"	RelError: 7.57398e-02	AbsError: 1.32569e-05
Iteration: 3
  Device: "BenchmarkDiode"	RelError: 1.33477e-04	AbsError: 5.57027e+06
    Region: "SiRegion"	RelError: 1.33477e-04	AbsError: 5.57027e+06
      Equation: "ElectronContinuityEquation"	RelError: 8.87392e-05	AbsError: 1.08397e+06
      Equation: "HoleContinuityEquation"	RelError: 4.28771e-05	AbsError: 4.48630e+06
      Equation: "PotentialEquation"	RelError: 1.86076e-06	AbsError: 3.32993e-10
Iteration: 4
  Device: "BenchmarkDiode"	RelError: 6.92351e-13	AbsError: 7.79844e+01
    Region: "SiRegion"	RelError: 6.92351e-13	AbsError: 7.79844e+01
      Equation: "ElectronContinuityEquation"	RelError: 2.98681e-13	AbsError: 3.73628e+01
      Equation: "HoleContinuityEquation"	RelError: 2.01910e-13	AbsError: 4.06216e+01
      Equation: "PotentialEquation"	RelError: 1.91760e-13	AbsError: 5.02694e-17
number of equations 5085
Iteration: 0
  Device: "BenchmarkDiode"	RelError: 1.42530e+02	AbsError: 1.30404e+14
    Region: "SiRegion"	RelError: 1.42530e+02	AbsError: 1.30404e+14
      Equation: "ElectronContinuityEquation"	RelError: 6.58748e-01	AbsError: 6.47808e+13
      Equation: "HoleContinuityEquation"	RelError: 6.58734e-01	AbsError: 6.56229e+13
      Equation: "PotentialEquation"	RelError: 1.41213e+02	AbsError: 2.78470e-02
Iteration: 1
  Device: "BenchmarkDiode"	RelError: 4.16014e+02	AbsError: 5.95817e+12
    Region: "SiRegion"	RelError: 4.16014e+02	AbsError: 5.95817e+12
      Equation: "ElectronContinuityEquation"	RelError: 4.47953e-01	AbsError: 3.04707e+12
      Equation: "HoleContinuityEquation"	RelError: 5.32100e-01	AbsError: 2.91111e+12
      Equation: "PotentialEquation"	RelError: 4.15034e+02	AbsError: 2.21530e-02
Iteration: 2
  Device: "BenchmarkDiode"	RelError: 1.10228e+00	AbsError: 1.38087e+11
    Region: "SiRegion"	RelError: 1.10228e+00	AbsError: 1.38087e+11
      Equation: "ElectronContinuityEquation"	RelError: 2.30128e-01	AbsError: 4.09472e+10
      Equation: "HoleContinuityEquation"	RelError: 9.46607e-02	AbsError: 9.71394e+10
      Equation: "PotentialEquation"	RelError: 7.77487e-01	AbsError: 1.88507e-05
Iteration: 3
  Device: "BenchmarkDiode"	RelError: 2.14563e-04	AbsError: 9.75295e+06
    Region: "SiRegion"	RelError: 2.14563e-04	AbsError: 9.75295e+06
      Equation: "ElectronContinuityEquation"	RelError: 1.26799e-04	AbsError: 2.08437e+06
      Equation: "HoleContinuityEquation"	RelError: 6.32144e-05	AbsError: 7.66857e+06
      Equation: "PotentialEquation"	RelError: 2.45496e-05	AbsError: 6.43597e-10
Iteration: 4
  Device: "BenchmarkDiode"	RelError: 1.50481e-12	AbsError: 6.61033e+01
    Region: "SiRegion"	RelError: 1.50481e-12	AbsError: 6.61033e+01
      Equation: "ElectronContinuityEquation"	RelError: 8.43131e-13	AbsError: 3.42479e+01
      Equation: "HoleContinuityEquation"	RelError: 5.38130e-13	AbsError: 3.18555e+01
      Equation: "PotentialEquation"	RelError: 1.23553e-13	AbsError: 4.35614e-17
number of equations 5085
Iteration: 0
  Device: "BenchmarkDiode"	RelError: 1.22975e+02	AbsError: 1.18351e+14
    Region: "SiRegion"	RelError: 1.22975e+02	AbsError: 1.18351e+14
      Equation: "ElectronContinuityEquation"	RelError: 6.58795e-01	AbsError: 5.87564e+13
      Equation: "HoleContinuityEquation"	RelError: 6.58778e-01	AbsError: 5.95950e+13
      Equation: "PotentialEquation"	RelError: 1.21658e+02	AbsError: 2.78470e-02
Iteration: 1
  Device: "BenchmarkDiode"	RelError: 6.37571e+02	AbsError: 6.02061e+12
    Region: "SiRegion"	RelError: 6.37571e+02	AbsError: 6.02061e+12
      Equation: "ElectronContinuityEquation"	RelError: 4.47948e-01	AbsError: 3.09642e+12
      Equation: "HoleContinuityEquation"	RelError: 5.32285e-01	AbsError: 2.92419e+12
      Equation: "PotentialEquation"	RelError: 6.36591e+02	AbsError: 2.21530e-02
Iteration: 2
  Device: "BenchmarkDiode"	RelError: 5.87093e-01	AbsError: 2.11902e+11
    Region: "SiRegion"	RelError: 5.87093e-01	AbsError: 2.11902e+11
      Equation: "ElectronContinuityEquation"	RelError: 2.30200e-01	AbsError: 7.44465e+10
      Equation: "HoleContinuityEquation"	RelError: 9.48735e-02	AbsError: 1.37456e+11
      Equation: "PotentialEquation"	RelError: 2.62019e-01	AbsError: 2.73321e-05
Iteration: 3
  Device: "BenchmarkDiode"	RelError: 2.80375e-04	AbsError: 1.83600e+07
    Region: "SiRegion"	RelError: 2.80375e-04	AbsError: 1.83600e+07
      Equation: "ElectronContinuityEquation"	RelError: 1.84256e-04	AbsError: 4.26151e+06
      Equation: "HoleContinuityEquation"	RelError: 9.56120e-05	AbsError: 1.40985e+07
      Equation: "PotentialEquation"	RelError: 5.06603e-07	AbsError: 1.35527e-09
Iteration: 4
  Device: "BenchmarkDiode"	RelError: 4.34455e-12	AbsError: 7.40072e+01
    Region: "SiRegion"	RelError: 4.34455e-12	AbsError: 7.40072e+01
      Equation: "ElectronContinuityEquation"	RelError: 2.54382e-12	AbsError: 3.60867e+01
      Equation: "HoleContinuityEquation"	RelError: 1.59922e-12	AbsError: 3.79205e+01
      Equation: "PotentialEquation"	RelError: 2.01512e-13	AbsError: 7.55483e-17
number of equations 5085
Iteration: 0
  Device: "BenchmarkDiode"	RelError: 4.06167e+02	AbsError: 1.06212e+14
    Region: "SiRegion"	RelError: 4.06167e+02	AbsError: 1.06212e+14
      Equation: "ElectronContinuityEquation"	RelError: 6.58799e-01	AbsError: 5.26912e+13
      Equation: "HoleContinuityEquation"	RelError: 6.58776e-01	AbsError: 5.35205e+13
      Equation: "PotentialEquation"	RelError: 4.04849e+02	AbsError: 2.78470e-02
Iteration: 1
  Device: "BenchmarkDiode"	RelError: 8.50381e+01	AbsError: 5.99512e+12
    Region: "SiRegion"	RelError: 8.50381e+01	AbsError: 5.99512e+12
      Equation: "ElectronContinuityEquation"	RelError: 4.47790e-01	AbsError: 3.10789e+12
      Equation: "HoleContinuityEquation"	RelError: 5.32597e-01	AbsError: 2.88723e+12
      Equation: "PotentialEquation"	RelError: 8.40577e+01	AbsError: 2.21530e-02
Iteration: 2
  Device: "BenchmarkDiode"	RelError: 3.34761e-01	AbsError: 5.51732e+11
    Region: "SiRegion"	RelError: 3.34761e-01	AbsError: 5.51732e+11
      Equation: "ElectronContinuityEquation"	RelError: 2.30437e-01	AbsError: 2.05593e+11
      Equation: "HoleContinuityEquation"	RelError: 9.47107e-02	AbsError: 3.46139e+11
      Equation: "PotentialEquation"	RelError: 9.61342e-03	AbsError: 4.22585e-05
Iteration: 3
  Device: "BenchmarkDiode"	RelError: 4.12480e-04	AbsError: 5.05813e+07
    Region: "SiRegion"	RelError: 4.12480e-04	AbsError: 5.05813e+07
      Equation: "ElectronContinuityEquation"	RelError: 2.65949e-04	AbsError: 1.60796e+07
      Equation: "HoleContinuityEquation"	RelError: 1.45526e-04	AbsError: 3.45017e+07
      Equation: "PotentialEquation"	RelError: 1.00443e-06	AbsError: 3.96306e-09
Iteration: 4
  Device: "BenchmarkDiode"	RelError: 1.84285e-11	AbsError: 6.09007e+01
    Region: "SiRegion"	RelError: 1.84285e-11	AbsError: 6.09007e+01
      Equation: "ElectronContinuityEquation"	RelError: 9.55511e-12	AbsError: 3.52577e+01
      Equation: "HoleContinuityEquation"	RelError: 8.86665e-12	AbsError: 2.56430e+01
      Equation: "PotentialEquation"	RelError: 6.69544e-15	AbsError: 1.12485e-16
number of equations 5085
Iteration: 0
  Device: "BenchmarkDiode"	RelError: 6.83556e+01	AbsError: 9.42924e+13
    Region: "SiRegion"	RelError: 6.83556e+01	AbsError: 9.42924e+13
      Equation: "ElectronContinuityEquation"	RelError: 6.58786e-01	AbsError: 4.67382e+13
      Equation: "HoleContinuityEquation"	RelError: 6.58753e-01	AbsError: 4.75542e+13
      Equation: "PotentialEquation"	RelError: 6.70380e+01	AbsError: 2.78470e-02
Iteration: 1
  Device: "BenchmarkDiode"	RelError: 3.77067e+01	AbsError: 6.07214e+12
    Region: "SiRegion"	RelError: 3.77067e+01	AbsError: 6.07214e+12
      Equation: "ElectronContinuityEquation"	RelError: 4.47751e-01	AbsError: 3.12768e+12
      Equation: "HoleContinuityEquation"	RelError: 5.32651e-01	AbsError: 2.94446e+12
      Equation: "PotentialEquation"	RelError: 3.67263e+01	AbsError: 2.21530e-02
Iteration: 2
  Device: "BenchmarkDiode"	RelError: 3.25164e-01	AbsError: 1.43455e+12
    Region: "SiRegion"	RelError: 3.25164e-01	AbsError: 1.43455e+12
      Equation: "ElectronContinuityEquation"	RelError: 2.30441e-01	AbsError: 5.70252e+11
      Equation: "HoleContinuityEquation"	RelError: 9.43285e-02	AbsError: 8.64302e+11
      Equation: "PotentialEquation"	RelError: 3.94008e-04	AbsError: 7.19953e-05
Iteration: 3
  Device: "BenchmarkDiode"	RelError: 5.50510e-04	AbsError: 5.59930e+08
    Region: "SiRegion"	RelError: 5.50510e-04	AbsError: 5.59930e+08
      Equation: "ElectronContinuityEquation"	RelError: 3.40823e-04	AbsError: 2.36418e+08
      Equation: "HoleContinuityEquation"	RelError: 2.09192e-04	AbsError: 3.23512e+08
      Equation: "PotentialEquation"	RelError: 4.95026e-07	AbsError: 3.21519e-08
Iteration: 4
  Device: "BenchmarkDiode"	RelError: 2.05812e-10	AbsError: 2.20947e+02
    Region: "SiRegion"	RelError: 2.05812e-10	AbsError: 2.20947e+02
      Equation: "ElectronContinuityEquation"	RelError: 9.20928e-11	AbsError: 1.08222e+02
      Equation: "HoleContinuityEquation"	RelError: 1.13519e-10	AbsError: 1.12725e+02
      Equation: "PotentialEquation"	RelError: 1.99910e-13	AbsError: 7.83746e-15
Iteration: 5
  Device: "BenchmarkDiode"	RelError: 5.87491e-14	AbsError: 3.65709e+01
    Region: "SiRegion"	RelError: 5.87491e-14	AbsError: 3.65709e+01
      Equation: "ElectronContinuityEquation"	RelError: 3.04855e-15	AbsError: 1.78394e+01
      Equation: "HoleContinuityEquation"	RelError: 2.58230e-15	AbsError: 1.87314e+01
      Equation: "PotentialEquation"	RelError: 5.31183e-14	AbsError: 5.62751e-17
number of equations 5085
Iteration: 0
  Device: "BenchmarkDiode"	RelError: 7.46151e+01	AbsError: 8.38466e+13
    Region: "SiRegion"	RelError: 7.46151e+01	AbsError: 8.38466e+13
      Equation: "ElectronContinuityEquation"	RelError: 6.58756e-01	AbsError: 4.15172e+13
      Equation: "HoleContinuityEquation"	RelError: 6.58702e-01	AbsError: 4.23294e+13
      Equation: "PotentialEquation"	RelError: 7.32977e+01	AbsError: 2.78470e-02
Iteration: 1
  Device: "BenchmarkDiode"	RelError: 7.03431e+01	AbsError: 1.08041e+13
    Region: "SiRegion"	RelError: 7.03431e+01	AbsError: 1.08041e+13
      Equation: "ElectronContinuityEquation"	RelError: 4.47805e-01	AbsError: 5.72634e+12
      Equation: "HoleContinuityEquation"	RelError: 5.32109e-01	AbsError: 5.07776e+12
      Equation: "PotentialEquation"	RelError: 6.93632e+01	AbsError: 2.21530e-02
Iteration: 2
  Device: "BenchmarkDiode"	RelError: 3.22758e-01	AbsError: 3.74585e+12
    Region: "SiRegion"	RelError: 3.22758e-01	AbsError: 3.74585e+12
      Equation: "ElectronContinuityEquation"	RelError: 2.30067e-01	AbsError: 1.56566e+12
      Equation: "HoleContinuityEquation"	RelError: 9.20135e-02	AbsError: 2.18019e+12
      Equation: "PotentialEquation"	RelError: 6.77405e-04	AbsError: 1.43711e-04
Iteration: 3
  Device: "BenchmarkDiode"	RelError: 7.34410e-04	AbsError: 7.13143e+09
    Region: "SiRegion"	RelError: 7.34410e-04	AbsError: 7.13143e+09
      Equation: "ElectronContinuityEquation"	RelError: 4.80431e-04	AbsError: 3.33970e+09
      Equation: "HoleContinuityEquation"	RelError: 2.52075e-04	AbsError: 3.79173e+09
      Equation: "PotentialEquation"	RelError: 1.90386e-06	AbsError: 3.68909e-07
Iteration: 4
  Device: "BenchmarkDiode"	RelError: 4.12244e-09	AbsError: 3.85932e+04
    Region: "SiRegion"	RelError: 4.12244e-09	AbsError: 3.85932e+04
      Equation: "ElectronContinuityEquation"	RelError: 2.72701e-09	AbsError: 1.92747e+04
      Equation: "HoleContinuityEquation"	RelError: 1.38412e-09	AbsError: 1.93185e+04
      Equation: "PotentialEquation"	RelError: 1.13069e-11	AbsError: 1.67930e-12
Iteration: 5
  Device: "BenchmarkDiode"	RelError: 2.59411e-14	AbsError: 5.44894e+01
    Region: "SiRegion"	RelError: 2.59411e-14	AbsError: 5.44894e+01
      Equation: "ElectronContinuityEquation"	RelError: 5.63249e-15	AbsError: 2.58477e+01
      Equation: "HoleContinuityEquation"	RelError: 3.68769e-15	AbsError: 2.86417e+01
      Equation: "PotentialEquation"	RelError: 1.66209e-14	AbsError: 4.53014e-17
number of equations 5085
Iteration: 0
  Device: "BenchmarkDiode"	RelError: 2.15204e+02	AbsError: 4.01292e+13
    Region: "SiRegion"	RelError: 2.15204e+02	AbsError: 4.01292e+13
      Equation: "ElectronContinuityEquation"	RelError: 2.75137e+01	AbsError: 1.98548e+13
      Equation: "HoleContinuityEquation"	RelError: 2.71995e+01	AbsError: 2.02745e+13
      Equation: "PotentialEquation"	RelError: 1.60491e+02	AbsError: 2.50000e-02
Iteration: 1
  Device: "BenchmarkDiode"	RelError: 1.81540e+00	AbsError: 4.51053e+12
    Region: "SiRegion"	RelError: 1.81540e+00	AbsError: 4.51053e+12
      Equation: "ElectronContinuityEquation"	RelError: 9.07928e-01	AbsError: 2.26209e+12
      Equation: "HoleContinuityEquation"	RelError: 9.06942e-01	AbsError: 2.24843e+12
      Equation: "PotentialEquation"	RelError: 5.34697e-04	AbsError: 8.85835e-06
Iteration: 2
  Device: "BenchmarkDiode"	RelError: 2.73594e-04	AbsError: 7.99466e+08
    Region: "SiRegion"	RelError: 2.73594e-04	AbsError: 7.99466e+08
      Equation: "ElectronContinuityEquation"	RelError: 1.77748e-04	AbsError: 4.22089e+08
      Equation: "HoleContinuityEquation"	RelError: 9.29082e-05	AbsError: 3.77377e+08
      Equation: "PotentialEquation"	RelError: 2.93770e-06	AbsError: 6.00617e-08
Iteration: 3
  Device: "BenchmarkDiode"	RelError: 1.94020e-10	AbsError: 7.25949e+02
    Region: "SiRegion"	RelError: 1.94020e-10	AbsError: 7.25949e+02
      Equation: "ElectronContinuityEquation"	RelError: 9.82278e-11	AbsError: 3.70214e+02
      Equation: "HoleContinuityEquation"	RelError: 9.47180e-11	AbsError: 3.55734e+02
      Equation: "PotentialEquation"	RelError: 1.07439e-12	AbsError: 2.72222e-14
Iteration: 4
  Device: "BenchmarkDiode"	RelError: 1.07506e-13	AbsError: 3.89057e+01
    Region: "SiRegion"	RelError: 1.07506e-13	AbsError: 3.89057e+01
      Equation: "ElectronContinuityEquation"	RelError: 3.65647e-15	AbsError: 1.74976e+01
      Equation: "HoleContinuityEquation"	RelError: 2.18427e-15	AbsError: 2.14081e+01
      Equation: "PotentialEquation"	RelError: 1.01665e-13	AbsError: 3.71129e-17
number of equations 5085
Iteration: 0
  Device: "BenchmarkDiode"	RelError: 1.08856e+01	AbsError: 2.01188e+13
    Region: "SiRegion"	RelError: 1.08856e+01	AbsError: 2.01188e+13
      Equation: "ElectronContinuityEquation"	RelError: 3.25489e-01	AbsError: 9.95702e+12
      Equation: "HoleContinuityEquation"	RelError: 3.25421e-01	AbsError: 1.01618e+13
      Equation: "PotentialEquation"	RelError: 1.02347e+01	AbsError: 1.25000e-02
Iteration: 1
  Device: "BenchmarkDiode"	RelError: 1.69879e-01	AbsError: 8.88771e+11
    Region: "SiRegion"	RelError: 1.69879e-01	AbsError: 8.88771e+11
      Equation: "ElectronContinuityEquation"	RelError: 8.49466e-02	AbsError: 4.45741e+11
      Equation: "HoleContinuityEquation"	RelError: 8.48949e-02	AbsError: 4.43030e+11
      Equation: "PotentialEquation"	RelError: 3.78078e-05	AbsError: 6.62374e-06
Iteration: 2
  Device: "BenchmarkDiode"	RelError: 2.48571e-05	AbsError: 1.73763e+08
    Region: "SiRegion"	RelError: 2.48571e-05	AbsError: 1.73763e+08
      Equation: "ElectronContinuityEquation"	RelError: 1.27218e-05	AbsError: 8.63312e+07
      Equation: "HoleContinuityEquation"	RelError: 1.21034e-05	AbsError: 8.74316e+07
      Equation: "PotentialEquation"	RelError: 3.19476e-08	AbsError: 6.36989e-09
Iteration: 3
  Device: "BenchmarkDiode"	RelError: 3.83236e-12	AbsError: 6.70459e+01
    Region: "SiRegion"	RelError: 3.83236e-12	AbsError: 6.70459e+01
      Equation: "ElectronContinuityEquation"	RelError: 1.97874e-12	AbsError: 3.80059e+01
      Equation: "HoleContinuityEquation"	RelError: 1.82036e-12	AbsError: 2.90399e+01
      Equation: "PotentialEquation"	RelError: 3.32559e-14	AbsError: 1.01994e-15
number of equations 5085
Iteration: 0
  Device: "BenchmarkDiode"	RelError: 6.87797e+00	AbsError: 9.97709e+12
    Region: "SiRegion"	RelError: 6.87797e+00	AbsError: 9.97709e+12
      Equation: "ElectronContinuityEquation"	RelError: 3.17970e-01	AbsError: 4.93685e+12
      Equation: "HoleContinuityEquation"	RelError: 3.17822e-01	AbsError: 5.04024e+12
      Equation: "PotentialEquation"	RelError: 6.24218e+00	AbsError: 6.25000e-03
Iteration: 1
  Device: "BenchmarkDiode"	RelError: 6.84377e-02	AbsError: 2.48659e+11
    Region: "SiRegion"	RelError: 6.84377e-02	AbsError: 2.48659e+11
      Equation: "ElectronContinuityEquation"	RelError: 3.42305e-02	AbsError: 1.24709e+11
      Equation: "HoleContinuityEquation"	RelError: 3.42018e-02	AbsError: 1.23950e+11
      Equation: "PotentialEquation"	RelError: 5.44964e-06	AbsError: 7.90475e-07
Iteration: 2
  Device: "BenchmarkDiode"	RelError: 9.54177e-07	AbsError: 5.56069e+06
    Region: "SiRegion"	RelError: 9.54177e-07	AbsError: 5.56069e+06
      Equation: "ElectronContinuityEquation"	RelError: 5.05810e-07	AbsError: 2.72337e+06
      Equation: "HoleContinuityEquation"	RelError: 4.47325e-07	AbsError: 2.83732e+06
      Equation: "PotentialEquation"	RelError: 1.04190e-09	AbsError: 2.24997e-10
Iteration: 3
  Device: "BenchmarkDiode"	RelError: 1.56092e-14	AbsError: 8.58062e+01
    Region: "SiRegion"	RelError: 1.56092e-14	AbsError: 8.58062e+01
      Equation: "ElectronContinuityEquation"	RelError: 7.45969e-15	AbsError: 3.61444e+01
      Equation: "HoleContinuityEquation"	RelError: 6.85808e-15	AbsError: 4.96618e+01
      Equation: "PotentialEquation"	RelError: 1.29145e-15	AbsError: 1.27831e-16
number of equations 5085
Iteration: 0
  Device: "BenchmarkDiode"	RelError: 5.09407e+00	AbsError: 5.00202e+12
    Region: "SiRegion"	RelError: 5.09407e+00	AbsError: 5.00202e+12
      Equation: "ElectronContinuityEquation"	RelError: 1.37183e-01	AbsError: 2.47530e+12
      Equation: "HoleContinuityEquation"	RelError: 1.37131e-01	AbsError: 2.52672e+12
      Equation: "PotentialEquation"	RelError: 4.81975e+00	AbsError: 3.12500e-03
Iteration: 1
  Device: "BenchmarkDiode"	RelError: 1.57742e-02	AbsError: 5.65164e+10
    Region: "SiRegion"	RelError: 1.57742e-02	AbsError: 5.65164e+10
      Equation: "ElectronContinuityEquation"	RelError: 7.88760e-03	AbsError: 2.83443e+10
      Equation: "HoleContinuityEquation"	RelError: 7.88153e-03	AbsError: 2.81720e+10
      Equation: "PotentialEquation"	RelError: 5.05949e-06	AbsError: 3.84050e-07
Iteration: 2
  Device: "BenchmarkDiode"	RelError: 1.13572e-07	AbsError: 6.17431e+05
    Region: "SiRegion"	RelError: 1.13572e-07	AbsError: 6.17431e+05
      Equation: "ElectronContinuityEquation"	RelError: 5.83604e-08	AbsError: 3.06110e+05
      Equation: "HoleContinuityEquation"	RelError: 5.50851e-08	AbsError: 3.11321e+05
      Equation: "PotentialEquation"	RelError: 1.26247e-10	AbsError: 2.26428e-11
Iteration: 3
  Device: "BenchmarkDiode"	RelError: 3.91385e-14	AbsError: 5.13181e+01
    Region: "SiRegion"	RelError: 3.91385e-14	AbsError: 5.13181e+01
      Equation: "ElectronContinuityEquation"	RelError: 7.09509e-15	AbsError: 2.60133e+01
      Equation: "HoleContinuityEquation"	RelError: 7.53346e-15	AbsError: 2.53048e+01
      Equation: "PotentialEquation"	RelError: 2.45099e-14	AbsError: 3.73602e-17
number of equations 5085
Iteration: 0
  Device: "BenchmarkDiode"	RelError: 1.83765e+00	AbsError: 2.50712e+12
    Region: "SiRegion"	RelError: 1.83765e+00	AbsError: 2.50712e+12
      Equation: "ElectronContinuityEquation"	RelError: 6.41900e-02	AbsError: 1.24074e+12
      Equation: "HoleContinuityEquation"	RelError: 6.41682e-02	AbsError: 1.26639e+12
      Equation: "PotentialEquation"	RelError: 1.70929e+00	AbsError: 1.56250e-03
Iteration: 1
  Device: "BenchmarkDiode"	RelError: 3.78708e-03	AbsError: 1.34943e+10
    Region: "SiRegion"	RelError: 3.78708e-03	AbsError: 1.34943e+10
      Equation: "ElectronContinuityEquation"	RelError: 1.89368e-03	AbsError: 6.76768e+09
      Equation: "HoleContinuityEquation"	RelError: 1.89229e-03	AbsError: 6.72666e+09
      Equation: "PotentialEquation"	RelError: 1.11219e-06	AbsError: 1.16628e-07
Iteration: 2
  Device: "BenchmarkDiode"	RelError: 8.47224e-09	AbsError: 4.44568e+04
    Region: "SiRegion"	RelError: 8.47224e-09	AbsError: 4.44568e+04
      Equation: "ElectronContinuityEquation"	RelError: 4.32934e-09	AbsError: 2.20882e+04
      Equation: "HoleContinuityEquation"	RelError: 4.13445e-09	AbsError: 2.23686e+04
      Equation: "PotentialEquation"	RelError: 8.44764e-12	AbsError: 1.59335e-12
Iteration: 3
  Device: "BenchmarkDiode"	RelError: 2.04849e-14	AbsError: 5.82654e+01
    Region: "SiRegion"	RelError: 2.04849e-14	AbsError: 5.82654e+01
      Equation: "ElectronContinuityEquation"	RelError: 4.96222e-15	AbsError: 3.17891e+01
      Equation: "HoleContinuityEquation"	RelError: 2.76439e-15	AbsError: 2.64763e+01
      Equation: "PotentialEquation"	RelError: 1.27583e-14	AbsError: 5.96588e-17
number of equations 5085
Iteration: 0
  Device: "BenchmarkDiode"	RelError: 8.96018e-01	AbsError: 1.25540e+12
    Region: "SiRegion"	RelError: 8.96018e-01	AbsError: 1.25540e+12
      Equation: "ElectronContinuityEquation"	RelError: 3.10972e-02	AbsError: 6.21293e+11
      Equation: "HoleContinuityEquation"	RelError: 3.10872e-02	AbsError: 6.34105e+11
      Equation: "PotentialEquation"	RelError: 8.33833e-01	AbsError: 7.81250e-04
Iteration: 1
  Device: "BenchmarkDiode"	RelError: 9.27934e-04	AbsError: 3.29832e+09
    Region: "SiRegion"	RelError: 9.27934e-04	AbsError: 3.29832e+09
      Equation: "ElectronContinuityEquation"	RelError: 4.63971e-04	AbsError: 1.65416e+09
      Equation: "HoleContinuityEquation"	RelError: 4.63637e-04	AbsError: 1.64416e+09
      Equation: "PotentialEquation"	RelError: 3.25799e-07	AbsError: 3.15756e-08
Iteration: 2
  Device: "BenchmarkDiode"	RelError: 5.68115e-10	AbsError: 2.92859e+03
    Region: "SiRegion"	RelError: 5.68115e-10	AbsError: 2.92859e+03
      Equation: "ElectronContinuityEquation"	RelError: 2.89720e-10	AbsError: 1.45618e+03
      Equation: "HoleContinuityEquation"	RelError: 2.77830e-10	AbsError: 1.47241e+03
      Equation: "PotentialEquation"	RelError: 5.64063e-13	AbsError: 1.03985e-13
Iteration: 3
  Device: "BenchmarkDiode"	RelError: 3.25918e-14	AbsError: 4.82859e+01
    Region: "SiRegion"	RelError: 3.25918e-14	AbsError: 4.82859e+01
      Equation: "ElectronContinuityEquation"	RelError: 4.17833e-15	AbsError: 2.54298e+01
      Equation: "HoleContinuityEquation"	RelError: 6.08018e-15	AbsError: 2.28562e+01
      Equation: "PotentialEquation"	RelError: 2.23333e-14	AbsError: 5.02320e-17
number of equations 5085
Iteration: 0
  Device: "BenchmarkDiode"	RelError: 3.29094e-01	AbsError: 6.28194e+11
    Region: "SiRegion"	RelError: 3.29094e-01	AbsError: 6.28194e+11
      Equation: "ElectronContinuityEquation"	RelError: 1.48557e-02	AbsError: 3.10896e+11
      Equation: "HoleContinuityEquation"	RelError: 1.48512e-02	AbsError: 3.17299e+11
      Equation: "PotentialEquation"	RelError: 2.99387e-01	AbsError: 3.90625e-04
Iteration: 1
  Device: "BenchmarkDiode"	RelError: 2.25070e-04	AbsError: 8.19062e+08
    Region: "SiRegion"	RelError: 2.25070e-04	AbsError: 8.19062e+08
      Equation: "ElectronContinuityEquation"	RelError: 1.12545e-04	AbsError: 4.10772e+08
      Equation: "HoleContinuityEquation"	RelError: 1.12466e-04	AbsError: 4.08290e+08
      Equation: "PotentialEquation"	RelError: 5.88864e-08	AbsError: 8.07042e-09
Iteration: 2
  Device: "BenchmarkDiode"	RelError: 3.56931e-11	AbsError: 1.86105e+02
    Region: "SiRegion"	RelError: 3.56931e-11	AbsError: 1.86105e+02
      Equation: "ElectronContinuityEquation"	RelError: 1.81947e-11	AbsError: 9.25794e+01
      Equation: "HoleContinuityEquation"	RelError: 1.74625e-11	AbsError: 9.35258e+01
      Equation: "PotentialEquation"	RelError: 3.58417e-14	AbsError: 6.59694e-15
number of equations 5085
Iteration: 0
  Device: "BenchmarkDiode"	RelError: 1.87691e-01	AbsError: 3.13972e+11
    Region: "SiRegion"	RelError: 1.87691e-01	AbsError: 3.13972e+11
      Equation: "ElectronContinuityEquation"	RelError: 7.59714e-03	AbsError: 1.55385e+11
      Equation: "HoleContinuityEquation"	RelError: 7.59475e-03	AbsError: 1.58587e+11
      Equation: "PotentialEquation"	RelError: 1.72499e-01	AbsError: 1.95313e-04
Iteration: 1
  Device: "BenchmarkDiode"	RelError: 5.71238e-05	AbsError: 2.05453e+08
    Region: "SiRegion"	RelError: 5.71238e-05	AbsError: 2.05453e+08
      Equation: "ElectronContinuityEquation"	RelError: 2.85636e-05	AbsError: 1.03038e+08
      Equation: "HoleContinuityEquation"	RelError: 2.85432e-05	AbsError: 1.02415e+08
      Equation: "PotentialEquation"	RelError: 1.70565e-08	AbsError: 1.99564e-09
Iteration: 2
  Device: "BenchmarkDiode"	RelError: 2.23789e-12	AbsError: 7.41672e+01
    Region: "SiRegion"	RelError: 2.23789e-12	AbsError: 7.41672e+01
      Equation: "ElectronContinuityEquation"	RelError: 1.13000e-12	AbsError: 2.89672e+01
      Equation: "HoleContinuityEquation"	RelError: 1.09062e-12	AbsError: 4.52000e+01
      Equation: "PotentialEquation"	RelError: 1.72733e-14	AbsError: 4.53483e-16
number of equations 5085
Iteration: 0
  Device: "BenchmarkDiode"	RelError: 8.69117e-02	AbsError: 1.57017e+11
    Region: "SiRegion"	RelError: 8.69117e-02	AbsError: 1.57017e+11
      Equation: "ElectronContinuityEquation"	RelError: 3.75578e-03	AbsError: 7.77081e+10
      Equation: "HoleContinuityEquation"	RelError: 3.75461e-03	AbsError: 7.93090e+10
      Equation: "PotentialEquation"	RelError: 7.94013e-02	AbsError: 9.76563e-05
Iteration: 1
  Device: "BenchmarkDiode"	RelError: 1.41734e-05	AbsError: 5.12771e+07
    Region: "SiRegion"	RelError: 1.41734e-05	AbsError: 5.12771e+07
      Equation: "ElectronContinuityEquation"	RelError: 7.08726e-06	AbsError: 2.57162e+07
      Equation: "HoleContinuityEquation"	RelError: 7.08222e-06	AbsError: 2.55609e+07
      Equation: "PotentialEquation"	RelError: 3.94896e-09	AbsError: 5.01662e-10
Iteration: 2
  Device: "BenchmarkDiode"	RelError: 1.43279e-13	AbsError: 7.28865e+01
    Region: "SiRegion"	RelError: 1.43279e-13	AbsError: 7.28865e+01
      Equation: "ElectronContinuityEquation"	RelError: 7.06630e-14	AbsError: 2.88169e+01
      Equation: "HoleContinuityEquation"	RelError: 6.68753e-14	AbsError: 4.40695e+01
      Equation: "PotentialEquation"	RelError: 5.74092e-15	AbsError: 9.70353e-17
number of equations 5085
Iteration: 0
  Device: "BenchmarkDiode"	RelError: 1.74298e-14	AbsError: 4.23710e+01
    Region: "SiRegion"	RelError: 1.74298e-14	AbsError: 4.23710e+01
      Equation: "ElectronContinuityEquation"	RelError: 4.47495e-15	AbsError: 2.19566e+01
      Equation: "HoleContinuityEquation"	RelError: 3.22757e-15	AbsError: 2.04144e+01
      Equation: "PotentialEquation"	RelError: 9.72724e-15	AbsError: 4.78006e-17
number of equations 5085
Iteration: 0
  Device: "BenchmarkDiode"	RelError: 2.30060e-14	AbsError: 4.39690e+01
    Region: "SiRegion"	RelError: 2.30060e-14	AbsError: 4.39690e+01
      Equation: "ElectronContinuityEquation"	RelError: 2.21510e-15	AbsError: 1.27761e+01
      Equation: "HoleContinuityEquation"	RelError: 1.96429e-15	AbsError: 3.11929e+01
      Equation: "PotentialEquation"	RelError: 1.88266e-14	AbsError: 4.24829e-17
number of equations 5085
Iteration: 0
  Device: "BenchmarkDiode"	RelError: 1.59917e-14	AbsError: 4.20580e+01
    Region: "SiRegion"	RelError: 1.59917e-14	AbsError: 4.20580e+01
      Equation: "ElectronContinuityEquation"	RelError: 2.31547e-15	AbsError: 1.88623e+01
      Equation: "HoleContinuityEquation"	RelError: 3.64859e-15	AbsError: 2.31956e+01
      Equation: "PotentialEquation"	RelError: 1.00276e-14	AbsError: 3.72680e-17
Charge Relative Error 3.43992e-09
number of equations 5085
Iteration: 0
  Device: "BenchmarkDiode"	RelError: 1.36169e-14	AbsError: 4.04120e+01
    Region: "SiRegion"	RelError: 1.36169e-14	AbsError: 4.04120e+01
      Equation: "ElectronContinuityEquation"	RelError: 1.41493e-15	AbsError: 1.86739e+01
      Equation: "HoleContinuityEquation"	RelError: 4.86365e-15	AbsError: 2.17380e+01
      Equation: "PotentialEquation"	RelError: 7.33829e-15	AbsError: 3.84606e-17
Charge Relative Error 3.43992e-09
number of equations 5085
Iteration: 0
  Device: "BenchmarkDiode"	RelError: 9.93725e-15	AbsError: 3.96103e+01
    Region: "SiRegion"	RelError: 9.93725e-15	AbsError: 3.96103e+01
      Equation: "ElectronContinuityEquation"	RelError: 2.45880e-15	AbsError: 2.26821e+01
      Equation: "HoleContinuityEquation"	RelError: 3.69670e-15	AbsError: 1.69283e+01
      Equation: "PotentialEquation"	RelError: 3.78175e-15	AbsError: 4.75840e-17
Charge Relative Error 3.43992e-09
number of equations 5085
Iteration: 0
  Device: "BenchmarkDiode"	RelError: 9.20324e-15	AbsError: 3.65136e+01
    Region: "SiRegion"	RelError: 9.20324e-15	AbsError: 3.65136e+01
      Equation: "ElectronContinuityEquation"	RelError: 1.71985e-15	AbsError: 1.91252e+01
      Equation: "HoleContinuityEquation"	RelError: 4.22026e-15	AbsError: 1.73884e+01
      Equation: "PotentialEquation"	RelError: 3.26313e-15	AbsError: 3.56456e-17
Charge Relative Error 3.43992e-09
number of equations 5085
Iteration: 0
  Device: "BenchmarkDiode"	RelError: 8.57402e-15	AbsError: 3.66857e+01
    Region: "SiRegion"	RelError: 8.57402e-15	AbsError: 3.66857e+01
      Equation: "ElectronContinuityEquation"	RelError: 1.84618e-15	AbsError: 1.32773e+01
      Equation: "HoleContinuityEquation"	RelError: 2.93175e-15	AbsError: 2.34084e+01
      Equation: "PotentialEquation"	RelError: 3.79610e-15	AbsError: 3.68616e-17
Charge Relative Error 3.43992e-09
number of equations 5085
Iteration: 0
  Device: "BenchmarkDiode"	RelError: 1.31305e-14	AbsError: 3.69122e+01
    Region: "SiRegion"	RelError: 1.31305e-14	AbsError: 3.69122e+01
      Equation: "ElectronContinuityEquation"	RelError: 2.48854e-15	AbsError: 1.43095e+01
      Equation: "HoleContinuityEquation"	RelError: 3.04042e-15	AbsError: 2.26026e+01
      Equation: "PotentialEquation"	RelError: 7.60150e-15	AbsError: 3.85417e-17
Charge Relative Error 3.43992e-09
number of equations 5085
Iteration: 0
  Device: "BenchmarkDiode"	RelError: 9.47224e-15	AbsError: 3.26424e+01
    Region: "SiRegion"	RelError: 9.47224e-15	AbsError: 3.26424e+01
      Equation: "ElectronContinuityEquation"	RelError: 3.72178e-15	AbsError: 1.28376e+01
      Equation: "HoleContinuityEquation"	RelError: 1.88532e-15	AbsError: 1.98048e+01
      Equation: "PotentialEquation"	RelError: 3.86514e-15	AbsError: 4.46375e-17
Charge Relative Error 3.43992e-09
number of equations 5085
Iteration: 0
  Device: "BenchmarkDiode"	RelError: 1.17423e-14	AbsError: 3.38700e+01
    Region: "SiRegion"	RelError: 1.17423e-14	AbsError: 3.38700e+01
      Equation: "ElectronContinuityEquation"	RelError: 1.90081e-15	AbsError: 1.22143e+01
      Equation: "HoleContinuityEquation"	RelError: 2.30016e-15	AbsError: 2.16556e+01
      Equation: "PotentialEquation"	RelError: 7.54138e-15	AbsError: 3.69088e-17
Charge Relative Error 3.43992e-09
number of equations 5085
Iteration: 0
  Device: "BenchmarkDiode"	RelError: 4.24102e-15	AbsError: 3.21334e+01
    Region: "SiRegion"	RelError: 4.24102e-15	AbsError: 3.21334e+01
      Equation: "ElectronContinuityEquation"	RelError: 1.58138e-15	AbsError: 1.27301e+01
      Equation: "HoleContinuityEquation"	RelError: 1.47496e-15	AbsError: 1.94033e+01
      Equation: "PotentialEquation"	RelError: 1.18468e-15	AbsError: 3.52225e-17
Charge Relative Error 3.43992e-09
number of equations 5085
Iteration: 0
  Device: "BenchmarkDiode"	RelError: 8.25573e-15	AbsError: 2.62833e+01
    Region: "SiRegion"	RelError: 8.25573e-15	AbsError: 2.62833e+01
      Equation: "ElectronContinuityEquation"	RelError: 1.52588e-15	AbsError: 1.22194e+01
      Equation: "HoleContinuityEquation"	RelError: 1.69869e-15	AbsError: 1.40640e+01
      Equation: "PotentialEquation"	RelError: 5.03116e-15	AbsError: 3.00772e-17
Charge Relative Error 3.43992e-09
number of equations 5085
Iteration: 0
  Device: "BenchmarkDiode"	RelError: 4.08736e+03	AbsError: 2.32576e+15
    Region: "SiRegion"	RelError: 4.08736e+03	AbsError: 2.32576e+15
      Equation: "ElectronContinuityEquation"	RelError: 9.99000e+02	AbsError: 1.11588e+15
      Equation: "HoleContinuityEquation"	RelError: 9.99000e+02	AbsError: 1.20989e+15
      Equation: "PotentialEquation"	RelError: 2.08936e+03	AbsError: 1.03377e-01
Iteration: 1
  Device: "BenchmarkDiode"	RelError: 4.64920e+03	AbsError: 3.25031e+15
    Region: "SiRegion"	RelError: 4.64920e+03	AbsError: 3.25031e+15
      Equation: "ElectronContinuityEquation"	RelError: 9.99000e+02	AbsError: 1.76965e+15
      Equation: "HoleContinuityEquation"	RelError: 9.99000e+02	AbsError: 1.48065e+15
      Equation: "PotentialEquation"	RelError: 2.65120e+03	AbsError: 1.01393e-01
Iteration: 2
  Device: "BenchmarkDiode"	RelError: 6.19698e+03	AbsError: 1.02366e+15
    Region: "SiRegion"	RelError: 6.19698e+03	AbsError: 1.02366e+15
      Equation: "ElectronContinuityEquation"	RelError: 9.99000e+02	AbsError: 2.96960e+14
      Equation: "HoleContinuityEquation"	RelError: 4.88999e+03	AbsError: 7.26702e+14
      Equation: "PotentialEquation"	RelError: 3.07992e+02	AbsError: 9.92877e-02
Iteration: 3
  Device: "BenchmarkDiode"	RelError: 2.48357e+03	AbsError: 6.69931e+14
    Region: "SiRegion"	RelError: 2.48357e+03	AbsError: 6.69931e+14
      Equation: "ElectronContinuityEquation"	RelError: 9.99000e+02	AbsError: 1.03698e+14
      Equation: "HoleContinuityEquation"	RelError: 9.99000e+02	AbsError: 5.66233e+14
      Equation: "PotentialEquation"	RelError: 4.85572e+02	AbsError: 9.70454e-02
Iteration: 4
  Device: "BenchmarkDiode"	RelError: 2.14339e+03	AbsError: 3.89020e+14
    Region: "SiRegion"	RelError: 2.14339e+03	AbsError: 3.89020e+14
      Equation: "ElectronContinuityEquation"	RelError: 9.99000e+02	AbsError: 1.15331e+14
      Equation: "HoleContinuityEquation"	RelError: 9.99000e+02	AbsError: 2.73689e+14
      Equation: "PotentialEquation"	RelError: 1.45391e+02	AbsError: 9.46485e-02
Iteration: 5
  Device: "BenchmarkDiode"	RelError: 2.08594e+03	AbsError: 3.10011e+14
    Region: "SiRegion"	RelError: 2.08594e+03	AbsError: 3.10011e+14
      Equation: "ElectronContinuityEquation"	RelError: 9.99000e+02	AbsError: 2.32785e+13
      Equation: "HoleContinuityEquation"	RelError: 9.99000e+02	AbsError: 2.86733e+14
      Equation: "PotentialEquation"	RelError: 8.79384e+01	AbsError: 9.20756e-02
Iteration: 6
  Device: "BenchmarkDiode"	RelError: 2.00543e+03	AbsError: 2.37268e+14
    Region: "SiRegion"	RelError: 2.00543e+03	AbsError: 2.37268e+14
      Equation: "ElectronContinuityEquation"	RelError: 9.99000e+02	AbsError: 5.13358e+13
      Equation: "HoleContinuityEquation"	RelError: 9.99000e+02	AbsError: 1.85932e+14
      Equation: "PotentialEquation"	RelError: 7.42852e+00	AbsError: 8.93005e-02
Iteration: 7
  Device: "BenchmarkDiode"	RelError: 1.00315e+03	AbsError: 1.41512e+14
    Region: "SiRegion"	RelError: 1.00315e+03	AbsError: 1.41512e+14
      Equation: "ElectronContinuityEquation"	RelError: 1.33804e+00	AbsError: 3.83397e+13
      Equation: "HoleContinuityEquation"	RelError: 9.99000e+02	AbsError: 1.03172e+14
      Equation: "PotentialEquation"	RelError: 2.81114e+00	AbsError: 8.62915e-02
Iteration: 8
  Device: "BenchmarkDiode"	RelError: 1.99825e+03	AbsError: 9.56466e+13
    Region: "SiRegion"	RelError: 1.99825e+03	AbsError: 9.56466e+13
      Equation: "ElectronContinuityEquation"	RelError: 9.99000e+02	AbsError: 3.46998e+12
      Equation: "HoleContinuityEquation"	RelError: 9.99000e+02	AbsError: 9.21766e+13
      Equation: "PotentialEquation"	RelError: 2.52369e-01	AbsError: 8.30086e-02
Iteration: 9
  Device: "BenchmarkDiode"	RelError: 1.00135e+03	AbsError: 7.40480e+13
    Region: "SiRegion"	RelError: 1.00135e+03	AbsError: 7.40480e+13
      Equation: "ElectronContinuityEquation"	RelError: 9.98871e-01	AbsError: 9.87405e+12
      Equation: "HoleContinuityEquation"	RelError: 9.99000e+02	AbsError: 6.41740e+13
      Equation: "PotentialEquation"	RelError: 1.35182e+00	AbsError: 7.94019e-02
Iteration: 10
  Device: "BenchmarkDiode"	RelError: 1.99859e+03	AbsError: 4.01835e+13
    Region: "SiRegion"	RelError: 1.99859e+03	AbsError: 4.01835e+13
      Equation: "ElectronContinuityEquation"	RelError: 9.99000e+02	AbsError: 8.92705e+12
      Equation: "HoleContinuityEquation"	RelError: 9.99000e+02	AbsError: 3.12564e+13
      Equation: "PotentialEquation"	RelError: 5.93380e-01	AbsError: 7.54073e-02
Iteration: 11
  Device: "BenchmarkDiode"	RelError: 1.00017e+03	AbsError: 1.97596e+13
    Region: "SiRegion"	RelError: 1.00017e+03	AbsError: 1.97596e+13
      Equation: "ElectronContinuityEquation"	RelError: 9.98894e-01	AbsError: 2.36238e+12
      Equation: "HoleContinuityEquation"	RelError: 9.99000e+02	AbsError: 1.73972e+13
      Equation: "PotentialEquation"	RelError: 1.69999e-01	AbsError: 7.09417e-02
Iteration: 12
  Device: "BenchmarkDiode"	RelError: 6.94467e+03	AbsError: 1.21047e+13
    Region: "SiRegion"	RelError: 6.94467e+03	AbsError: 1.21047e+13
      Equation: "ElectronContinuityEquation"	RelError: 6.94170e+03	AbsError: 1.46245e+12
      Equation: "HoleContinuityEquation"	RelError: 2.87103e+00	AbsError: 1.06422e+13
      Equation: "PotentialEquation"	RelError: 9.53759e-02	AbsError: 6.58955e-02
Iteration: 13
  Device: "BenchmarkDiode"	RelError: 5.09144e+00	AbsError: 6.19609e+12
    Region: "SiRegion"	RelError: 5.09144e+00	AbsError: 6.19609e+12
      Equation: "ElectronContinuityEquation"	RelError: 9.99783e-01	AbsError: 9.90548e+09
      Equation: "HoleContinuityEquation"	RelError: 4.03996e+00	AbsError: 6.18619e+12
      Equation: "PotentialEquation"	RelError: 5.16919e-02	AbsError: 6.01224e-02
Iteration: 14
  Device: "BenchmarkDiode"	RelError: 1.00153e+03	AbsError: 3.50621e+12
    Region: "SiRegion"	RelError: 1.00153e+03	AbsError: 3.50621e+12
      Equation: "ElectronContinuityEquation"	RelError: 9.99000e+02	AbsError: 2.50106e+11
      Equation: "HoleContinuityEquation"	RelError: 2.49150e+00	AbsError: 3.25610e+12
      Equation: "PotentialEquation"	RelError: 4.34860e-02	AbsError: 5.34261e-02
Iteration: 15
  Device: "BenchmarkDiode"	RelError: 1.63755e+00	AbsError: 1.62007e+12
    Region: "SiRegion"	RelError: 1.63755e+00	AbsError: 1.62007e+12
      Equation: "ElectronContinuityEquation"	RelError: 9.98721e-01	AbsError: 2.27124e+11
      Equation: "HoleContinuityEquation"	RelError: 6.03432e-01	AbsError: 1.39295e+12
      Equation: "PotentialEquation"	RelError: 3.53930e-02	AbsError: 4.55511e-02
Iteration: 16
  Device: "BenchmarkDiode"	RelError: 2.85715e+00	AbsError: 5.09745e+11
    Region: "SiRegion"	RelError: 2.85715e+00	AbsError: 5.09745e+11
      Equation: "ElectronContinuityEquation"	RelError: 2.55388e+00	AbsError: 9.11572e+10
      Equation: "HoleContinuityEquation"	RelError: 2.76203e-01	AbsError: 4.18588e+11
      Equation: "PotentialEquation"	RelError: 2.70690e-02	AbsError: 3.62033e-02
Iteration: 17
  Device: "BenchmarkDiode"	RelError: 6.30420e-01	AbsError: 9.03526e+10
    Region: "SiRegion"	RelError: 6.30420e-01	AbsError: 9.03526e+10
      Equation: "ElectronContinuityEquation"	RelError: 5.33997e-01	AbsError: 1.66503e+10
      Equation: "HoleContinuityEquation"	RelError: 7.55543e-02	AbsError: 7.37023e+10
      Equation: "PotentialEquation"	RelError: 2.08684e-02	AbsError: 2.57489e-02
Iteration: 18
  Device: "BenchmarkDiode"	RelError: 1.82823e-01	AbsError: 4.01107e+10
    Region: "SiRegion"	RelError: 1.82823e-01	AbsError: 4.01107e+10
      Equation: "ElectronContinuityEquation"	RelError: 1.62559e-01	AbsError: 7.74110e+08
      Equation: "HoleContinuityEquation"	RelError: 7.93797e-03	AbsError: 3.93366e+10
      Equation: "PotentialEquation"	RelError: 1.23268e-02	AbsError: 1.74701e-02
Iteration: 19
  Device: "BenchmarkDiode"	RelError: 2.19950e-02	AbsError: 5.02320e+10
    Region: "SiRegion"	RelError: 2.19950e-02	AbsError: 5.02320e+10
      Equation: "ElectronContinuityEquation"	RelError: 2.13463e-02	AbsError: 1.49905e+09
      Equation: "HoleContinuityEquation"	RelError: 5.50323e-04	AbsError: 4.87330e+10
      Equation: "PotentialEquation"	RelError: 9.83498e-05	AbsError: 3.62822e-07
Iteration: 20
  Device: "BenchmarkDiode"	RelError: 8.74305e-08	AbsError: 3.02931e+04
    Region: "SiRegion"	RelError: 8.74305e-08	AbsError: 3.02931e+04
      Equation: "ElectronContinuityEquation"	RelError: 8.64897e-08	AbsError: 1.41881e+03
      Equation: "HoleContinuityEquation"	RelError: 8.55544e-10	AbsError: 2.88743e+04
      Equation: "PotentialEquation"	RelError: 8.52507e-11	AbsError: 3.06079e-13
Iteration: 21
  Device: "BenchmarkDiode"	RelError: 2.39796e-14	AbsError: 4.92101e+01
    Region: "SiRegion"	RelError: 2.39796e-14	AbsError: 4.92101e+01
      Equation: "ElectronContinuityEquation"	RelError: 1.13906e-15	AbsError: 2.34890e+01
      Equation: "HoleContinuityEquation"	RelError: 9.89907e-16	AbsError: 2.57211e+01
      Equation: "PotentialEquation"	RelError: 2.18507e-14	AbsError: 1.33493e-16
Charge Relative Error 9.97518e-01
number of equations 5085
Iteration: 0
  Device: "BenchmarkDiode"	RelError: 7.94227e+02	AbsError: 2.02668e+13
    Region: "SiRegion"	RelError: 7.94227e+02	AbsError: 2.02668e+13
      Equation: "ElectronContinuityEquation"	RelError: 4.89898e+02	AbsError: 5.70207e+12
      Equation: "HoleContinuityEquation"	RelError: 3.04236e+02	AbsError: 1.45648e+13
      Equation: "PotentialEquation"	RelError: 9.28423e-02	AbsError: 3.35736e-04
Iteration: 1
  Device: "BenchmarkDiode"	RelError: 1.55215e+00	AbsError: 7.91458e+09
    Region: "SiRegion"	RelError: 1.55215e+00	AbsError: 7.91458e+09
      Equation: "ElectronContinuityEquation"	RelError: 1.33352e+00	AbsError: 7.39218e+08
      Equation: "HoleContinuityEquation"	RelError: 2.18591e-01	AbsError: 7.17536e+09
      Equation: "PotentialEquation"	RelError: 3.87221e-05	AbsError: 1.05997e-07
Iteration: 2
  Device: "BenchmarkDiode"	RelError: 1.61952e-06	AbsError: 2.68067e+03
    Region: "SiRegion"	RelError: 1.61952e-06	AbsError: 2.68067e+03
      Equation: "ElectronContinuityEquation"	RelError: 1.43190e-06	AbsError: 1.56859e+02
      Equation: "HoleContinuityEquation"	RelError: 1.87619e-07	AbsError: 2.52381e+03
      Equation: "PotentialEquation"	RelError: 4.66760e-12	AbsError: 1.86840e-14
Iteration: 3
  Device: "BenchmarkDiode"	RelError: 7.58532e-15	AbsError: 6.05750e+01
    Region: "SiRegion"	RelError: 7.58532e-15	AbsError: 6.05750e+01
      Equation: "ElectronContinuityEquation"	RelError: 3.29576e-15	AbsError: 2.85700e+01
      Equation: "HoleContinuityEquation"	RelError: 3.08899e-15	AbsError: 3.20050e+01
      Equation: "PotentialEquation"	RelError: 1.20058e-15	AbsError: 1.59150e-16
Charge Relative Error 1.00000e+00
number of equations 5085
Iteration: 0
  Device: "BenchmarkDiode"	RelError: 6.15971e+02	AbsError: 1.05511e+11
    Region: "SiRegion"	RelError: 6.15971e+02	AbsError: 1.05511e+11
      Equation: "ElectronContinuityEquation"	RelError: 3.86163e+02	AbsError: 1.04559e+10
      Equation: "HoleContinuityEquation"	RelError: 2.29808e+02	AbsError: 9.50550e+10
      Equation: "PotentialEquation"	RelError: 2.26055e-04	AbsError: 2.37110e-06
Iteration: 1
  Device: "BenchmarkDiode"	RelError: 4.30541e-02	AbsError: 4.78234e+05
    Region: "SiRegion"	RelError: 4.30541e-02	AbsError: 4.78234e+05
      Equation: "ElectronContinuityEquation"	RelError: 4.02838e-02	AbsError: 1.80498e+05
      Equation: "HoleContinuityEquation"	RelError: 2.77030e-03	AbsError: 2.97736e+05
      Equation: "PotentialEquation"	RelError: 9.44649e-09	AbsError: 9.70201e-12
Iteration: 2
  Device: "BenchmarkDiode"	RelError: 1.40697e-12	AbsError: 6.45914e+01
    Region: "SiRegion"	RelError: 1.40697e-12	AbsError: 6.45914e+01
      Equation: "ElectronContinuityEquation"	RelError: 9.23745e-13	AbsError: 2.87975e+01
      Equation: "HoleContinuityEquation"	RelError: 4.72620e-13	AbsError: 3.57939e+01
      Equation: "PotentialEquation"	RelError: 1.06096e-14	AbsError: 1.64969e-16
Charge Relative Error 1.00000e+00
number of equations 5085
Iteration: 0
  Device: "BenchmarkDiode"	RelError: 3.94800e+01	AbsError: 7.41824e+08
    Region: "SiRegion"	RelError: 3.94800e+01	AbsError: 7.41824e+08
      Equation: "ElectronContinuityEquation"	RelError: 9.11168e+00	AbsError: 3.34662e+07
      Equation: "HoleContinuityEquation"	RelError: 3.03683e+01	AbsError: 7.08358e+08
      Equation: "PotentialEquation"	RelError: 4.68014e-06	AbsError: 1.91167e-08
Iteration: 1
  Device: "BenchmarkDiode"	RelError: 5.68120e-06	AbsError: 6.17873e+01
    Region: "SiRegion"	RelError: 5.68120e-06	AbsError: 6.17873e+01
      Equation: "ElectronContinuityEquation"	RelError: 5.25654e-06	AbsError: 3.67895e+01
      Equation: "HoleContinuityEquation"	RelError: 4.24660e-07	AbsError: 2.49978e+01
      Equation: "PotentialEquation"	RelError: 9.09911e-13	AbsError: 1.01339e-15
Iteration: 2
  Device: "BenchmarkDiode"	RelError: 1.50829e-14	AbsError: 3.75722e+01
    Region: "SiRegion"	RelError: 1.50829e-14	AbsError: 3.75722e+01
      Equation: "ElectronContinuityEquation"	RelError: 2.10388e-15	AbsError: 1.50892e+01
      Equation: "HoleContinuityEquation"	RelError: 1.92266e-15	AbsError: 2.24830e+01
      Equation: "PotentialEquation"	RelError: 1.10564e-14	AbsError: 1.17560e-16
Charge Relative Error 9.99963e-01
number of equations 5085
Iteration: 0
  Device: "BenchmarkDiode"	RelError: 1.41572e+00	AbsError: 5.88744e+06
    Region: "SiRegion"	RelError: 1.41572e+00	AbsError: 5.88744e+06
      Equation: "ElectronContinuityEquation"	RelError: 9.32747e-02	AbsError: 4.67037e+05
      Equation: "HoleContinuityEquation"	RelError: 1.32245e+00	AbsError: 5.42040e+06
      Equation: "PotentialEquation"	RelError: 4.55410e-08	AbsError: 1.47694e-10
Iteration: 1
  Device: "BenchmarkDiode"	RelError: 4.19373e-10	AbsError: 6.60304e+01
    Region: "SiRegion"	RelError: 4.19373e-10	AbsError: 6.60304e+01
      Equation: "ElectronContinuityEquation"	RelError: 3.08379e-10	AbsError: 3.43482e+01
      Equation: "HoleContinuityEquation"	RelError: 1.10979e-10	AbsError: 3.16821e+01
      Equation: "PotentialEquation"	RelError: 1.56493e-14	AbsError: 1.19050e-16
Iteration: 2
  Device: "BenchmarkDiode"	RelError: 6.38824e-15	AbsError: 3.08035e+01
    Region: "SiRegion"	RelError: 6.38824e-15	AbsError: 3.08035e+01
      Equation: "ElectronContinuityEquation"	RelError: 1.77535e-15	AbsError: 2.18026e+01
      Equation: "HoleContinuityEquation"	RelError: 2.62542e-15	AbsError: 9.00084e+00
      Equation: "PotentialEquation"	RelError: 1.98747e-15	AbsError: 1.17840e-16
Charge Relative Error 9.91117e-01
number of equations 5085
Iteration: 0
  Device: "BenchmarkDiode"	RelError: 3.27961e-02	AbsError: 4.48252e+04
    Region: "SiRegion"	RelError: 3.27961e-02	AbsError: 4.48252e+04
      Equation: "ElectronContinuityEquation"	RelError: 1.09142e-03	AbsError: 4.49803e+03
      Equation: "HoleContinuityEquation"	RelError: 3.17046e-02	AbsError: 4.03271e+04
      Equation: "PotentialEquation"	RelError: 3.62543e-10	AbsError: 1.07905e-12
Iteration: 1
  Device: "BenchmarkDiode"	RelError: 5.18923e-14	AbsError: 3.87191e+01
    Region: "SiRegion"	RelError: 5.18923e-14	AbsError: 3.87191e+01
      Equation: "ElectronContinuityEquation"	RelError: 1.69698e-14	AbsError: 1.51119e+01
      Equation: "HoleContinuityEquation"	RelError: 2.29818e-14	AbsError: 2.36072e+01
      Equation: "PotentialEquation"	RelError: 1.19407e-14	AbsError: 1.16525e-16
Charge Relative Error 2.30096e-02
number of equations 5085
Iteration: 0
  Device: "BenchmarkDiode"	RelError: 7.57430e-04	AbsError: 3.22286e+02
    Region: "SiRegion"	RelError: 7.57430e-04	AbsError: 3.22286e+02
      Equation: "ElectronContinuityEquation"	RelError: 1.29509e-05	AbsError: 3.80008e+01
      Equation: "HoleContinuityEquation"	RelError: 7.44479e-04	AbsError: 2.84285e+02
      Equation: "PotentialEquation"	RelError: 2.62215e-12	AbsError: 7.53989e-15
Iteration: 1
  Device: "BenchmarkDiode"	RelError: 1.45091e-14	AbsError: 4.70362e+01
    Region: "SiRegion"	RelError: 1.45091e-14	AbsError: 4.70362e+01
      Equation: "ElectronContinuityEquation"	RelError: 1.82034e-15	AbsError: 2.03196e+01
      Equation: "HoleContinuityEquation"	RelError: 1.87751e-15	AbsError: 2.67166e+01
      Equation: "PotentialEquation"	RelError: 1.08113e-14	AbsError: 1.31598e-16
Charge Relative Error 1.46560e-04
number of equations 5085
Iteration: 0
  Device: "BenchmarkDiode"	RelError: 1.76523e-05	AbsError: 3.08129e+01
    Region: "SiRegion"	RelError: 1.76523e-05	AbsError: 3.08129e+01
      Equation: "ElectronContinuityEquation"	RelError: 1.54017e-07	AbsError: 1.35897e+01
      Equation: "HoleContinuityEquation"	RelError: 1.74982e-05	AbsError: 1.72231e+01
      Equation: "PotentialEquation"	RelError: 1.32869e-14	AbsError: 1.51763e-16
Iteration: 1
  Device: "BenchmarkDiode"	RelError: 3.68801e-15	AbsError: 1.76210e+01
    Region: "SiRegion"	RelError: 3.68801e-15	AbsError: 1.76210e+01
      Equation: "ElectronContinuityEquation"	RelError: 1.31210e-15	AbsError: 7.99741e+00
      Equation: "HoleContinuityEquation"	RelError: 2.13903e-15	AbsError: 9.62359e+00
      Equation: "PotentialEquation"	RelError: 2.36883e-16	AbsError: 1.21471e-16
Charge Relative Error 9.10560e-07
number of equations 5085
Iteration: 0
  Device: "BenchmarkDiode"	RelError: 4.13245e-07	AbsError: 1.59893e+01
    Region: "SiRegion"	RelError: 4.13245e-07	AbsError: 1.59893e+01
      Equation: "ElectronContinuityEquation"	RelError: 1.83240e-09	AbsError: 7.99718e+00
      Equation: "HoleContinuityEquation"	RelError: 4.11413e-07	AbsError: 7.99214e+00
      Equation: "PotentialEquation"	RelError: 2.07486e-15	AbsError: 1.11022e-16
Iteration: 1
  Device: "BenchmarkDiode"	RelError: 6.33749e-15	AbsError: 1.61788e+01
    Region: "SiRegion"	RelError: 6.33749e-15	AbsError: 1.61788e+01
      Equation: "ElectronContinuityEquation"	RelError: 1.54079e-15	AbsError: 7.99743e+00
      Equation: "HoleContinuityEquation"	RelError: 2.02506e-15	AbsError: 8.18136e+00
      Equation: "PotentialEquation"	RelError: 2.77164e-15	AbsError: 1.13988e-16
Charge Relative Error 1.29850e-08
number of equations 5085
Iteration: 0
  Device: "BenchmarkDiode"	RelError: 9.69556e-09	AbsError: 1.68440e+01
    Region: "SiRegion"	RelError: 9.69556e-09	AbsError: 1.68440e+01
      Equation: "ElectronContinuityEquation"	RelError: 2.18035e-11	AbsError: 7.99788e+00
      Equation: "HoleContinuityEquation"	RelError: 9.67375e-09	AbsError: 8.84607e+00
      Equation: "PotentialEquation"	RelError: 1.00264e-15	AbsError: 1.17260e-16
Iteration: 1
  Device: "BenchmarkDiode"	RelError: 6.22309e-15	AbsError: 1.72753e+01
    Region: "SiRegion"	RelError: 6.22309e-15	AbsError: 1.72753e+01
      Equation: "ElectronContinuityEquation"	RelError: 2.07867e-15	AbsError: 7.99669e+00
      Equation: "HoleContinuityEquation"	RelError: 1.78337e-15	AbsError: 9.27864e+00
      Equation: "PotentialEquation"	RelError: 2.36105e-15	AbsError: 1.15222e-16
Charge Relative Error 7.18266e-09
number of equations 5085
Iteration: 0
  Device: "BenchmarkDiode"	RelError: 2.27731e-10	AbsError: 1.77778e+01
    Region: "SiRegion"	RelError: 2.27731e-10	AbsError: 1.77778e+01
      Equation: "ElectronContinuityEquation"	RelError: 2.59409e-13	AbsError: 7.99677e+00
      Equation: "HoleContinuityEquation"	RelError: 2.27469e-10	AbsError: 9.78104e+00
      Equation: "PotentialEquation"	RelError: 2.37463e-15	AbsError: 1.16039e-16
Iteration: 1
  Device: "BenchmarkDiode"	RelError: 6.26185e-15	AbsError: 1.73430e+01
    Region: "SiRegion"	RelError: 6.26185e-15	AbsError: 1.73430e+01
      Equation: "ElectronContinuityEquation"	RelError: 2.33635e-15	AbsError: 7.99720e+00
      Equation: "HoleContinuityEquation"	RelError: 1.96573e-15	AbsError: 9.34584e+00
      Equation: "PotentialEquation"	RelError: 1.95977e-15	AbsError: 1.17975e-16
Charge Relative Error 7.18266e-09
number of equations 5085
Iteration: 0
  Device: "BenchmarkDiode"	RelError: 5.35331e-12	AbsError: 1.77043e+01
    Region: "SiRegion"	RelError: 5.35331e-12	AbsError: 1.77043e+01
      Equation: "ElectronContinuityEquation"	RelError: 3.09631e-15	AbsError: 7.99781e+00
      Equation: "HoleContinuityEquation"	RelError: 5.34820e-12	AbsError: 9.70647e+00
      Equation: "PotentialEquation"	RelError: 2.01191e-15	AbsError: 1.16320e-16
Charge Relative Error 7.18266e-09
number of equations 5085
Iteration: 0
  Device: "BenchmarkDiode"	RelError: 1.27590e-13	AbsError: 1.73147e+01
    Region: "SiRegion"	RelError: 1.27590e-13	AbsError: 1.73147e+01
      Equation: "ElectronContinuityEquation"	RelError: 2.09831e-15	AbsError: 7.99690e+00
      Equation: "HoleContinuityEquation"	RelError: 1.24621e-13	AbsError: 9.31780e+00
      Equation: "PotentialEquation"	RelError: 8.70137e-16	AbsError: 1.15337e-16
Charge Relative Error 7.18266e-09
number of equations 5085
Iteration: 0
  Device: "BenchmarkDiode"	RelError: 1.00670e-14	AbsError: 1.77217e+01
    Region: "SiRegion"	RelError: 1.00670e-14	AbsError: 1.77217e+01
      Equation: "ElectronContinuityEquation"	RelError: 2.01961e-15	AbsError: 7.99678e+00
      Equation: "HoleContinuityEquation"	RelError: 4.78007e-15	AbsError: 9.72488e+00
      Equation: "PotentialEquation"	RelError: 3.26736e-15	AbsError: 1.16479e-16
Charge Relative Error 7.18266e-09
number of equations 5085
Iteration: 0
  Device: "BenchmarkDiode"	RelError: 5.46269e-15	AbsError: 1.73926e+01
    Region: "SiRegion"	RelError: 5.46269e-15	AbsError: 1.73926e+01
      Equation: "ElectronContinuityEquation"	RelError: 1.77541e-15	AbsError: 7.99723e+00
      Equation: "HoleContinuityEquation"	RelError: 1.32268e-15	AbsError: 9.39532e+00
      Equation: "PotentialEquation"	RelError: 2.36461e-15	AbsError: 1.13490e-16
Charge Relative Error 7.18266e-09
number of equations 5085
Iteration: 0
  Device: "BenchmarkDiode"	RelError: 5.00701e-15	AbsError: 1.67150e+01
    Region: "SiRegion"	RelError: 5.00701e-15	AbsError: 1.67150e+01
      Equation: "ElectronContinuityEquation"	RelError: 1.78077e-15	AbsError: 7.99786e+00
      Equation: "HoleContinuityEquation"	RelError: 9.72118e-16	AbsError: 8.71712e+00
      Equation: "PotentialEquation"	RelError: 2.25412e-15	AbsError: 1.13329e-16
Charge Relative Error 7.18266e-09
number of equations 5085
Iteration: 0
  Device: "BenchmarkDiode"	RelError: 2.96750e-15	AbsError: 1.73746e+01
    Region: "SiRegion"	RelError: 2.96750e-15	AbsError: 1.73746e+01
      Equation: "ElectronContinuityEquation"	RelError: 1.09298e-15	AbsError: 7.99688e+00
      Equation: "HoleContinuityEquation"	RelError: 1.28653e-15	AbsError: 9.37771e+00
      Equation: "PotentialEquation"	RelError: 5.87988e-16	AbsError: 1.15153e-16
Charge Relative Error 7.18266e-09
number of equations 5085
Iteration: 0
  Device: "BenchmarkDiode"	RelError: 5.55578e-15	AbsError: 1.77709e+01
    Region: "SiRegion"	RelError: 5.55578e-15	AbsError: 1.77709e+01
      Equation: "ElectronContinuityEquation"	RelError: 1.02169e-15	AbsError: 7.99677e+00
      Equation: "HoleContinuityEquation"	RelError: 8.49477e-16	AbsError: 9.77409e+00
      Equation: "PotentialEquation"	RelError: 3.68462e-15	AbsError: 1.15603e-16
Charge Relative Error 7.18266e-09
number of equations 5085
Iteration: 0
  Device: "BenchmarkDiode"	RelError: 4.67702e-15	AbsError: 1.73431e+01
    Region: "SiRegion"	RelError: 4.67702e-15	AbsError: 1.73431e+01
      Equation: "ElectronContinuityEquation"	RelError: 1.10575e-15	AbsError: 7.99717e+00
      Equation: "HoleContinuityEquation"	RelError: 1.67553e-15	AbsError: 9.34596e+00
      Equation: "PotentialEquation"	RelError: 1.89573e-15	AbsError: 1.16812e-16
Charge Relative Error 7.18266e-09
number of equations 5085
Iteration: 0
  Device: "BenchmarkDiode"	RelError: 4.73033e-15	AbsError: 1.77027e+01
    Region: "SiRegion"	RelError: 4.73033e-15	AbsError: 1.77027e+01
      Equation: "ElectronContinuityEquation"	RelError: 1.89720e-15	AbsError: 7.99781e+00
      Equation: "HoleContinuityEquation"	RelError: 9.07428e-16	AbsError: 9.70485e+00
      Equation: "PotentialEquation"	RelError: 1.92571e-15	AbsError: 1.17163e-16
Charge Relative Error 7.18266e-09
number of equations 5085
Iteration: 0
  Device: "BenchmarkDiode"	RelError: 6.21261e-15	AbsError: 1.73125e+01
    Region: "SiRegion"	RelError: 6.21261e-15	AbsError: 1.73125e+01
      Equation: "ElectronContinuityEquation"	RelError: 1.40618e-15	AbsError: 7.99658e+00
      Equation: "HoleContinuityEquation"	RelError: 1.66275e-15	AbsError: 9.31595e+00
      Equation: "PotentialEquation"	RelError: 3.14368e-15	AbsError: 1.15543e-16
Charge Relative Error 7.18266e-09
number of equations 5085
Iteration: 0
  Device: "BenchmarkDiode"	RelError: 5.40176e-15	AbsError: 1.77261e+01
    Region: "SiRegion"	RelError: 5.40176e-15	AbsError: 1.77261e+01
      Equation: "ElectronContinuityEquation"	RelError: 1.51088e-15	AbsError: 7.99655e+00
      Equation: "HoleContinuityEquation"	RelError: 7.45022e-16	AbsError: 9.72952e+00
      Equation: "PotentialEquation"	RelError: 3.14585e-15	AbsError: 1.16650e-16
Charge Relative Error 7.18266e-09
number of equations 5085
Iteration: 0
  Device: "BenchmarkDiode"	RelError: 6.87994e-15	AbsError: 1.74060e+01
    Region: "SiRegion"	RelError: 6.87994e-15	AbsError: 1.74060e+01
      Equation: "ElectronContinuityEquation"	RelError: 1.91452e-15	AbsError: 7.99706e+00
      Equation: "HoleContinuityEquation"	RelError: 8.13823e-16	AbsError: 9.40891e+00
      Equation: "PotentialEquation"	RelError: 4.15160e-15	AbsError: 1.12918e-16
Charge Relative Error 7.18266e-09
number of equations 5085
Iteration: 0
  Device: "BenchmarkDiode"	RelError: 4.67219e-15	AbsError: 1.67135e+01
    Region: "SiRegion"	RelError: 4.67219e-15	AbsError: 1.67135e+01
      Equation: "ElectronContinuityEquation"	RelError: 8.96308e-16	AbsError: 7.99784e+00
      Equation: "HoleContinuityEquation"	RelError: 6.98141e-16	AbsError: 8.71570e+00
      Equation: "PotentialEquation"	RelError: 3.07774e-15	AbsError: 1.13325e-16
Charge Relative Error 7.18266e-09
number of equations 5085
Iteration: 0
  Device: "BenchmarkDiode"	RelError: 3.73064e-15	AbsError: 1.73764e+01
    Region: "SiRegion"	RelError: 3.73064e-15	AbsError: 1.73764e+01
      Equation: "ElectronContinuityEquation"	RelError: 1.06912e-15	AbsError: 7.99692e+00
      Equation: "HoleContinuityEquation"	RelError: 1.29246e-15	AbsError: 9.37945e+00
      Equation: "PotentialEquation"	RelError: 1.36906e-15	AbsError: 1.15177e-16
Charge Relative Error 7.18266e-09
number of equations 5085
Iteration: 0
  Device: "BenchmarkDiode"	RelError: 6.45849e-15	AbsError: 1.77754e+01
    Region: "SiRegion"	RelError: 6.45849e-15	AbsError: 1.77754e+01
      Equation: "ElectronContinuityEquation"	RelError: 1.64451e-15	AbsError: 7.99679e+00
      Equation: "HoleContinuityEquation"	RelError: 1.16599e-15	AbsError: 9.77865e+00
      Equation: "PotentialEquation"	RelError: 3.64799e-15	AbsError: 1.15871e-16
Charge Relative Error 7.18266e-09
number of equations 5085
Iteration: 0
  Device: "BenchmarkDiode"	RelError: 5.84967e-15	AbsError: 1.73437e+01
    Region: "SiRegion"	RelError: 5.84967e-15	AbsError: 1.73437e+01
      Equation: "ElectronContinuityEquation"	RelError: 9.80394e-16	AbsError: 7.99724e+00
      Equation: "HoleContinuityEquation"	RelError: 1.56456e-15	AbsError: 9.34642e+00
      Equation: "PotentialEquation"	RelError: 3.30471e-15	AbsError: 1.18049e-16
Charge Relative Error 7.18266e-09
number of equations 5085
Iteration: 0
  Device: "BenchmarkDiode"	RelError: 5.36788e-15	AbsError: 1.77012e+01
    Region: "SiRegion"	RelError: 5.36788e-15	AbsError: 1.77012e+01
      Equation: "ElectronContinuityEquation"	RelError: 1.76356e-15	AbsError: 7.99785e+00
      Equation: "HoleContinuityEquation"	RelError: 1.28246e-15	AbsError: 9.70330e+00
      Equation: "PotentialEquation"	RelError: 2.32186e-15	AbsError: 1.16226e-16
Charge Relative Error 7.18266e-09
number of equations 5085
Iteration: 0
  Device: "BenchmarkDiode"	RelError: 3.95522e-15	AbsError: 1.73157e+01
    Region: "SiRegion"	RelError: 3.95522e-15	AbsError: 1.73157e+01
      Equation: "ElectronContinuityEquation"	RelError: 1.15002e-15	AbsError: 7.99689e+00
      Equation: "HoleContinuityEquation"	RelError: 9.98375e-16	AbsError: 9.31881e+00
      Equation: "PotentialEquation"	RelError: 1.80682e-15	AbsError: 1.15335e-16
Charge Relative Error 7.18266e-09
number of equations 5085
Iteration: 0
  Device: "BenchmarkDiode"	RelError: 7.58770e-15	AbsError: 1.77231e+01
    Region: "SiRegion"	RelError: 7.58770e-15	AbsError: 1.77231e+01
      Equation: "ElectronContinuityEquation"	RelError: 2.12897e-15	AbsError: 7.99677e+00
      Equation: "HoleContinuityEquation"	RelError: 1.65740e-15	AbsError: 9.72637e+00
      Equation: "PotentialEquation"	RelError: 3.80133e-15	AbsError: 1.16523e-16
Charge Relative Error 7.18266e-09
number of equations 5085
Iteration: 0
  Device: "BenchmarkDiode"	RelError: 5.92763e-15	AbsError: 1.74010e+01
    Region: "SiRegion"	RelError: 5.92763e-15	AbsError: 1.74010e+01
      Equation: "ElectronContinuityEquation"	RelError: 2.86785e-15	AbsError: 7.99723e+00
      Equation: "HoleContinuityEquation"	RelError: 1.63394e-15	AbsError: 9.40374e+00
      Equation: "PotentialEquation"	RelError: 1.42585e-15	AbsError: 1.13102e-16
Charge Relative Error 7.18266e-09
number of equations 5085
Iteration: 0
  Device: "BenchmarkDiode"	RelError: 6.51436e-15	AbsError: 1.67163e+01
    Region: "SiRegion"	RelError: 6.51436e-15	AbsError: 1.67163e+01
      Equation: "ElectronContinuityEquation"	RelError: 2.02518e-15	AbsError: 7.99786e+00
      Equation: "HoleContinuityEquation"	RelError: 1.39383e-15	AbsError: 8.71841e+00
      Equation: "PotentialEquation"	RelError: 3.09535e-15	AbsError: 1.13332e-16
Charge Relative Error 7.18266e-09
number of equations 5085
Iteration: 0
  Device: "BenchmarkDiode"	RelError: 4.54064e-15	AbsError: 1.73751e+01
    Region: "SiRegion"	RelError: 4.54064e-15	AbsError: 1.73751e+01
      Equation: "ElectronContinuityEquation"	RelError: 1.63861e-15	AbsError: 7.99681e+00
      Equation: "HoleContinuityEquation"	RelError: 1.19343e-15	AbsError: 9.37825e+00
      Equation: "PotentialEquation"	RelError: 1.70860e-15	AbsError: 1.15161e-16
Charge Relative Error 7.18266e-09
number of equations 5085
Iteration: 0
  Device: "BenchmarkDiode"	RelError: 6.28624e-15	AbsError: 1.77739e+01
    Region: "SiRegion"	RelError: 6.28624e-15	AbsError: 1.77739e+01
      Equation: "ElectronContinuityEquation"	RelError: 2.32834e-15	AbsError: 7.99676e+00
      Equation: "HoleContinuityEquation"	RelError: 8.36501e-16	AbsError: 9.77712e+00
      Equation: "PotentialEquation"	RelError: 3.12140e-15	AbsError: 1.15935e-16
Charge Relative Error 7.18266e-09
number of equations 5085
Iteration: 0
  Device: "BenchmarkDiode"	RelError: 4.86973e-15	AbsError: 1.73430e+01
    Region: "SiRegion"	RelError: 4.86973e-15	AbsError: 1.73430e+01
      Equation: "ElectronContinuityEquation"	RelError: 1.28139e-15	AbsError: 7.99723e+00
      Equation: "HoleContinuityEquation"	RelError: 7.46087e-16	AbsError: 9.34573e+00
      Equation: "PotentialEquation"	RelError: 2.84225e-15	AbsError: 1.18011e-16
Charge Relative Error 7.18266e-09
number of equations 5085
Iteration: 0
  Device: "BenchmarkDiode"	RelError: 4.62335e-15	AbsError: 1.77034e+01
    Region: "SiRegion"	RelError: 4.62335e-15	AbsError: 1.77034e+01
      Equation: "ElectronContinuityEquation"	RelError: 1.20715e-15	AbsError: 7.99783e+00
      Equation: "HoleContinuityEquation"	RelError: 8.21599e-16	AbsError: 9.70562e+00
      Equation: "PotentialEquation"	RelError: 2.59459e-15	AbsError: 1.16295e-16
Charge Relative Error 7.18266e-09
number of equations 5085
Iteration: 0
  Device: "BenchmarkDiode"	RelError: 4.80837e-15	AbsError: 1.73187e+01
    Region: "SiRegion"	RelError: 4.80837e-15	AbsError: 1.73187e+01
      Equation: "ElectronContinuityEquation"	RelError: 1.30479e-15	AbsError: 7.99685e+00
      Equation: "HoleContinuityEquation"	RelError: 2.21955e-15	AbsError: 9.32184e+00
      Equation: "PotentialEquation"	RelError: 1.28403e-15	AbsError: 1.15375e-16
Charge Relative Error 7.18266e-09
number of equations 5085
Iteration: 0
  Device: "BenchmarkDiode"	RelError: 7.64280e-15	AbsError: 1.77224e+01
    Region: "SiRegion"	RelError: 7.64280e-15	AbsError: 1.77224e+01
      Equation: "ElectronContinuityEquation"	RelError: 1.86923e-15	AbsError: 7.99675e+00
      Equation: "HoleContinuityEquation"	RelError: 2.48616e-15	AbsError: 9.72565e+00
      Equation: "PotentialEquation"	RelError: 3.28742e-15	AbsError: 1.16501e-16
Charge Relative Error 7.18266e-09
number of equations 5085
Iteration: 0
  Device: "BenchmarkDiode"	RelError: 6.03141e-15	AbsError: 1.73986e+01
    Region: "SiRegion"	RelError: 6.03141e-15	AbsError: 1.73986e+01
      Equation: "ElectronContinuityEquation"	RelError: 2.42301e-15	AbsError: 7.99721e+00
      Equation: "HoleContinuityEquation"	RelError: 1.78185e-15	AbsError: 9.40138e+00
      Equation: "PotentialEquation"	RelError: 1.82655e-15	AbsError: 1.13205e-16
Charge Relative Error 7.18266e-09
number of equations 5085
Iteration: 0
  Device: "BenchmarkDiode"	RelError: 6.47814e-15	AbsError: 1.67155e+01
    Region: "SiRegion"	RelError: 6.47814e-15	AbsError: 1.67155e+01
      Equation: "ElectronContinuityEquation"	RelError: 1.90203e-15	AbsError: 7.99790e+00
      Equation: "HoleContinuityEquation"	RelError: 1.71836e-15	AbsError: 8.71756e+00
      Equation: "PotentialEquation"	RelError: 2.85775e-15	AbsError: 1.13330e-16
Charge Relative Error 7.18266e-09
number of equations 5085
Iteration: 0
  Device: "BenchmarkDiode"	RelError: 3.60092e-15	AbsError: 1.73772e+01
    Region: "SiRegion"	RelError: 3.60092e-15	AbsError: 1.73772e+01
      Equation: "ElectronContinuityEquation"	RelError: 1.29513e-15	AbsError: 7.99683e+00
      Equation: "HoleContinuityEquation"	RelError: 1.15332e-15	AbsError: 9.38037e+00
      Equation: "PotentialEquation"	RelError: 1.15247e-15	AbsError: 1.15189e-16
Charge Relative Error 7.18266e-09
number of equations 5085
Iteration: 0
  Device: "BenchmarkDiode"	RelError: 5.86163e-15	AbsError: 1.77711e+01
    Region: "SiRegion"	RelError: 5.86163e-15	AbsError: 1.77711e+01
      Equation: "ElectronContinuityEquation"	RelError: 1.08827e-15	AbsError: 7.99667e+00
      Equation: "HoleContinuityEquation"	RelError: 1.17603e-15	AbsError: 9.77440e+00
      Equation: "PotentialEquation"	RelError: 3.59733e-15	AbsError: 1.15646e-16
Charge Relative Error 7.18266e-09
number of equations 5085
Iteration: 0
  Device: "BenchmarkDiode"	RelError: 5.64894e-15	AbsError: 1.73459e+01
    Region: "SiRegion"	RelError: 5.64894e-15	AbsError: 1.73459e+01
      Equation: "ElectronContinuityEquation"	RelError: 1.40318e-15	AbsError: 7.99722e+00
      Equation: "HoleContinuityEquation"	RelError: 1.35286e-15	AbsError: 9.34866e+00
      Equation: "PotentialEquation"	RelError: 2.89290e-15	AbsError: 1.17127e-16
Charge Relative Error 7.18266e-09
number of equations 5085
Iteration: 0
  Device: "BenchmarkDiode"	RelError: 5.85687e-15	AbsError: 1.77032e+01
    Region: "SiRegion"	RelError: 5.85687e-15	AbsError: 1.77032e+01
      Equation: "ElectronContinuityEquation"	RelError: 1.93600e-15	AbsError: 7.99789e+00
      Equation: "HoleContinuityEquation"	RelError: 1.39408e-15	AbsError: 9.70534e+00
      Equation: "PotentialEquation"	RelError: 2.52679e-15	AbsError: 1.17179e-16
Charge Relative Error 7.18266e-09
number of equations 5085
Iteration: 0
  Device: "BenchmarkDiode"	RelError: 6.30924e-15	AbsError: 1.73172e+01
    Region: "SiRegion"	RelError: 6.30924e-15	AbsError: 1.73172e+01
      Equation: "ElectronContinuityEquation"	RelError: 1.41383e-15	AbsError: 7.99684e+00
      Equation: "HoleContinuityEquation"	RelError: 2.50624e-15	AbsError: 9.32033e+00
      Equation: "PotentialEquation"	RelError: 2.38917e-15	AbsError: 1.15355e-16
Charge Relative Error 7.18266e-09
number of equations 5085
Iteration: 0
  Device: "BenchmarkDiode"	RelError: 6.74303e-15	AbsError: 1.77225e+01
    Region: "SiRegion"	RelError: 6.74303e-15	AbsError: 1.77225e+01
      Equation: "ElectronContinuityEquation"	RelError: 2.10165e-15	AbsError: 7.99668e+00
      Equation: "HoleContinuityEquation"	RelError: 1.69796e-15	AbsError: 9.72587e+00
      Equation: "PotentialEquation"	RelError: 2.94341e-15	AbsError: 1.16508e-16
Charge Relative Error 7.18266e-09
number of equations 5085
Iteration: 0
  Device: "BenchmarkDiode"	RelError: 5.73955e-15	AbsError: 1.73986e+01
    Region: "SiRegion"	RelError: 5.73955e-15	AbsError: 1.73986e+01
      Equation: "ElectronContinuityEquation"	RelError: 1.95782e-15	AbsError: 7.99722e+00
      Equation: "HoleContinuityEquation"	RelError: 1.78107e-15	AbsError: 9.40136e+00
      Equation: "PotentialEquation"	RelError: 2.00067e-15	AbsError: 1.13214e-16
Charge Relative Error 7.18266e-09
number of equations 5085
Iteration: 0
  Device: "BenchmarkDiode"	RelError: 6.72768e-15	AbsError: 1.67159e+01
    Region: "SiRegion"	RelError: 6.72768e-15	AbsError: 1.67159e+01
      Equation: "ElectronContinuityEquation"	RelError: 1.81377e-15	AbsError: 7.99790e+00
      Equation: "HoleContinuityEquation"	RelError: 1.80088e-15	AbsError: 8.71800e+00
      Equation: "PotentialEquation"	RelError: 3.11303e-15	AbsError: 1.13331e-16
Charge Relative Error 7.18266e-09
number of equations 5085
Iteration: 0
  Device: "BenchmarkDiode"	RelError: 5.52345e-15	AbsError: 1.73780e+01
    Region: "SiRegion"	RelError: 5.52345e-15	AbsError: 1.73780e+01
      Equation: "ElectronContinuityEquation"	RelError: 1.82584e-15	AbsError: 7.99684e+00
      Equation: "HoleContinuityEquation"	RelError: 1.79693e-15	AbsError: 9.38113e+00
      Equation: "PotentialEquation"	RelError: 1.90068e-15	AbsError: 1.15199e-16
Charge Relative Error 7.18266e-09
number of equations 5085
Iteration: 0
  Device: "BenchmarkDiode"	RelError: 6.77361e-15	AbsError: 1.77718e+01
    Region: "SiRegion"	RelError: 6.77361e-15	AbsError: 1.77718e+01
      Equation: "ElectronContinuityEquation"	RelError: 1.82503e-15	AbsError: 7.99668e+00
      Equation: "HoleContinuityEquation"	RelError: 1.46517e-15	AbsError: 9.77514e+00
      Equation: "PotentialEquation"	RelError: 3.48341e-15	AbsError: 1.15715e-16
Charge Relative Error 7.18266e-09
number of equations 5085
Iteration: 0
  Device: "BenchmarkDiode"	RelError: 6.09570e-15	AbsError: 1.73435e+01
    Region: "SiRegion"	RelError: 6.09570e-15	AbsError: 1.73435e+01
      Equation: "ElectronContinuityEquation"	RelError: 1.80350e-15	AbsError: 7.99723e+00
      Equation: "HoleContinuityEquation"	RelError: 1.31071e-15	AbsError: 9.34625e+00
      Equation: "PotentialEquation"	RelError: 2.98149e-15	AbsError: 1.16850e-16
Charge Relative Error 7.18266e-09
recovery_ifixed_tau_1e-07_dt_2e-09_mesh_2e-07: Vf=3.761e-01 V, If=1.001e-03 A, Qrr=3.872e-09 C, Qstored=4.989e-09 C, elapsed=3.13s
p_i
i_n
bot
 (region: SiRegion)
 (contact: top)
 (contact: bot)
number of equations 1695
Iteration: 0
  Device: "BenchmarkDiode"	RelError: 1.00000e+00	AbsError: 1.63902e-01
    Region: "SiRegion"	RelError: 1.00000e+00	AbsError: 1.63902e-01
      Equation: "PotentialEquation"	RelError: 1.00000e+00	AbsError: 1.63902e-01
Iteration: 1
  Device: "BenchmarkDiode"	RelError: 4.97944e-01	AbsError: 1.62430e-01
    Region: "SiRegion"	RelError: 4.97944e-01	AbsError: 1.62430e-01
      Equation: "PotentialEquation"	RelError: 4.97944e-01	AbsError: 1.62430e-01
Iteration: 2
  Device: "BenchmarkDiode"	RelError: 2.39824e+01	AbsError: 1.03408e-01
    Region: "SiRegion"	RelError: 2.39824e+01	AbsError: 1.03408e-01
      Equation: "PotentialEquation"	RelError: 2.39824e+01	AbsError: 1.03408e-01
Iteration: 3
  Device: "BenchmarkDiode"	RelError: 1.53991e+01	AbsError: 5.73651e-02
    Region: "SiRegion"	RelError: 1.53991e+01	AbsError: 5.73651e-02
      Equation: "PotentialEquation"	RelError: 1.53991e+01	AbsError: 5.73651e-02
Iteration: 4
  Device: "BenchmarkDiode"	RelError: 5.98642e+00	AbsError: 5.01960e-02
    Region: "SiRegion"	RelError: 5.98642e+00	AbsError: 5.01960e-02
      Equation: "PotentialEquation"	RelError: 5.98642e+00	AbsError: 5.01960e-02
Iteration: 5
  Device: "BenchmarkDiode"	RelError: 2.30820e+00	AbsError: 4.17220e-02
    Region: "SiRegion"	RelError: 2.30820e+00	AbsError: 4.17220e-02
      Equation: "PotentialEquation"	RelError: 2.30820e+00	AbsError: 4.17220e-02
Iteration: 6
  Device: "BenchmarkDiode"	RelError: 1.27440e+00	AbsError: 3.16681e-02
    Region: "SiRegion"	RelError: 1.27440e+00	AbsError: 3.16681e-02
      Equation: "PotentialEquation"	RelError: 1.27440e+00	AbsError: 3.16681e-02
Iteration: 7
  Device: "BenchmarkDiode"	RelError: 3.45009e-01	AbsError: 2.38740e-02
    Region: "SiRegion"	RelError: 3.45009e-01	AbsError: 2.38740e-02
      Equation: "PotentialEquation"	RelError: 3.45009e-01	AbsError: 2.38740e-02
Iteration: 8
  Device: "BenchmarkDiode"	RelError: 2.46584e-02	AbsError: 1.02888e-02
    Region: "SiRegion"	RelError: 2.46584e-02	AbsError: 1.02888e-02
      Equation: "PotentialEquation"	RelError: 2.46584e-02	AbsError: 1.02888e-02
Iteration: 9
  Device: "BenchmarkDiode"	RelError: 1.38055e-05	AbsError: 5.76038e-06
    Region: "SiRegion"	RelError: 1.38055e-05	AbsError: 5.76038e-06
      Equation: "PotentialEquation"	RelError: 1.38055e-05	AbsError: 5.76038e-06
Iteration: 10
  Device: "BenchmarkDiode"	RelError: 1.83872e-10	AbsError: 7.67209e-11
    Region: "SiRegion"	RelError: 1.83872e-10	AbsError: 7.67209e-11
      Equation: "PotentialEquation"	RelError: 1.83872e-10	AbsError: 7.67209e-11
Iteration: 11
  Device: "BenchmarkDiode"	RelError: 4.22940e-15	AbsError: 3.95529e-17
    Region: "SiRegion"	RelError: 4.22940e-15	AbsError: 3.95529e-17
      Equation: "PotentialEquation"	RelError: 4.22940e-15	AbsError: 3.95529e-17
Warning: Replacing equation with equation of the same name.
Region: SiRegion, Equation: PotentialEquation, Variable: Potential
number of equations 5085
Iteration: 0
  Device: "BenchmarkDiode"	RelError: 1.81124e-13	AbsError: 1.00800e+03
    Region: "SiRegion"	RelError: 1.81124e-13	AbsError: 1.00800e+03
      Equation: "ElectronContinuityEquation"	RelError: 1.00400e-14	AbsError: 4.96000e+02
      Equation: "HoleContinuityEquation"	RelError: 7.70527e-15	AbsError: 5.12000e+02
      Equation: "PotentialEquation"	RelError: 1.63379e-13	AbsError: 1.33092e-16
number of equations 5085
Iteration: 0
  Device: "BenchmarkDiode"	RelError: 2.36675e-13	AbsError: 3.87972e+01
    Region: "SiRegion"	RelError: 2.36675e-13	AbsError: 3.87972e+01
      Equation: "ElectronContinuityEquation"	RelError: 2.12625e-15	AbsError: 2.11253e+01
      Equation: "HoleContinuityEquation"	RelError: 2.97243e-15	AbsError: 1.76718e+01
      Equation: "PotentialEquation"	RelError: 2.31577e-13	AbsError: 4.16863e-17
number of equations 5085
Iteration: 0
  Device: "BenchmarkDiode"	RelError: 7.03528e+01	AbsError: 1.65527e+14
    Region: "SiRegion"	RelError: 7.03528e+01	AbsError: 1.65527e+14
      Equation: "ElectronContinuityEquation"	RelError: 6.56267e-01	AbsError: 8.23446e+13
      Equation: "HoleContinuityEquation"	RelError: 6.56254e-01	AbsError: 8.31824e+13
      Equation: "PotentialEquation"	RelError: 6.90402e+01	AbsError: 2.78470e-02
Iteration: 1
  Device: "BenchmarkDiode"	RelError: 4.51430e+01	AbsError: 5.70563e+12
    Region: "SiRegion"	RelError: 4.51430e+01	AbsError: 5.70563e+12
      Equation: "ElectronContinuityEquation"	RelError: 4.46441e-01	AbsError: 2.89315e+12
      Equation: "HoleContinuityEquation"	RelError: 5.29451e-01	AbsError: 2.81249e+12
      Equation: "PotentialEquation"	RelError: 4.41671e+01	AbsError: 2.21530e-02
Iteration: 2
  Device: "BenchmarkDiode"	RelError: 3.52282e-01	AbsError: 7.91824e+10
    Region: "SiRegion"	RelError: 3.52282e-01	AbsError: 7.91824e+10
      Equation: "ElectronContinuityEquation"	RelError: 2.28717e-01	AbsError: 1.64536e+10
      Equation: "HoleContinuityEquation"	RelError: 9.46082e-02	AbsError: 6.27288e+10
      Equation: "PotentialEquation"	RelError: 2.89571e-02	AbsError: 7.18102e-06
Iteration: 3
  Device: "BenchmarkDiode"	RelError: 6.94390e-05	AbsError: 2.14898e+06
    Region: "SiRegion"	RelError: 6.94390e-05	AbsError: 2.14898e+06
      Equation: "ElectronContinuityEquation"	RelError: 4.74645e-05	AbsError: 3.42738e+05
      Equation: "HoleContinuityEquation"	RelError: 2.16003e-05	AbsError: 1.80624e+06
      Equation: "PotentialEquation"	RelError: 3.74170e-07	AbsError: 1.07455e-10
Iteration: 4
  Device: "BenchmarkDiode"	RelError: 2.57072e-13	AbsError: 6.19053e+01
    Region: "SiRegion"	RelError: 2.57072e-13	AbsError: 6.19053e+01
      Equation: "ElectronContinuityEquation"	RelError: 4.66947e-14	AbsError: 3.56983e+01
      Equation: "HoleContinuityEquation"	RelError: 3.97689e-14	AbsError: 2.62070e+01
      Equation: "PotentialEquation"	RelError: 1.70608e-13	AbsError: 6.97365e-17
number of equations 5085
Iteration: 0
  Device: "BenchmarkDiode"	RelError: 1.34666e+02	AbsError: 1.53996e+14
    Region: "SiRegion"	RelError: 1.34666e+02	AbsError: 1.53996e+14
      Equation: "ElectronContinuityEquation"	RelError: 6.58018e-01	AbsError: 7.65771e+13
      Equation: "HoleContinuityEquation"	RelError: 6.58016e-01	AbsError: 7.74190e+13
      Equation: "PotentialEquation"	RelError: 1.33350e+02	AbsError: 2.78470e-02
Iteration: 1
  Device: "BenchmarkDiode"	RelError: 4.73148e+01	AbsError: 5.78900e+12
    Region: "SiRegion"	RelError: 4.73148e+01	AbsError: 5.78900e+12
      Equation: "ElectronContinuityEquation"	RelError: 4.47625e-01	AbsError: 2.94095e+12
      Equation: "HoleContinuityEquation"	RelError: 5.31106e-01	AbsError: 2.84805e+12
      Equation: "PotentialEquation"	RelError: 4.63361e+01	AbsError: 2.21530e-02
Iteration: 2
  Device: "BenchmarkDiode"	RelError: 3.65806e-01	AbsError: 9.27329e+10
    Region: "SiRegion"	RelError: 3.65806e-01	AbsError: 9.27329e+10
      Equation: "ElectronContinuityEquation"	RelError: 2.29568e-01	AbsError: 2.13268e+10
      Equation: "HoleContinuityEquation"	RelError: 9.46352e-02	AbsError: 7.14060e+10
      Equation: "PotentialEquation"	RelError: 4.16027e-02	AbsError: 9.60942e-06
Iteration: 3
  Device: "BenchmarkDiode"	RelError: 9.46245e-05	AbsError: 3.36612e+06
    Region: "SiRegion"	RelError: 9.46245e-05	AbsError: 3.36612e+06
      Equation: "ElectronContinuityEquation"	RelError: 6.40872e-05	AbsError: 5.90309e+05
      Equation: "HoleContinuityEquation"	RelError: 2.98236e-05	AbsError: 2.77581e+06
      Equation: "PotentialEquation"	RelError: 7.13629e-07	AbsError: 1.86414e-10
Iteration: 4
  Device: "BenchmarkDiode"	RelError: 2.10955e-13	AbsError: 7.06386e+01
    Region: "SiRegion"	RelError: 2.10955e-13	AbsError: 7.06386e+01
      Equation: "ElectronContinuityEquation"	RelError: 1.28581e-13	AbsError: 2.99949e+01
      Equation: "HoleContinuityEquation"	RelError: 8.15061e-14	AbsError: 4.06437e+01
      Equation: "PotentialEquation"	RelError: 8.68296e-16	AbsError: 5.10878e-17
number of equations 5085
Iteration: 0
  Device: "BenchmarkDiode"	RelError: 1.17149e+02	AbsError: 1.42290e+14
    Region: "SiRegion"	RelError: 1.17149e+02	AbsError: 1.42290e+14
      Equation: "ElectronContinuityEquation"	RelError: 6.58577e-01	AbsError: 7.07232e+13
      Equation: "HoleContinuityEquation"	RelError: 6.58577e-01	AbsError: 7.15664e+13
      Equation: "PotentialEquation"	RelError: 1.15832e+02	AbsError: 2.78470e-02
Iteration: 1
  Device: "BenchmarkDiode"	RelError: 7.82391e+01	AbsError: 5.87489e+12
    Region: "SiRegion"	RelError: 7.82391e+01	AbsError: 5.87489e+12
      Equation: "ElectronContinuityEquation"	RelError: 4.47954e-01	AbsError: 2.99265e+12
      Equation: "HoleContinuityEquation"	RelError: 5.31789e-01	AbsError: 2.88223e+12
      Equation: "PotentialEquation"	RelError: 7.72594e+01	AbsError: 2.21530e-02
Iteration: 2
  Device: "BenchmarkDiode"	RelError: 4.00335e-01	AbsError: 1.11447e+11
    Region: "SiRegion"	RelError: 4.00335e-01	AbsError: 1.11447e+11
      Equation: "ElectronContinuityEquation"	RelError: 2.29933e-01	AbsError: 2.87899e+10
      Equation: "HoleContinuityEquation"	RelError: 9.46606e-02	AbsError: 8.26572e+10
      Equation: "PotentialEquation"	RelError: 7.57412e-02	AbsError: 1.32580e-05
Iteration: 3
  Device: "BenchmarkDiode"	RelError: 1.33324e-04	AbsError: 5.56742e+06
    Region: "SiRegion"	RelError: 1.33324e-04	AbsError: 5.56742e+06
      Equation: "ElectronContinuityEquation"	RelError: 8.88787e-05	AbsError: 1.07272e+06
      Equation: "HoleContinuityEquation"	RelError: 4.25258e-05	AbsError: 4.49470e+06
      Equation: "PotentialEquation"	RelError: 1.91981e-06	AbsError: 3.43093e-10
Iteration: 4
  Device: "BenchmarkDiode"	RelError: 5.32711e-13	AbsError: 5.71234e+01
    Region: "SiRegion"	RelError: 5.32711e-13	AbsError: 5.71234e+01
      Equation: "ElectronContinuityEquation"	RelError: 3.14760e-13	AbsError: 2.90801e+01
      Equation: "HoleContinuityEquation"	RelError: 2.10276e-13	AbsError: 2.80433e+01
      Equation: "PotentialEquation"	RelError: 7.67407e-15	AbsError: 3.93768e-17
number of equations 5085
Iteration: 0
  Device: "BenchmarkDiode"	RelError: 1.42545e+02	AbsError: 1.30404e+14
    Region: "SiRegion"	RelError: 1.42545e+02	AbsError: 1.30404e+14
      Equation: "ElectronContinuityEquation"	RelError: 6.58760e-01	AbsError: 6.47808e+13
      Equation: "HoleContinuityEquation"	RelError: 6.58759e-01	AbsError: 6.56228e+13
      Equation: "PotentialEquation"	RelError: 1.41227e+02	AbsError: 2.78470e-02
Iteration: 1
  Device: "BenchmarkDiode"	RelError: 4.16355e+02	AbsError: 5.95826e+12
    Region: "SiRegion"	RelError: 4.16355e+02	AbsError: 5.95826e+12
      Equation: "ElectronContinuityEquation"	RelError: 4.47974e-01	AbsError: 3.04708e+12
      Equation: "HoleContinuityEquation"	RelError: 5.32167e-01	AbsError: 2.91118e+12
      Equation: "PotentialEquation"	RelError: 4.15375e+02	AbsError: 2.21530e-02
Iteration: 2
  Device: "BenchmarkDiode"	RelError: 1.10372e+00	AbsError: 1.38102e+11
    Region: "SiRegion"	RelError: 1.10372e+00	AbsError: 1.38102e+11
      Equation: "ElectronContinuityEquation"	RelError: 2.30159e-01	AbsError: 4.09466e+10
      Equation: "HoleContinuityEquation"	RelError: 9.46761e-02	AbsError: 9.71552e+10
      Equation: "PotentialEquation"	RelError: 7.78884e-01	AbsError: 1.88544e-05
Iteration: 3
  Device: "BenchmarkDiode"	RelError: 2.15788e-04	AbsError: 9.73325e+06
    Region: "SiRegion"	RelError: 2.15788e-04	AbsError: 9.73325e+06
      Equation: "ElectronContinuityEquation"	RelError: 1.27021e-04	AbsError: 2.05164e+06
      Equation: "HoleContinuityEquation"	RelError: 6.27569e-05	AbsError: 7.68161e+06
      Equation: "PotentialEquation"	RelError: 2.60098e-05	AbsError: 6.77853e-10
Iteration: 4
  Device: "BenchmarkDiode"	RelError: 3.01865e-12	AbsError: 6.92101e+01
    Region: "SiRegion"	RelError: 3.01865e-12	AbsError: 6.92101e+01
      Equation: "ElectronContinuityEquation"	RelError: 8.93525e-13	AbsError: 3.76874e+01
      Equation: "HoleContinuityEquation"	RelError: 5.62681e-13	AbsError: 3.15228e+01
      Equation: "PotentialEquation"	RelError: 1.56244e-12	AbsError: 5.42508e-17
number of equations 5085
Iteration: 0
  Device: "BenchmarkDiode"	RelError: 1.22998e+02	AbsError: 1.18351e+14
    Region: "SiRegion"	RelError: 1.22998e+02	AbsError: 1.18351e+14
      Equation: "ElectronContinuityEquation"	RelError: 6.58810e-01	AbsError: 5.87563e+13
      Equation: "HoleContinuityEquation"	RelError: 6.58809e-01	AbsError: 5.95946e+13
      Equation: "PotentialEquation"	RelError: 1.21681e+02	AbsError: 2.78470e-02
Iteration: 1
  Device: "BenchmarkDiode"	RelError: 6.36336e+02	AbsError: 6.02086e+12
    Region: "SiRegion"	RelError: 6.36336e+02	AbsError: 6.02086e+12
      Equation: "ElectronContinuityEquation"	RelError: 4.47976e-01	AbsError: 3.09645e+12
      Equation: "HoleContinuityEquation"	RelError: 5.32372e-01	AbsError: 2.92441e+12
      Equation: "PotentialEquation"	RelError: 6.35356e+02	AbsError: 2.21530e-02
Iteration: 2
  Device: "BenchmarkDiode"	RelError: 5.86887e-01	AbsError: 2.12031e+11
    Region: "SiRegion"	RelError: 5.86887e-01	AbsError: 2.12031e+11
      Equation: "ElectronContinuityEquation"	RelError: 2.30243e-01	AbsError: 7.44858e+10
      Equation: "HoleContinuityEquation"	RelError: 9.48987e-02	AbsError: 1.37545e+11
      Equation: "PotentialEquation"	RelError: 2.61746e-01	AbsError: 2.73444e-05
Iteration: 3
  Device: "BenchmarkDiode"	RelError: 2.81559e-04	AbsError: 1.87517e+07
    Region: "SiRegion"	RelError: 2.81559e-04	AbsError: 1.87517e+07
      Equation: "ElectronContinuityEquation"	RelError: 1.84653e-04	AbsError: 4.16926e+06
      Equation: "HoleContinuityEquation"	RelError: 9.50234e-05	AbsError: 1.45825e+07
      Equation: "PotentialEquation"	RelError: 1.88247e-06	AbsError: 1.47023e-09
Iteration: 4
  Device: "BenchmarkDiode"	RelError: 5.27814e-12	AbsError: 6.43643e+01
    Region: "SiRegion"	RelError: 5.27814e-12	AbsError: 6.43643e+01
      Equation: "ElectronContinuityEquation"	RelError: 2.79743e-12	AbsError: 2.96371e+01
      Equation: "HoleContinuityEquation"	RelError: 1.67949e-12	AbsError: 3.47272e+01
      Equation: "PotentialEquation"	RelError: 8.01221e-13	AbsError: 4.22694e-17
number of equations 5085
Iteration: 0
  Device: "BenchmarkDiode"	RelError: 4.06462e+02	AbsError: 1.06211e+14
    Region: "SiRegion"	RelError: 4.06462e+02	AbsError: 1.06211e+14
      Equation: "ElectronContinuityEquation"	RelError: 6.58819e-01	AbsError: 5.26911e+13
      Equation: "HoleContinuityEquation"	RelError: 6.58817e-01	AbsError: 5.35194e+13
      Equation: "PotentialEquation"	RelError: 4.05145e+02	AbsError: 2.78470e-02
Iteration: 1
  Device: "BenchmarkDiode"	RelError: 8.50207e+01	AbsError: 5.99587e+12
    Region: "SiRegion"	RelError: 8.50207e+01	AbsError: 5.99587e+12
      Equation: "ElectronContinuityEquation"	RelError: 4.47830e-01	AbsError: 3.10794e+12
      Equation: "HoleContinuityEquation"	RelError: 5.32717e-01	AbsError: 2.88793e+12
      Equation: "PotentialEquation"	RelError: 8.40401e+01	AbsError: 2.21530e-02
Iteration: 2
  Device: "BenchmarkDiode"	RelError: 3.34884e-01	AbsError: 5.52266e+11
    Region: "SiRegion"	RelError: 3.34884e-01	AbsError: 5.52266e+11
      Equation: "ElectronContinuityEquation"	RelError: 2.30499e-01	AbsError: 2.05765e+11
      Equation: "HoleContinuityEquation"	RelError: 9.47549e-02	AbsError: 3.46501e+11
      Equation: "PotentialEquation"	RelError: 9.63042e-03	AbsError: 4.22987e-05
Iteration: 3
  Device: "BenchmarkDiode"	RelError: 4.12382e-04	AbsError: 5.27475e+07
    Region: "SiRegion"	RelError: 4.12382e-04	AbsError: 5.27475e+07
      Equation: "ElectronContinuityEquation"	RelError: 2.66805e-04	AbsError: 1.62338e+07
      Equation: "HoleContinuityEquation"	RelError: 1.44777e-04	AbsError: 3.65138e+07
      Equation: "PotentialEquation"	RelError: 7.99927e-07	AbsError: 4.32074e-09
Iteration: 4
  Device: "BenchmarkDiode"	RelError: 1.99887e-11	AbsError: 7.04272e+01
    Region: "SiRegion"	RelError: 1.99887e-11	AbsError: 7.04272e+01
      Equation: "ElectronContinuityEquation"	RelError: 1.07184e-11	AbsError: 3.14664e+01
      Equation: "HoleContinuityEquation"	RelError: 9.18049e-12	AbsError: 3.89608e+01
      Equation: "PotentialEquation"	RelError: 8.98205e-14	AbsError: 8.13389e-17
number of equations 5085
Iteration: 0
  Device: "BenchmarkDiode"	RelError: 6.83610e+01	AbsError: 9.42888e+13
    Region: "SiRegion"	RelError: 6.83610e+01	AbsError: 9.42888e+13
      Equation: "ElectronContinuityEquation"	RelError: 6.58816e-01	AbsError: 4.67380e+13
      Equation: "HoleContinuityEquation"	RelError: 6.58812e-01	AbsError: 4.75508e+13
      Equation: "PotentialEquation"	RelError: 6.70433e+01	AbsError: 2.78470e-02
Iteration: 1
  Device: "BenchmarkDiode"	RelError: 3.77090e+01	AbsError: 6.07569e+12
    Region: "SiRegion"	RelError: 3.77090e+01	AbsError: 6.07569e+12
      Equation: "ElectronContinuityEquation"	RelError: 4.47812e-01	AbsError: 3.12942e+12
      Equation: "HoleContinuityEquation"	RelError: 5.32830e-01	AbsError: 2.94627e+12
      Equation: "PotentialEquation"	RelError: 3.67284e+01	AbsError: 2.21530e-02
Iteration: 2
  Device: "BenchmarkDiode"	RelError: 3.25346e-01	AbsError: 1.43698e+12
    Region: "SiRegion"	RelError: 3.25346e-01	AbsError: 1.43698e+12
      Equation: "ElectronContinuityEquation"	RelError: 2.30540e-01	AbsError: 5.71109e+11
      Equation: "HoleContinuityEquation"	RelError: 9.44116e-02	AbsError: 8.65867e+11
      Equation: "PotentialEquation"	RelError: 3.94798e-04	AbsError: 7.21337e-05
Iteration: 3
  Device: "BenchmarkDiode"	RelError: 5.51671e-04	AbsError: 5.71806e+08
    Region: "SiRegion"	RelError: 5.51671e-04	AbsError: 5.71806e+08
      Equation: "ElectronContinuityEquation"	RelError: 3.42978e-04	AbsError: 2.39310e+08
      Equation: "HoleContinuityEquation"	RelError: 2.08258e-04	AbsError: 3.32495e+08
      Equation: "PotentialEquation"	RelError: 4.35506e-07	AbsError: 3.32167e-08
Iteration: 4
  Device: "BenchmarkDiode"	RelError: 2.11200e-10	AbsError: 2.30180e+02
    Region: "SiRegion"	RelError: 2.11200e-10	AbsError: 2.30180e+02
      Equation: "ElectronContinuityEquation"	RelError: 9.73086e-11	AbsError: 1.11767e+02
      Equation: "HoleContinuityEquation"	RelError: 1.13600e-10	AbsError: 1.18413e+02
      Equation: "PotentialEquation"	RelError: 2.91679e-13	AbsError: 8.39013e-15
Iteration: 5
  Device: "BenchmarkDiode"	RelError: 6.61733e-14	AbsError: 5.24074e+01
    Region: "SiRegion"	RelError: 6.61733e-14	AbsError: 5.24074e+01
      Equation: "ElectronContinuityEquation"	RelError: 4.03730e-15	AbsError: 1.81619e+01
      Equation: "HoleContinuityEquation"	RelError: 4.34738e-15	AbsError: 3.42455e+01
      Equation: "PotentialEquation"	RelError: 5.77886e-14	AbsError: 4.28034e-17
number of equations 5085
Iteration: 0
  Device: "BenchmarkDiode"	RelError: 7.46105e+01	AbsError: 8.38369e+13
    Region: "SiRegion"	RelError: 7.46105e+01	AbsError: 8.38369e+13
      Equation: "ElectronContinuityEquation"	RelError: 6.58803e-01	AbsError: 4.15181e+13
      Equation: "HoleContinuityEquation"	RelError: 6.58798e-01	AbsError: 4.23188e+13
      Equation: "PotentialEquation"	RelError: 7.32929e+01	AbsError: 2.78470e-02
Iteration: 1
  Device: "BenchmarkDiode"	RelError: 7.03509e+01	AbsError: 1.08233e+13
    Region: "SiRegion"	RelError: 7.03509e+01	AbsError: 1.08233e+13
      Equation: "ElectronContinuityEquation"	RelError: 4.47906e-01	AbsError: 5.73560e+12
      Equation: "HoleContinuityEquation"	RelError: 5.32398e-01	AbsError: 5.08767e+12
      Equation: "PotentialEquation"	RelError: 6.93706e+01	AbsError: 2.21530e-02
Iteration: 2
  Device: "BenchmarkDiode"	RelError: 3.23087e-01	AbsError: 3.75779e+12
    Region: "SiRegion"	RelError: 3.23087e-01	AbsError: 3.75779e+12
      Equation: "ElectronContinuityEquation"	RelError: 2.30237e-01	AbsError: 1.57042e+12
      Equation: "HoleContinuityEquation"	RelError: 9.21703e-02	AbsError: 2.18737e+12
      Equation: "PotentialEquation"	RelError: 6.79773e-04	AbsError: 1.44205e-04
Iteration: 3
  Device: "BenchmarkDiode"	RelError: 7.37625e-04	AbsError: 7.23666e+09
    Region: "SiRegion"	RelError: 7.37625e-04	AbsError: 7.23666e+09
      Equation: "ElectronContinuityEquation"	RelError: 4.85201e-04	AbsError: 3.38055e+09
      Equation: "HoleContinuityEquation"	RelError: 2.50661e-04	AbsError: 3.85611e+09
      Equation: "PotentialEquation"	RelError: 1.76246e-06	AbsError: 3.74478e-07
Iteration: 4
  Device: "BenchmarkDiode"	RelError: 4.22413e-09	AbsError: 3.99875e+04
    Region: "SiRegion"	RelError: 4.22413e-09	AbsError: 3.99875e+04
      Equation: "ElectronContinuityEquation"	RelError: 2.81761e-09	AbsError: 1.98993e+04
      Equation: "HoleContinuityEquation"	RelError: 1.39566e-09	AbsError: 2.00881e+04
      Equation: "PotentialEquation"	RelError: 1.08512e-11	AbsError: 1.75345e-12
Iteration: 5
  Device: "BenchmarkDiode"	RelError: 2.54388e-14	AbsError: 6.15874e+01
    Region: "SiRegion"	RelError: 2.54388e-14	AbsError: 6.15874e+01
      Equation: "ElectronContinuityEquation"	RelError: 2.13294e-15	AbsError: 2.78587e+01
      Equation: "HoleContinuityEquation"	RelError: 4.03051e-15	AbsError: 3.37287e+01
      Equation: "PotentialEquation"	RelError: 1.92753e-14	AbsError: 3.64046e-17
number of equations 5085
Iteration: 0
  Device: "BenchmarkDiode"	RelError: 3.94591e+00	AbsError: 8.02429e+13
    Region: "SiRegion"	RelError: 3.94591e+00	AbsError: 8.02429e+13
      Equation: "ElectronContinuityEquation"	RelError: 6.58768e-01	AbsError: 3.97219e+13
      Equation: "HoleContinuityEquation"	RelError: 6.58759e-01	AbsError: 4.05210e+13
      Equation: "PotentialEquation"	RelError: 2.62838e+00	AbsError: 2.78470e-02
Iteration: 1
  Device: "BenchmarkDiode"	RelError: 1.65457e+00	AbsError: 2.72792e+13
    Region: "SiRegion"	RelError: 1.65457e+00	AbsError: 2.72792e+13
      Equation: "ElectronContinuityEquation"	RelError: 4.48951e-01	AbsError: 1.49380e+13
      Equation: "HoleContinuityEquation"	RelError: 5.29142e-01	AbsError: 1.23412e+13
      Equation: "PotentialEquation"	RelError: 6.76474e-01	AbsError: 2.21530e-02
Iteration: 2
  Device: "BenchmarkDiode"	RelError: 3.26022e-01	AbsError: 9.90263e+12
    Region: "SiRegion"	RelError: 3.26022e-01	AbsError: 9.90263e+12
      Equation: "ElectronContinuityEquation"	RelError: 2.28000e-01	AbsError: 4.27648e+12
      Equation: "HoleContinuityEquation"	RelError: 9.65102e-02	AbsError: 5.62615e+12
      Equation: "PotentialEquation"	RelError: 1.51181e-03	AbsError: 3.53155e-04
Iteration: 3
  Device: "BenchmarkDiode"	RelError: 2.07400e-03	AbsError: 7.61683e+10
    Region: "SiRegion"	RelError: 2.07400e-03	AbsError: 7.61683e+10
      Equation: "ElectronContinuityEquation"	RelError: 1.21236e-03	AbsError: 3.76254e+10
      Equation: "HoleContinuityEquation"	RelError: 8.45443e-04	AbsError: 3.85429e+10
      Equation: "PotentialEquation"	RelError: 1.62039e-05	AbsError: 3.79375e-06
Iteration: 4
  Device: "BenchmarkDiode"	RelError: 1.33911e-07	AbsError: 4.77092e+06
    Region: "SiRegion"	RelError: 1.33911e-07	AbsError: 4.77092e+06
      Equation: "ElectronContinuityEquation"	RelError: 7.78430e-08	AbsError: 2.39002e+06
      Equation: "HoleContinuityEquation"	RelError: 5.50778e-08	AbsError: 2.38090e+06
      Equation: "PotentialEquation"	RelError: 9.90192e-10	AbsError: 2.31986e-10
Iteration: 5
  Device: "BenchmarkDiode"	RelError: 6.70031e-15	AbsError: 5.52039e+01
    Region: "SiRegion"	RelError: 6.70031e-15	AbsError: 5.52039e+01
      Equation: "ElectronContinuityEquation"	RelError: 3.40294e-15	AbsError: 2.60744e+01
      Equation: "HoleContinuityEquation"	RelError: 2.68077e-15	AbsError: 2.91295e+01
      Equation: "PotentialEquation"	RelError: 6.16602e-16	AbsError: 8.46303e-17
number of equations 5085
Iteration: 0
  Device: "BenchmarkDiode"	RelError: 5.79837e+01	AbsError: 5.74219e+13
    Region: "SiRegion"	RelError: 5.79837e+01	AbsError: 5.74219e+13
      Equation: "ElectronContinuityEquation"	RelError: 2.74041e+01	AbsError: 2.87743e+13
      Equation: "HoleContinuityEquation"	RelError: 2.73528e+01	AbsError: 2.86475e+13
      Equation: "PotentialEquation"	RelError: 3.22675e+00	AbsError: 2.50000e-02
Iteration: 1
  Device: "BenchmarkDiode"	RelError: 1.81580e+00	AbsError: 1.35398e+13
    Region: "SiRegion"	RelError: 1.81580e+00	AbsError: 1.35398e+13
      Equation: "ElectronContinuityEquation"	RelError: 9.07176e-01	AbsError: 6.77793e+12
      Equation: "HoleContinuityEquation"	RelError: 9.07014e-01	AbsError: 6.76187e+12
      Equation: "PotentialEquation"	RelError: 1.60530e-03	AbsError: 2.99668e-04
Iteration: 2
  Device: "BenchmarkDiode"	RelError: 9.02708e-03	AbsError: 1.31749e+11
    Region: "SiRegion"	RelError: 9.02708e-03	AbsError: 1.31749e+11
      Equation: "ElectronContinuityEquation"	RelError: 4.50412e-03	AbsError: 6.58406e+10
      Equation: "HoleContinuityEquation"	RelError: 4.49601e-03	AbsError: 6.59084e+10
      Equation: "PotentialEquation"	RelError: 2.69605e-05	AbsError: 5.15460e-06
Iteration: 3
  Device: "BenchmarkDiode"	RelError: 9.81658e-07	AbsError: 1.81159e+07
    Region: "SiRegion"	RelError: 9.81658e-07	AbsError: 1.81159e+07
      Equation: "ElectronContinuityEquation"	RelError: 4.85683e-07	AbsError: 9.04794e+06
      Equation: "HoleContinuityEquation"	RelError: 4.92542e-07	AbsError: 9.06793e+06
      Equation: "PotentialEquation"	RelError: 3.43215e-09	AbsError: 6.63422e-10
Iteration: 4
  Device: "BenchmarkDiode"	RelError: 1.70875e-14	AbsError: 6.53737e+01
    Region: "SiRegion"	RelError: 1.70875e-14	AbsError: 6.53737e+01
      Equation: "ElectronContinuityEquation"	RelError: 5.41068e-15	AbsError: 2.40022e+01
      Equation: "HoleContinuityEquation"	RelError: 1.05459e-14	AbsError: 4.13715e+01
      Equation: "PotentialEquation"	RelError: 1.13087e-15	AbsError: 6.14710e-17
number of equations 5085
Iteration: 0
  Device: "BenchmarkDiode"	RelError: 1.26832e+00	AbsError: 2.16291e+13
    Region: "SiRegion"	RelError: 1.26832e+00	AbsError: 2.16291e+13
      Equation: "ElectronContinuityEquation"	RelError: 3.25488e-01	AbsError: 1.07135e+13
      Equation: "HoleContinuityEquation"	RelError: 3.25477e-01	AbsError: 1.09157e+13
      Equation: "PotentialEquation"	RelError: 6.17353e-01	AbsError: 1.25000e-02
Iteration: 1
  Device: "BenchmarkDiode"	RelError: 1.70016e-01	AbsError: 2.52227e+12
    Region: "SiRegion"	RelError: 1.70016e-01	AbsError: 2.52227e+12
      Equation: "ElectronContinuityEquation"	RelError: 8.48897e-02	AbsError: 1.26316e+12
      Equation: "HoleContinuityEquation"	RelError: 8.48815e-02	AbsError: 1.25911e+12
      Equation: "PotentialEquation"	RelError: 2.44695e-04	AbsError: 4.81746e-05
Iteration: 2
  Device: "BenchmarkDiode"	RelError: 1.75342e-04	AbsError: 4.33223e+09
    Region: "SiRegion"	RelError: 1.75342e-04	AbsError: 4.33223e+09
      Equation: "ElectronContinuityEquation"	RelError: 8.66965e-05	AbsError: 2.16501e+09
      Equation: "HoleContinuityEquation"	RelError: 8.78191e-05	AbsError: 2.16722e+09
      Equation: "PotentialEquation"	RelError: 8.26172e-07	AbsError: 1.65562e-07
Iteration: 3
  Device: "BenchmarkDiode"	RelError: 7.62696e-10	AbsError: 1.97480e+04
    Region: "SiRegion"	RelError: 7.62696e-10	AbsError: 1.97480e+04
      Equation: "ElectronContinuityEquation"	RelError: 3.76759e-10	AbsError: 9.86253e+03
      Equation: "HoleContinuityEquation"	RelError: 3.82313e-10	AbsError: 9.88550e+03
      Equation: "PotentialEquation"	RelError: 3.62402e-12	AbsError: 7.32207e-13
Iteration: 4
  Device: "BenchmarkDiode"	RelError: 7.19274e-15	AbsError: 5.58419e+01
    Region: "SiRegion"	RelError: 7.19274e-15	AbsError: 5.58419e+01
      Equation: "ElectronContinuityEquation"	RelError: 4.02205e-15	AbsError: 2.56257e+01
      Equation: "HoleContinuityEquation"	RelError: 2.35231e-15	AbsError: 3.02162e+01
      Equation: "PotentialEquation"	RelError: 8.18383e-16	AbsError: 6.37626e-17
number of equations 5085
Iteration: 0
  Device: "BenchmarkDiode"	RelError: 1.08237e+00	AbsError: 1.17355e+13
    Region: "SiRegion"	RelError: 1.08237e+00	AbsError: 1.17355e+13
      Equation: "ElectronContinuityEquation"	RelError: 3.17946e-01	AbsError: 5.81658e+12
      Equation: "HoleContinuityEquation"	RelError: 3.17921e-01	AbsError: 5.91897e+12
      Equation: "PotentialEquation"	RelError: 4.46501e-01	AbsError: 6.25000e-03
Iteration: 1
  Device: "BenchmarkDiode"	RelError: 6.85042e-02	AbsError: 7.24144e+11
    Region: "SiRegion"	RelError: 6.85042e-02	AbsError: 7.24144e+11
      Equation: "ElectronContinuityEquation"	RelError: 3.42154e-02	AbsError: 3.62582e+11
      Equation: "HoleContinuityEquation"	RelError: 3.42106e-02	AbsError: 3.61562e+11
      Equation: "PotentialEquation"	RelError: 7.81318e-05	AbsError: 1.49879e-05
Iteration: 2
  Device: "BenchmarkDiode"	RelError: 1.79684e-05	AbsError: 3.70394e+08
    Region: "SiRegion"	RelError: 1.79684e-05	AbsError: 3.70394e+08
      Equation: "ElectronContinuityEquation"	RelError: 8.89232e-06	AbsError: 1.85098e+08
      Equation: "HoleContinuityEquation"	RelError: 9.00303e-06	AbsError: 1.85296e+08
      Equation: "PotentialEquation"	RelError: 7.30787e-08	AbsError: 1.43105e-08
Iteration: 3
  Device: "BenchmarkDiode"	RelError: 6.57660e-12	AbsError: 1.43879e+02
    Region: "SiRegion"	RelError: 6.57660e-12	AbsError: 1.43879e+02
      Equation: "ElectronContinuityEquation"	RelError: 3.25122e-12	AbsError: 7.18608e+01
      Equation: "HoleContinuityEquation"	RelError: 3.29844e-12	AbsError: 7.20184e+01
      Equation: "PotentialEquation"	RelError: 2.69338e-14	AbsError: 5.29981e-15
number of equations 5085
Iteration: 0
  Device: "BenchmarkDiode"	RelError: 5.61765e-01	AbsError: 5.60915e+12
    Region: "SiRegion"	RelError: 5.61765e-01	AbsError: 5.60915e+12
      Equation: "ElectronContinuityEquation"	RelError: 1.37179e-01	AbsError: 2.77916e+12
      Equation: "HoleContinuityEquation"	RelError: 1.37170e-01	AbsError: 2.83000e+12
      Equation: "PotentialEquation"	RelError: 2.87416e-01	AbsError: 3.12500e-03
Iteration: 1
  Device: "BenchmarkDiode"	RelError: 1.57875e-02	AbsError: 1.60858e+11
    Region: "SiRegion"	RelError: 1.57875e-02	AbsError: 1.60858e+11
      Equation: "ElectronContinuityEquation"	RelError: 7.88603e-03	AbsError: 8.05558e+10
      Equation: "HoleContinuityEquation"	RelError: 7.88501e-03	AbsError: 8.03022e+10
      Equation: "PotentialEquation"	RelError: 1.64364e-05	AbsError: 3.11159e-06
Iteration: 2
  Device: "BenchmarkDiode"	RelError: 8.98695e-07	AbsError: 1.71760e+07
    Region: "SiRegion"	RelError: 8.98695e-07	AbsError: 1.71760e+07
      Equation: "ElectronContinuityEquation"	RelError: 4.44597e-07	AbsError: 8.58418e+06
      Equation: "HoleContinuityEquation"	RelError: 4.50691e-07	AbsError: 8.59184e+06
      Equation: "PotentialEquation"	RelError: 3.40597e-09	AbsError: 6.58650e-10
Iteration: 3
  Device: "BenchmarkDiode"	RelError: 1.80538e-14	AbsError: 5.87376e+01
    Region: "SiRegion"	RelError: 1.80538e-14	AbsError: 5.87376e+01
      Equation: "ElectronContinuityEquation"	RelError: 6.96920e-15	AbsError: 2.99645e+01
      Equation: "HoleContinuityEquation"	RelError: 7.61424e-15	AbsError: 2.87730e+01
      Equation: "PotentialEquation"	RelError: 3.47034e-15	AbsError: 7.76457e-17
number of equations 5085
Iteration: 0
  Device: "BenchmarkDiode"	RelError: 2.96200e-01	AbsError: 2.75084e+12
    Region: "SiRegion"	RelError: 2.96200e-01	AbsError: 2.75084e+12
      Equation: "ElectronContinuityEquation"	RelError: 6.41891e-02	AbsError: 1.36275e+12
      Equation: "HoleContinuityEquation"	RelError: 6.41854e-02	AbsError: 1.38809e+12
      Equation: "PotentialEquation"	RelError: 1.67826e-01	AbsError: 1.56250e-03
Iteration: 1
  Device: "BenchmarkDiode"	RelError: 3.79038e-03	AbsError: 3.79162e+10
    Region: "SiRegion"	RelError: 3.79038e-03	AbsError: 3.79162e+10
      Equation: "ElectronContinuityEquation"	RelError: 1.89343e-03	AbsError: 1.89896e+10
      Equation: "HoleContinuityEquation"	RelError: 1.89320e-03	AbsError: 1.89266e+10
      Equation: "PotentialEquation"	RelError: 3.74482e-06	AbsError: 7.04630e-07
Iteration: 2
  Device: "BenchmarkDiode"	RelError: 4.99005e-08	AbsError: 9.18262e+05
    Region: "SiRegion"	RelError: 4.99005e-08	AbsError: 9.18262e+05
      Equation: "ElectronContinuityEquation"	RelError: 2.46802e-08	AbsError: 4.58952e+05
      Equation: "HoleContinuityEquation"	RelError: 2.50378e-08	AbsError: 4.59311e+05
      Equation: "PotentialEquation"	RelError: 1.82552e-10	AbsError: 3.50977e-11
Iteration: 3
  Device: "BenchmarkDiode"	RelError: 8.16109e-15	AbsError: 6.02568e+01
    Region: "SiRegion"	RelError: 8.16109e-15	AbsError: 6.02568e+01
      Equation: "ElectronContinuityEquation"	RelError: 1.69634e-15	AbsError: 3.26605e+01
      Equation: "HoleContinuityEquation"	RelError: 5.31372e-15	AbsError: 2.75963e+01
      Equation: "PotentialEquation"	RelError: 1.15104e-15	AbsError: 6.44559e-17
number of equations 5085
Iteration: 0
  Device: "BenchmarkDiode"	RelError: 1.53792e-01	AbsError: 1.36323e+12
    Region: "SiRegion"	RelError: 1.53792e-01	AbsError: 1.36323e+12
      Equation: "ElectronContinuityEquation"	RelError: 3.10970e-02	AbsError: 6.75286e+11
      Equation: "HoleContinuityEquation"	RelError: 3.10953e-02	AbsError: 6.87941e+11
      Equation: "PotentialEquation"	RelError: 9.15993e-02	AbsError: 7.81250e-04
Iteration: 1
  Device: "BenchmarkDiode"	RelError: 9.28676e-04	AbsError: 9.20495e+09
    Region: "SiRegion"	RelError: 9.28676e-04	AbsError: 9.20495e+09
      Equation: "ElectronContinuityEquation"	RelError: 4.63920e-04	AbsError: 4.61032e+09
      Equation: "HoleContinuityEquation"	RelError: 4.63864e-04	AbsError: 4.59463e+09
      Equation: "PotentialEquation"	RelError: 8.92101e-07	AbsError: 1.67346e-07
Iteration: 2
  Device: "BenchmarkDiode"	RelError: 2.93390e-09	AbsError: 5.29765e+04
    Region: "SiRegion"	RelError: 2.93390e-09	AbsError: 5.29765e+04
      Equation: "ElectronContinuityEquation"	RelError: 1.45085e-09	AbsError: 2.64786e+04
      Equation: "HoleContinuityEquation"	RelError: 1.47251e-09	AbsError: 2.64979e+04
      Equation: "PotentialEquation"	RelError: 1.05453e-11	AbsError: 2.02156e-12
Iteration: 3
  Device: "BenchmarkDiode"	RelError: 7.32915e-15	AbsError: 5.05374e+01
    Region: "SiRegion"	RelError: 7.32915e-15	AbsError: 5.05374e+01
      Equation: "ElectronContinuityEquation"	RelError: 2.54162e-15	AbsError: 2.23740e+01
      Equation: "HoleContinuityEquation"	RelError: 3.45387e-15	AbsError: 2.81634e+01
      Equation: "PotentialEquation"	RelError: 1.33366e-15	AbsError: 2.97292e-17
number of equations 5085
Iteration: 0
  Device: "BenchmarkDiode"	RelError: 7.86183e-02	AbsError: 6.78714e+11
    Region: "SiRegion"	RelError: 7.86183e-02	AbsError: 6.78714e+11
      Equation: "ElectronContinuityEquation"	RelError: 1.53106e-02	AbsError: 3.36195e+11
      Equation: "HoleContinuityEquation"	RelError: 1.53098e-02	AbsError: 3.42519e+11
      Equation: "PotentialEquation"	RelError: 4.79980e-02	AbsError: 3.90625e-04
Iteration: 1
  Device: "BenchmarkDiode"	RelError: 2.29843e-04	AbsError: 2.26777e+09
    Region: "SiRegion"	RelError: 2.29843e-04	AbsError: 2.26777e+09
      Equation: "ElectronContinuityEquation"	RelError: 1.14820e-04	AbsError: 1.13584e+09
      Equation: "HoleContinuityEquation"	RelError: 1.14806e-04	AbsError: 1.13193e+09
      Equation: "PotentialEquation"	RelError: 2.17601e-07	AbsError: 4.07562e-08
Iteration: 2
  Device: "BenchmarkDiode"	RelError: 1.77755e-10	AbsError: 3.17938e+03
    Region: "SiRegion"	RelError: 1.77755e-10	AbsError: 3.17938e+03
      Equation: "ElectronContinuityEquation"	RelError: 8.78936e-11	AbsError: 1.58911e+03
      Equation: "HoleContinuityEquation"	RelError: 8.92278e-11	AbsError: 1.59027e+03
      Equation: "PotentialEquation"	RelError: 6.33230e-13	AbsError: 1.21213e-13
Iteration: 3
  Device: "BenchmarkDiode"	RelError: 7.69559e-15	AbsError: 4.88643e+01
    Region: "SiRegion"	RelError: 7.69559e-15	AbsError: 4.88643e+01
      Equation: "ElectronContinuityEquation"	RelError: 2.81325e-15	AbsError: 2.56615e+01
      Equation: "HoleContinuityEquation"	RelError: 3.89773e-15	AbsError: 2.32027e+01
      Equation: "PotentialEquation"	RelError: 9.84619e-16	AbsError: 4.72660e-17
number of equations 5085
Iteration: 0
  Device: "BenchmarkDiode"	RelError: 3.84030e-02	AbsError: 3.38650e+11
    Region: "SiRegion"	RelError: 3.84030e-02	AbsError: 3.38650e+11
      Equation: "ElectronContinuityEquation"	RelError: 7.48346e-03	AbsError: 1.67745e+11
      Equation: "HoleContinuityEquation"	RelError: 7.48306e-03	AbsError: 1.70905e+11
      Equation: "PotentialEquation"	RelError: 2.34365e-02	AbsError: 1.95313e-04
Iteration: 1
  Device: "BenchmarkDiode"	RelError: 5.66013e-05	AbsError: 5.64459e+08
    Region: "SiRegion"	RelError: 5.66013e-05	AbsError: 5.64459e+08
      Equation: "ElectronContinuityEquation"	RelError: 2.82754e-05	AbsError: 2.82719e+08
      Equation: "HoleContinuityEquation"	RelError: 2.82720e-05	AbsError: 2.81741e+08
      Equation: "PotentialEquation"	RelError: 5.39236e-08	AbsError: 1.01087e-08
Iteration: 2
  Device: "BenchmarkDiode"	RelError: 1.09187e-11	AbsError: 1.96385e+02
    Region: "SiRegion"	RelError: 1.09187e-11	AbsError: 1.96385e+02
      Equation: "ElectronContinuityEquation"	RelError: 5.39703e-12	AbsError: 9.81215e+01
      Equation: "HoleContinuityEquation"	RelError: 5.48259e-12	AbsError: 9.82640e+01
      Equation: "PotentialEquation"	RelError: 3.90908e-14	AbsError: 7.51216e-15
number of equations 5085
Iteration: 0
  Device: "BenchmarkDiode"	RelError: 1.90939e-02	AbsError: 1.69501e+11
    Region: "SiRegion"	RelError: 1.90939e-02	AbsError: 1.69501e+11
      Equation: "ElectronContinuityEquation"	RelError: 3.75577e-03	AbsError: 8.39602e+10
      Equation: "HoleContinuityEquation"	RelError: 3.75558e-03	AbsError: 8.55408e+10
      Equation: "PotentialEquation"	RelError: 1.15825e-02	AbsError: 9.76563e-05
Iteration: 1
  Device: "BenchmarkDiode"	RelError: 1.41859e-05	AbsError: 1.41632e+08
    Region: "SiRegion"	RelError: 1.41859e-05	AbsError: 1.41632e+08
      Equation: "ElectronContinuityEquation"	RelError: 7.08659e-06	AbsError: 7.09383e+07
      Equation: "HoleContinuityEquation"	RelError: 7.08574e-06	AbsError: 7.06936e+07
      Equation: "PotentialEquation"	RelError: 1.35649e-08	AbsError: 2.54390e-09
Iteration: 2
  Device: "BenchmarkDiode"	RelError: 6.86492e-13	AbsError: 7.87824e+01
    Region: "SiRegion"	RelError: 6.86492e-13	AbsError: 7.87824e+01
      Equation: "ElectronContinuityEquation"	RelError: 3.37752e-13	AbsError: 4.39956e+01
      Equation: "HoleContinuityEquation"	RelError: 3.44320e-13	AbsError: 3.47869e+01
      Equation: "PotentialEquation"	RelError: 4.42100e-15	AbsError: 5.27478e-16
number of equations 5085
Iteration: 0
  Device: "BenchmarkDiode"	RelError: 9.52066e-03	AbsError: 8.47948e+10
    Region: "SiRegion"	RelError: 9.52066e-03	AbsError: 8.47948e+10
      Equation: "ElectronContinuityEquation"	RelError: 1.88142e-03	AbsError: 4.20022e+10
      Equation: "HoleContinuityEquation"	RelError: 1.88132e-03	AbsError: 4.27926e+10
      Equation: "PotentialEquation"	RelError: 5.75792e-03	AbsError: 4.88281e-05
Iteration: 1
  Device: "BenchmarkDiode"	RelError: 3.55093e-06	AbsError: 3.54728e+07
    Region: "SiRegion"	RelError: 3.55093e-06	AbsError: 3.54728e+07
      Equation: "ElectronContinuityEquation"	RelError: 1.77387e-06	AbsError: 1.77670e+07
      Equation: "HoleContinuityEquation"	RelError: 1.77366e-06	AbsError: 1.77058e+07
      Equation: "PotentialEquation"	RelError: 3.40173e-09	AbsError: 6.38070e-10
Iteration: 2
  Device: "BenchmarkDiode"	RelError: 4.27763e-14	AbsError: 6.22145e+01
    Region: "SiRegion"	RelError: 4.27763e-14	AbsError: 6.22145e+01
      Equation: "ElectronContinuityEquation"	RelError: 1.96008e-14	AbsError: 3.58126e+01
      Equation: "HoleContinuityEquation"	RelError: 1.95605e-14	AbsError: 2.64019e+01
      Equation: "PotentialEquation"	RelError: 3.61503e-15	AbsError: 1.13037e-16
number of equations 5085
Iteration: 0
  Device: "BenchmarkDiode"	RelError: 8.15332e-15	AbsError: 3.75404e+01
    Region: "SiRegion"	RelError: 8.15332e-15	AbsError: 3.75404e+01
      Equation: "ElectronContinuityEquation"	RelError: 4.22158e-15	AbsError: 1.79365e+01
      Equation: "HoleContinuityEquation"	RelError: 2.36062e-15	AbsError: 1.96039e+01
      Equation: "PotentialEquation"	RelError: 1.57112e-15	AbsError: 4.31856e-17
number of equations 5085
Iteration: 0
  Device: "BenchmarkDiode"	RelError: 8.29284e-15	AbsError: 3.48422e+01
    Region: "SiRegion"	RelError: 8.29284e-15	AbsError: 3.48422e+01
      Equation: "ElectronContinuityEquation"	RelError: 4.86794e-15	AbsError: 1.58784e+01
      Equation: "HoleContinuityEquation"	RelError: 2.46586e-15	AbsError: 1.89639e+01
      Equation: "PotentialEquation"	RelError: 9.59044e-16	AbsError: 3.90644e-17
number of equations 5085
Iteration: 0
  Device: "BenchmarkDiode"	RelError: 5.18719e-15	AbsError: 3.65193e+01
    Region: "SiRegion"	RelError: 5.18719e-15	AbsError: 3.65193e+01
      Equation: "ElectronContinuityEquation"	RelError: 2.43856e-15	AbsError: 1.61416e+01
      Equation: "HoleContinuityEquation"	RelError: 1.95857e-15	AbsError: 2.03778e+01
      Equation: "PotentialEquation"	RelError: 7.90063e-16	AbsError: 3.73074e-17
Charge Relative Error 2.58869e-09
number of equations 5085
Iteration: 0
  Device: "BenchmarkDiode"	RelError: 6.07286e-15	AbsError: 3.50933e+01
    Region: "SiRegion"	RelError: 6.07286e-15	AbsError: 3.50933e+01
      Equation: "ElectronContinuityEquation"	RelError: 1.50761e-15	AbsError: 1.82697e+01
      Equation: "HoleContinuityEquation"	RelError: 4.04439e-15	AbsError: 1.68236e+01
      Equation: "PotentialEquation"	RelError: 5.20863e-16	AbsError: 4.60614e-17
Charge Relative Error 2.58869e-09
number of equations 5085
Iteration: 0
  Device: "BenchmarkDiode"	RelError: 4.59110e-15	AbsError: 4.17512e+01
    Region: "SiRegion"	RelError: 4.59110e-15	AbsError: 4.17512e+01
      Equation: "ElectronContinuityEquation"	RelError: 1.83703e-15	AbsError: 1.65446e+01
      Equation: "HoleContinuityEquation"	RelError: 2.17825e-15	AbsError: 2.52066e+01
      Equation: "PotentialEquation"	RelError: 5.75820e-16	AbsError: 5.68123e-17
Charge Relative Error 2.58869e-09
number of equations 5085
Iteration: 0
  Device: "BenchmarkDiode"	RelError: 8.73919e-15	AbsError: 3.22740e+01
    Region: "SiRegion"	RelError: 8.73919e-15	AbsError: 3.22740e+01
      Equation: "ElectronContinuityEquation"	RelError: 4.25913e-15	AbsError: 1.21796e+01
      Equation: "HoleContinuityEquation"	RelError: 2.98126e-15	AbsError: 2.00944e+01
      Equation: "PotentialEquation"	RelError: 1.49879e-15	AbsError: 6.05487e-17
Charge Relative Error 2.58869e-09
number of equations 5085
Iteration: 0
  Device: "BenchmarkDiode"	RelError: 8.91641e-15	AbsError: 3.30383e+01
    Region: "SiRegion"	RelError: 8.91641e-15	AbsError: 3.30383e+01
      Equation: "ElectronContinuityEquation"	RelError: 4.00257e-15	AbsError: 1.62523e+01
      Equation: "HoleContinuityEquation"	RelError: 4.43371e-15	AbsError: 1.67859e+01
      Equation: "PotentialEquation"	RelError: 4.80135e-16	AbsError: 6.13337e-17
Charge Relative Error 2.58869e-09
number of equations 5085
Iteration: 0
  Device: "BenchmarkDiode"	RelError: 7.36092e-15	AbsError: 4.44705e+01
    Region: "SiRegion"	RelError: 7.36092e-15	AbsError: 4.44705e+01
      Equation: "ElectronContinuityEquation"	RelError: 1.21359e-15	AbsError: 1.92642e+01
      Equation: "HoleContinuityEquation"	RelError: 5.08953e-15	AbsError: 2.52063e+01
      Equation: "PotentialEquation"	RelError: 1.05780e-15	AbsError: 7.61343e-17
Charge Relative Error 2.58869e-09
number of equations 5085
Iteration: 0
  Device: "BenchmarkDiode"	RelError: 5.00556e-15	AbsError: 3.65200e+01
    Region: "SiRegion"	RelError: 5.00556e-15	AbsError: 3.65200e+01
      Equation: "ElectronContinuityEquation"	RelError: 1.40290e-15	AbsError: 1.64258e+01
      Equation: "HoleContinuityEquation"	RelError: 2.15280e-15	AbsError: 2.00942e+01
      Equation: "PotentialEquation"	RelError: 1.44986e-15	AbsError: 4.96318e-17
Charge Relative Error 2.58869e-09
number of equations 5085
Iteration: 0
  Device: "BenchmarkDiode"	RelError: 4.39611e-15	AbsError: 3.74014e+01
    Region: "SiRegion"	RelError: 4.39611e-15	AbsError: 3.74014e+01
      Equation: "ElectronContinuityEquation"	RelError: 2.19046e-15	AbsError: 1.32981e+01
      Equation: "HoleContinuityEquation"	RelError: 1.72341e-15	AbsError: 2.41032e+01
      Equation: "PotentialEquation"	RelError: 4.82249e-16	AbsError: 4.54572e-17
Charge Relative Error 2.58869e-09
number of equations 5085
Iteration: 0
  Device: "BenchmarkDiode"	RelError: 5.51421e-15	AbsError: 4.15138e+01
    Region: "SiRegion"	RelError: 5.51421e-15	AbsError: 4.15138e+01
      Equation: "ElectronContinuityEquation"	RelError: 2.05458e-15	AbsError: 1.63071e+01
      Equation: "HoleContinuityEquation"	RelError: 2.01544e-15	AbsError: 2.52067e+01
      Equation: "PotentialEquation"	RelError: 1.44419e-15	AbsError: 4.22563e-17
Charge Relative Error 2.58869e-09
number of equations 5085
Iteration: 0
  Device: "BenchmarkDiode"	RelError: 4.83582e-15	AbsError: 3.82567e+01
    Region: "SiRegion"	RelError: 4.83582e-15	AbsError: 3.82567e+01
      Equation: "ElectronContinuityEquation"	RelError: 1.95320e-15	AbsError: 1.81623e+01
      Equation: "HoleContinuityEquation"	RelError: 1.19387e-15	AbsError: 2.00944e+01
      Equation: "PotentialEquation"	RelError: 1.68876e-15	AbsError: 3.90513e-17
Charge Relative Error 2.58869e-09
number of equations 5085
Iteration: 0
  Device: "BenchmarkDiode"	RelError: 2.28621e+03	AbsError: 2.61220e+15
    Region: "SiRegion"	RelError: 2.28621e+03	AbsError: 2.61220e+15
      Equation: "ElectronContinuityEquation"	RelError: 9.99000e+02	AbsError: 1.21220e+15
      Equation: "HoleContinuityEquation"	RelError: 9.99000e+02	AbsError: 1.40001e+15
      Equation: "PotentialEquation"	RelError: 2.88209e+02	AbsError: 1.04279e-01
Iteration: 1
  Device: "BenchmarkDiode"	RelError: 5.31171e+03	AbsError: 3.19505e+15
    Region: "SiRegion"	RelError: 5.31171e+03	AbsError: 3.19505e+15
      Equation: "ElectronContinuityEquation"	RelError: 2.45144e+00	AbsError: 1.73598e+15
      Equation: "HoleContinuityEquation"	RelError: 9.99000e+02	AbsError: 1.45907e+15
      Equation: "PotentialEquation"	RelError: 4.31026e+03	AbsError: 1.02348e-01
Iteration: 2
  Device: "BenchmarkDiode"	RelError: 1.73176e+05	AbsError: 9.20668e+14
    Region: "SiRegion"	RelError: 1.73176e+05	AbsError: 9.20668e+14
      Equation: "ElectronContinuityEquation"	RelError: 9.99000e+02	AbsError: 3.33735e+14
      Equation: "HoleContinuityEquation"	RelError: 9.99000e+02	AbsError: 5.86932e+14
      Equation: "PotentialEquation"	RelError: 1.71178e+05	AbsError: 1.00302e-01
Iteration: 3
  Device: "BenchmarkDiode"	RelError: 2.54546e+03	AbsError: 6.64192e+14
    Region: "SiRegion"	RelError: 2.54546e+03	AbsError: 6.64192e+14
      Equation: "ElectronContinuityEquation"	RelError: 9.99000e+02	AbsError: 6.03676e+13
      Equation: "HoleContinuityEquation"	RelError: 9.99000e+02	AbsError: 6.03824e+14
      Equation: "PotentialEquation"	RelError: 5.47455e+02	AbsError: 9.81263e-02
Iteration: 4
  Device: "BenchmarkDiode"	RelError: 2.25781e+03	AbsError: 4.38704e+14
    Region: "SiRegion"	RelError: 2.25781e+03	AbsError: 4.38704e+14
      Equation: "ElectronContinuityEquation"	RelError: 9.99000e+02	AbsError: 1.40761e+14
      Equation: "HoleContinuityEquation"	RelError: 9.99000e+02	AbsError: 2.97943e+14
      Equation: "PotentialEquation"	RelError: 2.59808e+02	AbsError: 9.58051e-02
Iteration: 5
  Device: "BenchmarkDiode"	RelError: 1.05134e+03	AbsError: 3.01697e+14
    Region: "SiRegion"	RelError: 1.05134e+03	AbsError: 3.01697e+14
      Equation: "ElectronContinuityEquation"	RelError: 1.27525e+00	AbsError: 1.39519e+13
      Equation: "HoleContinuityEquation"	RelError: 9.99000e+02	AbsError: 2.87745e+14
      Equation: "PotentialEquation"	RelError: 5.10616e+01	AbsError: 9.33185e-02
Iteration: 6
  Device: "BenchmarkDiode"	RelError: 2.20920e+03	AbsError: 2.88288e+14
    Region: "SiRegion"	RelError: 2.20920e+03	AbsError: 2.88288e+14
      Equation: "ElectronContinuityEquation"	RelError: 1.20130e+03	AbsError: 4.56108e+13
      Equation: "HoleContinuityEquation"	RelError: 9.99000e+02	AbsError: 2.42677e+14
      Equation: "PotentialEquation"	RelError: 8.89179e+00	AbsError: 9.06429e-02
Iteration: 7
  Device: "BenchmarkDiode"	RelError: 1.00377e+03	AbsError: 1.80575e+14
    Region: "SiRegion"	RelError: 1.00377e+03	AbsError: 1.80575e+14
      Equation: "ElectronContinuityEquation"	RelError: 9.98768e-01	AbsError: 5.01580e+13
      Equation: "HoleContinuityEquation"	RelError: 9.99000e+02	AbsError: 1.30417e+14
      Equation: "PotentialEquation"	RelError: 3.77280e+00	AbsError: 8.77491e-02
Iteration: 8
  Device: "BenchmarkDiode"	RelError: 6.35657e+03	AbsError: 1.17131e+14
    Region: "SiRegion"	RelError: 6.35657e+03	AbsError: 1.17131e+14
      Equation: "ElectronContinuityEquation"	RelError: 5.35745e+03	AbsError: 9.41678e+11
      Equation: "HoleContinuityEquation"	RelError: 9.99000e+02	AbsError: 1.16189e+14
      Equation: "PotentialEquation"	RelError: 1.21156e-01	AbsError: 8.46016e-02
Iteration: 9
  Device: "BenchmarkDiode"	RelError: 1.00280e+03	AbsError: 9.72007e+13
    Region: "SiRegion"	RelError: 1.00280e+03	AbsError: 9.72007e+13
      Equation: "ElectronContinuityEquation"	RelError: 9.99701e-01	AbsError: 1.05569e+13
      Equation: "HoleContinuityEquation"	RelError: 9.99000e+02	AbsError: 8.66438e+13
      Equation: "PotentialEquation"	RelError: 2.80320e+00	AbsError: 8.11554e-02
Iteration: 10
  Device: "BenchmarkDiode"	RelError: 5.17101e+03	AbsError: 5.67581e+13
    Region: "SiRegion"	RelError: 5.17101e+03	AbsError: 5.67581e+13
      Equation: "ElectronContinuityEquation"	RelError: 3.18535e+03	AbsError: 1.25414e+13
      Equation: "HoleContinuityEquation"	RelError: 1.98483e+03	AbsError: 4.42167e+13
      Equation: "PotentialEquation"	RelError: 8.38046e-01	AbsError: 7.73537e-02
Iteration: 11
  Device: "BenchmarkDiode"	RelError: 1.00027e+03	AbsError: 2.91346e+13
    Region: "SiRegion"	RelError: 1.00027e+03	AbsError: 2.91346e+13
      Equation: "ElectronContinuityEquation"	RelError: 9.99655e-01	AbsError: 3.49673e+12
      Equation: "HoleContinuityEquation"	RelError: 9.99000e+02	AbsError: 2.56378e+13
      Equation: "PotentialEquation"	RelError: 2.72487e-01	AbsError: 7.31232e-02
Iteration: 12
  Device: "BenchmarkDiode"	RelError: 1.99817e+03	AbsError: 1.93953e+13
    Region: "SiRegion"	RelError: 1.99817e+03	AbsError: 1.93953e+13
      Equation: "ElectronContinuityEquation"	RelError: 9.99000e+02	AbsError: 2.64815e+12
      Equation: "HoleContinuityEquation"	RelError: 9.99000e+02	AbsError: 1.67471e+13
      Equation: "PotentialEquation"	RelError: 1.71345e-01	AbsError: 6.83679e-02
Iteration: 13
  Device: "BenchmarkDiode"	RelError: 6.72785e+00	AbsError: 1.08758e+13
    Region: "SiRegion"	RelError: 6.72785e+00	AbsError: 1.08758e+13
      Equation: "ElectronContinuityEquation"	RelError: 9.98857e-01	AbsError: 1.80619e+11
      Equation: "HoleContinuityEquation"	RelError: 5.67329e+00	AbsError: 1.06952e+13
      Equation: "PotentialEquation"	RelError: 5.57082e-02	AbsError: 6.29604e-02
Iteration: 14
  Device: "BenchmarkDiode"	RelError: 1.00923e+03	AbsError: 6.72149e+12
    Region: "SiRegion"	RelError: 1.00923e+03	AbsError: 6.72149e+12
      Equation: "ElectronContinuityEquation"	RelError: 9.99000e+02	AbsError: 4.50032e+11
      Equation: "HoleContinuityEquation"	RelError: 1.01822e+01	AbsError: 6.27146e+12
      Equation: "PotentialEquation"	RelError: 4.73289e-02	AbsError: 5.67298e-02
Iteration: 15
  Device: "BenchmarkDiode"	RelError: 1.90804e+00	AbsError: 3.68776e+12
    Region: "SiRegion"	RelError: 1.90804e+00	AbsError: 3.68776e+12
      Equation: "ElectronContinuityEquation"	RelError: 9.98762e-01	AbsError: 5.52901e+11
      Equation: "HoleContinuityEquation"	RelError: 8.70052e-01	AbsError: 3.13486e+12
      Equation: "PotentialEquation"	RelError: 3.92297e-02	AbsError: 4.94491e-02
Iteration: 16
  Device: "BenchmarkDiode"	RelError: 6.01502e+00	AbsError: 1.40780e+12
    Region: "SiRegion"	RelError: 6.01502e+00	AbsError: 1.40780e+12
      Equation: "ElectronContinuityEquation"	RelError: 5.43891e+00	AbsError: 2.75123e+11
      Equation: "HoleContinuityEquation"	RelError: 5.45056e-01	AbsError: 1.13267e+12
      Equation: "PotentialEquation"	RelError: 3.10589e-02	AbsError: 4.08350e-02
Iteration: 17
  Device: "BenchmarkDiode"	RelError: 9.13261e-01	AbsError: 3.94558e+11
    Region: "SiRegion"	RelError: 9.13261e-01	AbsError: 3.94558e+11
      Equation: "ElectronContinuityEquation"	RelError: 7.48603e-01	AbsError: 6.25766e+10
      Equation: "HoleContinuityEquation"	RelError: 1.42153e-01	AbsError: 3.31982e+11
      Equation: "PotentialEquation"	RelError: 2.25055e-02	AbsError: 3.06228e-02
Iteration: 18
  Device: "BenchmarkDiode"	RelError: 4.00185e-01	AbsError: 1.10070e+11
    Region: "SiRegion"	RelError: 4.00185e-01	AbsError: 1.10070e+11
      Equation: "ElectronContinuityEquation"	RelError: 3.32661e-01	AbsError: 2.47492e+09
      Equation: "HoleContinuityEquation"	RelError: 4.82969e-02	AbsError: 1.07595e+11
      Equation: "PotentialEquation"	RelError: 1.92268e-02	AbsError: 2.58648e-02
Iteration: 19
  Device: "BenchmarkDiode"	RelError: 7.74170e-02	AbsError: 3.60590e+12
    Region: "SiRegion"	RelError: 7.74170e-02	AbsError: 3.60590e+12
      Equation: "ElectronContinuityEquation"	RelError: 6.95719e-02	AbsError: 2.99035e+10
      Equation: "HoleContinuityEquation"	RelError: 1.49526e-03	AbsError: 3.57600e+12
      Equation: "PotentialEquation"	RelError: 6.34985e-03	AbsError: 8.99934e-03
Iteration: 20
  Device: "BenchmarkDiode"	RelError: 2.07314e-02	AbsError: 3.61475e+12
    Region: "SiRegion"	RelError: 2.07314e-02	AbsError: 3.61475e+12
      Equation: "ElectronContinuityEquation"	RelError: 1.82158e-02	AbsError: 2.94168e+10
      Equation: "HoleContinuityEquation"	RelError: 5.76697e-04	AbsError: 3.58534e+12
      Equation: "PotentialEquation"	RelError: 1.93896e-03	AbsError: 7.51542e-06
Iteration: 21
  Device: "BenchmarkDiode"	RelError: 1.59130e-06	AbsError: 1.07756e+08
    Region: "SiRegion"	RelError: 1.59130e-06	AbsError: 1.07756e+08
      Equation: "ElectronContinuityEquation"	RelError: 1.48696e-06	AbsError: 1.06423e+06
      Equation: "HoleContinuityEquation"	RelError: 3.74669e-08	AbsError: 1.06692e+08
      Equation: "PotentialEquation"	RelError: 6.68741e-08	AbsError: 2.53784e-10
Iteration: 22
  Device: "BenchmarkDiode"	RelError: 3.09997e-14	AbsError: 6.71592e+01
    Region: "SiRegion"	RelError: 3.09997e-14	AbsError: 6.71592e+01
      Equation: "ElectronContinuityEquation"	RelError: 1.33137e-15	AbsError: 3.11436e+01
      Equation: "HoleContinuityEquation"	RelError: 1.20923e-15	AbsError: 3.60156e+01
      Equation: "PotentialEquation"	RelError: 2.84591e-14	AbsError: 1.44846e-16
Charge Relative Error 9.97545e-01
number of equations 5085
Iteration: 0
  Device: "BenchmarkDiode"	RelError: 7.33525e+02	AbsError: 2.66060e+13
    Region: "SiRegion"	RelError: 7.33525e+02	AbsError: 2.66060e+13
      Equation: "ElectronContinuityEquation"	RelError: 4.29007e+02	AbsError: 6.78388e+12
      Equation: "HoleContinuityEquation"	RelError: 3.04419e+02	AbsError: 1.98222e+13
      Equation: "PotentialEquation"	RelError: 9.80463e-02	AbsError: 5.17045e-04
Iteration: 1
  Device: "BenchmarkDiode"	RelError: 2.22962e+00	AbsError: 1.47984e+10
    Region: "SiRegion"	RelError: 2.22962e+00	AbsError: 1.47984e+10
      Equation: "ElectronContinuityEquation"	RelError: 1.96605e+00	AbsError: 1.26760e+09
      Equation: "HoleContinuityEquation"	RelError: 2.63472e-01	AbsError: 1.35308e+10
      Equation: "PotentialEquation"	RelError: 1.00175e-04	AbsError: 2.37092e-07
Iteration: 2
  Device: "BenchmarkDiode"	RelError: 4.41656e-06	AbsError: 1.06152e+04
    Region: "SiRegion"	RelError: 4.41656e-06	AbsError: 1.06152e+04
      Equation: "ElectronContinuityEquation"	RelError: 4.37270e-06	AbsError: 5.87381e+02
      Equation: "HoleContinuityEquation"	RelError: 4.38259e-08	AbsError: 1.00279e+04
      Equation: "PotentialEquation"	RelError: 2.98608e-11	AbsError: 1.18366e-13
Iteration: 3
  Device: "BenchmarkDiode"	RelError: 8.40524e-15	AbsError: 6.47475e+01
    Region: "SiRegion"	RelError: 8.40524e-15	AbsError: 6.47475e+01
      Equation: "ElectronContinuityEquation"	RelError: 1.30341e-15	AbsError: 2.09039e+01
      Equation: "HoleContinuityEquation"	RelError: 1.17887e-15	AbsError: 4.38437e+01
      Equation: "PotentialEquation"	RelError: 5.92297e-15	AbsError: 1.25314e-16
Charge Relative Error 1.00000e+00
number of equations 5085
Iteration: 0
  Device: "BenchmarkDiode"	RelError: 7.47126e+02	AbsError: 1.94259e+11
    Region: "SiRegion"	RelError: 7.47126e+02	AbsError: 1.94259e+11
      Equation: "ElectronContinuityEquation"	RelError: 4.95172e+02	AbsError: 1.16515e+10
      Equation: "HoleContinuityEquation"	RelError: 2.51953e+02	AbsError: 1.82608e+11
      Equation: "PotentialEquation"	RelError: 8.78668e-04	AbsError: 5.49249e-06
Iteration: 1
  Device: "BenchmarkDiode"	RelError: 1.52587e-02	AbsError: 1.50336e+06
    Region: "SiRegion"	RelError: 1.52587e-02	AbsError: 1.50336e+06
      Equation: "ElectronContinuityEquation"	RelError: 1.33176e-02	AbsError: 2.53794e+05
      Equation: "HoleContinuityEquation"	RelError: 1.94110e-03	AbsError: 1.24957e+06
      Equation: "PotentialEquation"	RelError: 1.47546e-08	AbsError: 2.76701e-11
Iteration: 2
  Device: "BenchmarkDiode"	RelError: 2.16809e-12	AbsError: 7.73488e+01
    Region: "SiRegion"	RelError: 2.16809e-12	AbsError: 7.73488e+01
      Equation: "ElectronContinuityEquation"	RelError: 2.07663e-12	AbsError: 3.30731e+01
      Equation: "HoleContinuityEquation"	RelError: 6.49001e-14	AbsError: 4.42757e+01
      Equation: "PotentialEquation"	RelError: 2.65585e-14	AbsError: 1.41152e-16
Charge Relative Error 1.00000e+00
number of equations 5085
Iteration: 0
  Device: "BenchmarkDiode"	RelError: 1.86480e+02	AbsError: 1.92137e+09
    Region: "SiRegion"	RelError: 1.86480e+02	AbsError: 1.92137e+09
      Equation: "ElectronContinuityEquation"	RelError: 8.07169e+01	AbsError: 1.18700e+08
      Equation: "HoleContinuityEquation"	RelError: 1.05763e+02	AbsError: 1.80267e+09
      Equation: "PotentialEquation"	RelError: 1.57563e-05	AbsError: 5.61711e-08
Iteration: 1
  Device: "BenchmarkDiode"	RelError: 5.51174e-05	AbsError: 1.69389e+02
    Region: "SiRegion"	RelError: 5.51174e-05	AbsError: 1.69389e+02
      Equation: "ElectronContinuityEquation"	RelError: 4.81735e-05	AbsError: 4.41717e+01
      Equation: "HoleContinuityEquation"	RelError: 6.94392e-06	AbsError: 1.25217e+02
      Equation: "PotentialEquation"	RelError: 1.89968e-12	AbsError: 2.98375e-15
Iteration: 2
  Device: "BenchmarkDiode"	RelError: 6.87628e-15	AbsError: 4.09651e+01
    Region: "SiRegion"	RelError: 6.87628e-15	AbsError: 4.09651e+01
      Equation: "ElectronContinuityEquation"	RelError: 2.51223e-15	AbsError: 2.25518e+01
      Equation: "HoleContinuityEquation"	RelError: 2.05580e-15	AbsError: 1.84133e+01
      Equation: "PotentialEquation"	RelError: 2.30824e-15	AbsError: 1.31691e-16
Charge Relative Error 9.99985e-01
number of equations 5085
Iteration: 0
  Device: "BenchmarkDiode"	RelError: 9.33903e+00	AbsError: 1.86903e+07
    Region: "SiRegion"	RelError: 9.33903e+00	AbsError: 1.86903e+07
      Equation: "ElectronContinuityEquation"	RelError: 7.39502e-01	AbsError: 1.89036e+06
      Equation: "HoleContinuityEquation"	RelError: 8.59953e+00	AbsError: 1.67999e+07
      Equation: "PotentialEquation"	RelError: 1.67709e-07	AbsError: 5.08824e-10
Iteration: 1
  Device: "BenchmarkDiode"	RelError: 7.75830e-09	AbsError: 7.48178e+01
    Region: "SiRegion"	RelError: 7.75830e-09	AbsError: 7.48178e+01
      Equation: "ElectronContinuityEquation"	RelError: 3.99529e-09	AbsError: 3.58385e+01
      Equation: "HoleContinuityEquation"	RelError: 3.76300e-09	AbsError: 3.89793e+01
      Equation: "PotentialEquation"	RelError: 4.95667e-15	AbsError: 1.16200e-16
Iteration: 2
  Device: "BenchmarkDiode"	RelError: 5.36207e-15	AbsError: 3.59978e+01
    Region: "SiRegion"	RelError: 5.36207e-15	AbsError: 3.59978e+01
      Equation: "ElectronContinuityEquation"	RelError: 1.38247e-15	AbsError: 2.14160e+01
      Equation: "HoleContinuityEquation"	RelError: 1.26594e-15	AbsError: 1.45818e+01
      Equation: "PotentialEquation"	RelError: 2.71366e-15	AbsError: 1.16736e-16
Charge Relative Error 9.97743e-01
number of equations 5085
Iteration: 0
  Device: "BenchmarkDiode"	RelError: 2.43841e-01	AbsError: 1.62557e+05
    Region: "SiRegion"	RelError: 2.43841e-01	AbsError: 1.62557e+05
      Equation: "ElectronContinuityEquation"	RelError: 8.18031e-03	AbsError: 1.86700e+04
      Equation: "HoleContinuityEquation"	RelError: 2.35661e-01	AbsError: 1.43887e+05
      Equation: "PotentialEquation"	RelError: 1.46099e-09	AbsError: 4.16915e-12
Iteration: 1
  Device: "BenchmarkDiode"	RelError: 1.11758e-12	AbsError: 6.96999e+01
    Region: "SiRegion"	RelError: 1.11758e-12	AbsError: 6.96999e+01
      Equation: "ElectronContinuityEquation"	RelError: 2.58298e-13	AbsError: 4.25465e+01
      Equation: "HoleContinuityEquation"	RelError: 8.34468e-13	AbsError: 2.71535e+01
      Equation: "PotentialEquation"	RelError: 2.48096e-14	AbsError: 1.31639e-16
Charge Relative Error 6.55882e-01
number of equations 5085
Iteration: 0
  Device: "BenchmarkDiode"	RelError: 5.63332e-03	AbsError: 1.30208e+03
    Region: "SiRegion"	RelError: 5.63332e-03	AbsError: 1.30208e+03
      Equation: "ElectronContinuityEquation"	RelError: 9.64881e-05	AbsError: 1.59210e+02
      Equation: "HoleContinuityEquation"	RelError: 5.53683e-03	AbsError: 1.14287e+03
      Equation: "PotentialEquation"	RelError: 1.14887e-11	AbsError: 3.17798e-14
Iteration: 1
  Device: "BenchmarkDiode"	RelError: 6.03698e-15	AbsError: 4.59048e+01
    Region: "SiRegion"	RelError: 6.03698e-15	AbsError: 4.59048e+01
      Equation: "ElectronContinuityEquation"	RelError: 1.51718e-15	AbsError: 2.58561e+01
      Equation: "HoleContinuityEquation"	RelError: 2.14198e-15	AbsError: 2.00487e+01
      Equation: "PotentialEquation"	RelError: 2.37782e-15	AbsError: 1.13275e-16
Charge Relative Error 3.60917e-03
number of equations 5085
Iteration: 0
  Device: "BenchmarkDiode"	RelError: 1.31271e-04	AbsError: 3.15034e+01
    Region: "SiRegion"	RelError: 1.31271e-04	AbsError: 3.15034e+01
      Equation: "ElectronContinuityEquation"	RelError: 1.14679e-06	AbsError: 1.55835e+01
      Equation: "HoleContinuityEquation"	RelError: 1.30124e-04	AbsError: 1.59199e+01
      Equation: "PotentialEquation"	RelError: 8.78320e-14	AbsError: 3.25818e-16
Iteration: 1
  Device: "BenchmarkDiode"	RelError: 9.09825e-15	AbsError: 2.56799e+01
    Region: "SiRegion"	RelError: 9.09825e-15	AbsError: 2.56799e+01
      Equation: "ElectronContinuityEquation"	RelError: 2.48663e-15	AbsError: 1.77510e+01
      Equation: "HoleContinuityEquation"	RelError: 2.64767e-15	AbsError: 7.92894e+00
      Equation: "PotentialEquation"	RelError: 3.96395e-15	AbsError: 1.11022e-16
Charge Relative Error 2.34112e-05
number of equations 5085
Iteration: 0
  Device: "BenchmarkDiode"	RelError: 3.07409e-06	AbsError: 2.78885e+01
    Region: "SiRegion"	RelError: 3.07409e-06	AbsError: 2.78885e+01
      Equation: "ElectronContinuityEquation"	RelError: 1.36450e-08	AbsError: 1.99498e+01
      Equation: "HoleContinuityEquation"	RelError: 3.06044e-06	AbsError: 7.93865e+00
      Equation: "PotentialEquation"	RelError: 1.07909e-14	AbsError: 1.11022e-16
Iteration: 1
  Device: "BenchmarkDiode"	RelError: 1.43304e-14	AbsError: 2.16538e+01
    Region: "SiRegion"	RelError: 1.43304e-14	AbsError: 2.16538e+01
      Equation: "ElectronContinuityEquation"	RelError: 1.65054e-15	AbsError: 1.36588e+01
      Equation: "HoleContinuityEquation"	RelError: 3.12926e-15	AbsError: 7.99507e+00
      Equation: "PotentialEquation"	RelError: 9.55055e-15	AbsError: 1.13753e-16
Charge Relative Error 1.61873e-07
number of equations 5085
Iteration: 0
  Device: "BenchmarkDiode"	RelError: 7.21533e-08	AbsError: 2.79350e+01
    Region: "SiRegion"	RelError: 7.21533e-08	AbsError: 2.79350e+01
      Equation: "ElectronContinuityEquation"	RelError: 1.62387e-10	AbsError: 2.00048e+01
      Equation: "HoleContinuityEquation"	RelError: 7.19909e-08	AbsError: 7.93022e+00
      Equation: "PotentialEquation"	RelError: 9.47402e-15	AbsError: 1.13888e-16
Iteration: 1
  Device: "BenchmarkDiode"	RelError: 1.96439e-14	AbsError: 2.16769e+01
    Region: "SiRegion"	RelError: 1.96439e-14	AbsError: 2.16769e+01
      Equation: "ElectronContinuityEquation"	RelError: 2.20992e-15	AbsError: 1.37296e+01
      Equation: "HoleContinuityEquation"	RelError: 1.35594e-15	AbsError: 7.94728e+00
      Equation: "PotentialEquation"	RelError: 1.60780e-14	AbsError: 1.13605e-16
Charge Relative Error 4.57916e-09
number of equations 5085
Iteration: 0
  Device: "BenchmarkDiode"	RelError: 1.69546e-09	AbsError: 3.08402e+01
    Region: "SiRegion"	RelError: 1.69546e-09	AbsError: 3.08402e+01
      Equation: "ElectronContinuityEquation"	RelError: 1.93365e-12	AbsError: 2.28694e+01
      Equation: "HoleContinuityEquation"	RelError: 1.69350e-09	AbsError: 7.97083e+00
      Equation: "PotentialEquation"	RelError: 2.39285e-14	AbsError: 1.13553e-16
Iteration: 1
  Device: "BenchmarkDiode"	RelError: 2.48522e-14	AbsError: 2.26774e+01
    Region: "SiRegion"	RelError: 2.48522e-14	AbsError: 2.26774e+01
      Equation: "ElectronContinuityEquation"	RelError: 2.92110e-15	AbsError: 1.47485e+01
      Equation: "HoleContinuityEquation"	RelError: 3.07891e-15	AbsError: 7.92893e+00
      Equation: "PotentialEquation"	RelError: 1.88522e-14	AbsError: 1.12582e-16
Charge Relative Error 4.57916e-09
number of equations 5085
Iteration: 0
  Device: "BenchmarkDiode"	RelError: 3.98712e-11	AbsError: 2.79325e+01
    Region: "SiRegion"	RelError: 3.98712e-11	AbsError: 2.79325e+01
      Equation: "ElectronContinuityEquation"	RelError: 2.40420e-14	AbsError: 1.99982e+01
      Equation: "HoleContinuityEquation"	RelError: 3.98371e-11	AbsError: 7.93436e+00
      Equation: "PotentialEquation"	RelError: 1.00133e-14	AbsError: 1.12698e-16
Charge Relative Error 4.57916e-09
number of equations 5085
Iteration: 0
  Device: "BenchmarkDiode"	RelError: 9.50853e-13	AbsError: 2.16966e+01
    Region: "SiRegion"	RelError: 9.50853e-13	AbsError: 2.16966e+01
      Equation: "ElectronContinuityEquation"	RelError: 1.15681e-15	AbsError: 1.37530e+01
      Equation: "HoleContinuityEquation"	RelError: 9.37142e-13	AbsError: 7.94366e+00
      Equation: "PotentialEquation"	RelError: 1.25543e-14	AbsError: 1.12574e-16
Charge Relative Error 4.57916e-09
number of equations 5085
Iteration: 0
  Device: "BenchmarkDiode"	RelError: 3.51797e-14	AbsError: 2.79532e+01
    Region: "SiRegion"	RelError: 3.51797e-14	AbsError: 2.79532e+01
      Equation: "ElectronContinuityEquation"	RelError: 1.42215e-15	AbsError: 1.99699e+01
      Equation: "HoleContinuityEquation"	RelError: 2.22109e-14	AbsError: 7.98330e+00
      Equation: "PotentialEquation"	RelError: 1.15466e-14	AbsError: 1.11886e-16
Charge Relative Error 4.57916e-09
number of equations 5085
Iteration: 0
  Device: "BenchmarkDiode"	RelError: 1.25074e-14	AbsError: 2.15902e+01
    Region: "SiRegion"	RelError: 1.25074e-14	AbsError: 2.15902e+01
      Equation: "ElectronContinuityEquation"	RelError: 1.27319e-15	AbsError: 1.36613e+01
      Equation: "HoleContinuityEquation"	RelError: 2.71477e-15	AbsError: 7.92893e+00
      Equation: "PotentialEquation"	RelError: 8.51944e-15	AbsError: 1.12834e-16
Charge Relative Error 4.57916e-09
number of equations 5085
Iteration: 0
  Device: "BenchmarkDiode"	RelError: 1.64502e-14	AbsError: 2.78892e+01
    Region: "SiRegion"	RelError: 1.64502e-14	AbsError: 2.78892e+01
      Equation: "ElectronContinuityEquation"	RelError: 1.59259e-15	AbsError: 1.99548e+01
      Equation: "HoleContinuityEquation"	RelError: 1.73826e-15	AbsError: 7.93441e+00
      Equation: "PotentialEquation"	RelError: 1.31194e-14	AbsError: 1.11022e-16
Charge Relative Error 4.57916e-09
number of equations 5085
Iteration: 0
  Device: "BenchmarkDiode"	RelError: 1.71292e-14	AbsError: 2.16064e+01
    Region: "SiRegion"	RelError: 1.71292e-14	AbsError: 2.16064e+01
      Equation: "ElectronContinuityEquation"	RelError: 1.39405e-15	AbsError: 1.36635e+01
      Equation: "HoleContinuityEquation"	RelError: 9.48347e-16	AbsError: 7.94295e+00
      Equation: "PotentialEquation"	RelError: 1.47868e-14	AbsError: 1.12310e-16
Charge Relative Error 4.57916e-09
number of equations 5085
Iteration: 0
  Device: "BenchmarkDiode"	RelError: 1.42143e-14	AbsError: 2.79582e+01
    Region: "SiRegion"	RelError: 1.42143e-14	AbsError: 2.79582e+01
      Equation: "ElectronContinuityEquation"	RelError: 1.83953e-15	AbsError: 1.99743e+01
      Equation: "HoleContinuityEquation"	RelError: 1.64425e-15	AbsError: 7.98388e+00
      Equation: "PotentialEquation"	RelError: 1.07305e-14	AbsError: 1.11947e-16
Charge Relative Error 4.57916e-09
number of equations 5085
Iteration: 0
  Device: "BenchmarkDiode"	RelError: 1.47662e-14	AbsError: 2.15915e+01
    Region: "SiRegion"	RelError: 1.47662e-14	AbsError: 2.15915e+01
      Equation: "ElectronContinuityEquation"	RelError: 2.34662e-15	AbsError: 1.36625e+01
      Equation: "HoleContinuityEquation"	RelError: 2.92102e-15	AbsError: 7.92893e+00
      Equation: "PotentialEquation"	RelError: 9.49855e-15	AbsError: 1.12729e-16
Charge Relative Error 4.57916e-09
number of equations 5085
Iteration: 0
  Device: "BenchmarkDiode"	RelError: 1.29777e-14	AbsError: 2.79296e+01
    Region: "SiRegion"	RelError: 1.29777e-14	AbsError: 2.79296e+01
      Equation: "ElectronContinuityEquation"	RelError: 2.26041e-15	AbsError: 1.99952e+01
      Equation: "HoleContinuityEquation"	RelError: 2.13012e-15	AbsError: 7.93447e+00
      Equation: "PotentialEquation"	RelError: 8.58720e-15	AbsError: 1.11022e-16
Charge Relative Error 4.57916e-09
number of equations 5085
Iteration: 0
  Device: "BenchmarkDiode"	RelError: 1.21189e-14	AbsError: 2.19660e+01
    Region: "SiRegion"	RelError: 1.21189e-14	AbsError: 2.19660e+01
      Equation: "ElectronContinuityEquation"	RelError: 1.36537e-15	AbsError: 1.40226e+01
      Equation: "HoleContinuityEquation"	RelError: 1.79476e-15	AbsError: 7.94347e+00
      Equation: "PotentialEquation"	RelError: 8.95875e-15	AbsError: 1.12457e-16
Charge Relative Error 4.57916e-09
number of equations 5085
Iteration: 0
  Device: "BenchmarkDiode"	RelError: 1.53400e-14	AbsError: 2.79363e+01
    Region: "SiRegion"	RelError: 1.53400e-14	AbsError: 2.79363e+01
      Equation: "ElectronContinuityEquation"	RelError: 1.22126e-15	AbsError: 1.99530e+01
      Equation: "HoleContinuityEquation"	RelError: 2.41275e-15	AbsError: 7.98338e+00
      Equation: "PotentialEquation"	RelError: 1.17060e-14	AbsError: 1.11894e-16
Charge Relative Error 4.57916e-09
number of equations 5085
Iteration: 0
  Device: "BenchmarkDiode"	RelError: 1.39632e-14	AbsError: 2.15870e+01
    Region: "SiRegion"	RelError: 1.39632e-14	AbsError: 2.15870e+01
      Equation: "ElectronContinuityEquation"	RelError: 1.35330e-15	AbsError: 1.36580e+01
      Equation: "HoleContinuityEquation"	RelError: 2.95523e-15	AbsError: 7.92893e+00
      Equation: "PotentialEquation"	RelError: 9.65469e-15	AbsError: 1.12849e-16
Charge Relative Error 4.57916e-09
number of equations 5085
Iteration: 0
  Device: "BenchmarkDiode"	RelError: 1.30030e-14	AbsError: 2.79426e+01
    Region: "SiRegion"	RelError: 1.30030e-14	AbsError: 2.79426e+01
      Equation: "ElectronContinuityEquation"	RelError: 1.57701e-15	AbsError: 2.00079e+01
      Equation: "HoleContinuityEquation"	RelError: 3.01526e-15	AbsError: 7.93469e+00
      Equation: "PotentialEquation"	RelError: 8.41076e-15	AbsError: 1.11022e-16
Charge Relative Error 4.57916e-09
number of equations 5085
Iteration: 0
  Device: "BenchmarkDiode"	RelError: 1.75479e-14	AbsError: 2.16728e+01
    Region: "SiRegion"	RelError: 1.75479e-14	AbsError: 2.16728e+01
      Equation: "ElectronContinuityEquation"	RelError: 1.05124e-15	AbsError: 1.37294e+01
      Equation: "HoleContinuityEquation"	RelError: 2.24712e-15	AbsError: 7.94339e+00
      Equation: "PotentialEquation"	RelError: 1.42495e-14	AbsError: 1.12680e-16
Charge Relative Error 4.57916e-09
number of equations 5085
Iteration: 0
  Device: "BenchmarkDiode"	RelError: 2.37732e-14	AbsError: 3.11998e+01
    Region: "SiRegion"	RelError: 2.37732e-14	AbsError: 3.11998e+01
      Equation: "ElectronContinuityEquation"	RelError: 1.20543e-15	AbsError: 2.32171e+01
      Equation: "HoleContinuityEquation"	RelError: 1.61705e-15	AbsError: 7.98265e+00
      Equation: "PotentialEquation"	RelError: 2.09507e-14	AbsError: 1.12113e-16
Charge Relative Error 4.57916e-09
number of equations 5085
Iteration: 0
  Device: "BenchmarkDiode"	RelError: 2.91294e-14	AbsError: 2.16410e+01
    Region: "SiRegion"	RelError: 2.91294e-14	AbsError: 2.16410e+01
      Equation: "ElectronContinuityEquation"	RelError: 2.76671e-15	AbsError: 1.37120e+01
      Equation: "HoleContinuityEquation"	RelError: 1.77285e-15	AbsError: 7.92893e+00
      Equation: "PotentialEquation"	RelError: 2.45898e-14	AbsError: 1.12718e-16
Charge Relative Error 4.57916e-09
number of equations 5085
Iteration: 0
  Device: "BenchmarkDiode"	RelError: 2.54073e-14	AbsError: 2.79027e+01
    Region: "SiRegion"	RelError: 2.54073e-14	AbsError: 2.79027e+01
      Equation: "ElectronContinuityEquation"	RelError: 2.73152e-15	AbsError: 1.99689e+01
      Equation: "HoleContinuityEquation"	RelError: 1.80184e-15	AbsError: 7.93379e+00
      Equation: "PotentialEquation"	RelError: 2.08739e-14	AbsError: 1.13595e-16
Charge Relative Error 4.57916e-09
number of equations 5085
Iteration: 0
  Device: "BenchmarkDiode"	RelError: 1.70808e-14	AbsError: 2.16037e+01
    Region: "SiRegion"	RelError: 1.70808e-14	AbsError: 2.16037e+01
      Equation: "ElectronContinuityEquation"	RelError: 1.73308e-15	AbsError: 1.36606e+01
      Equation: "HoleContinuityEquation"	RelError: 1.87958e-15	AbsError: 7.94309e+00
      Equation: "PotentialEquation"	RelError: 1.34682e-14	AbsError: 1.12101e-16
Charge Relative Error 4.57916e-09
number of equations 5085
Iteration: 0
  Device: "BenchmarkDiode"	RelError: 1.28461e-14	AbsError: 2.79855e+01
    Region: "SiRegion"	RelError: 1.28461e-14	AbsError: 2.79855e+01
      Equation: "ElectronContinuityEquation"	RelError: 1.56779e-15	AbsError: 2.00018e+01
      Equation: "HoleContinuityEquation"	RelError: 1.81545e-15	AbsError: 7.98371e+00
      Equation: "PotentialEquation"	RelError: 9.46284e-15	AbsError: 1.11926e-16
Charge Relative Error 4.57916e-09
number of equations 5085
Iteration: 0
  Device: "BenchmarkDiode"	RelError: 1.24452e-14	AbsError: 2.19078e+01
    Region: "SiRegion"	RelError: 1.24452e-14	AbsError: 2.19078e+01
      Equation: "ElectronContinuityEquation"	RelError: 1.08541e-15	AbsError: 1.39789e+01
      Equation: "HoleContinuityEquation"	RelError: 1.74386e-15	AbsError: 7.92893e+00
      Equation: "PotentialEquation"	RelError: 9.61597e-15	AbsError: 1.12756e-16
Charge Relative Error 4.57916e-09
number of equations 5085
Iteration: 0
  Device: "BenchmarkDiode"	RelError: 1.26514e-14	AbsError: 2.79073e+01
    Region: "SiRegion"	RelError: 1.26514e-14	AbsError: 2.79073e+01
      Equation: "ElectronContinuityEquation"	RelError: 1.34119e-15	AbsError: 1.99723e+01
      Equation: "HoleContinuityEquation"	RelError: 2.11748e-15	AbsError: 7.93497e+00
      Equation: "PotentialEquation"	RelError: 9.19269e-15	AbsError: 1.11022e-16
Charge Relative Error 4.57916e-09
number of equations 5085
Iteration: 0
  Device: "BenchmarkDiode"	RelError: 1.05236e-14	AbsError: 2.16033e+01
    Region: "SiRegion"	RelError: 1.05236e-14	AbsError: 2.16033e+01
      Equation: "ElectronContinuityEquation"	RelError: 1.41544e-15	AbsError: 1.36606e+01
      Equation: "HoleContinuityEquation"	RelError: 2.14828e-15	AbsError: 7.94264e+00
      Equation: "PotentialEquation"	RelError: 6.95993e-15	AbsError: 1.11986e-16
Charge Relative Error 4.57916e-09
number of equations 5085
Iteration: 0
  Device: "BenchmarkDiode"	RelError: 1.32595e-14	AbsError: 2.79415e+01
    Region: "SiRegion"	RelError: 1.32595e-14	AbsError: 2.79415e+01
      Equation: "ElectronContinuityEquation"	RelError: 1.53343e-15	AbsError: 1.99582e+01
      Equation: "HoleContinuityEquation"	RelError: 1.07794e-15	AbsError: 7.98333e+00
      Equation: "PotentialEquation"	RelError: 1.06481e-14	AbsError: 1.11893e-16
Charge Relative Error 4.57916e-09
number of equations 5085
Iteration: 0
  Device: "BenchmarkDiode"	RelError: 1.61328e-14	AbsError: 2.15921e+01
    Region: "SiRegion"	RelError: 1.61328e-14	AbsError: 2.15921e+01
      Equation: "ElectronContinuityEquation"	RelError: 1.58856e-15	AbsError: 1.36632e+01
      Equation: "HoleContinuityEquation"	RelError: 1.18898e-15	AbsError: 7.92893e+00
      Equation: "PotentialEquation"	RelError: 1.33552e-14	AbsError: 1.12785e-16
Charge Relative Error 4.57916e-09
number of equations 5085
Iteration: 0
  Device: "BenchmarkDiode"	RelError: 1.34232e-14	AbsError: 2.79090e+01
    Region: "SiRegion"	RelError: 1.34232e-14	AbsError: 2.79090e+01
      Equation: "ElectronContinuityEquation"	RelError: 1.01518e-15	AbsError: 1.99746e+01
      Equation: "HoleContinuityEquation"	RelError: 1.30344e-15	AbsError: 7.93441e+00
      Equation: "PotentialEquation"	RelError: 1.11046e-14	AbsError: 1.11022e-16
Charge Relative Error 4.57916e-09
number of equations 5085
Iteration: 0
  Device: "BenchmarkDiode"	RelError: 1.42099e-14	AbsError: 2.16059e+01
    Region: "SiRegion"	RelError: 1.42099e-14	AbsError: 2.16059e+01
      Equation: "ElectronContinuityEquation"	RelError: 1.83039e-15	AbsError: 1.36627e+01
      Equation: "HoleContinuityEquation"	RelError: 1.73973e-15	AbsError: 7.94323e+00
      Equation: "PotentialEquation"	RelError: 1.06397e-14	AbsError: 1.12229e-16
Charge Relative Error 4.57916e-09
number of equations 5085
Iteration: 0
  Device: "BenchmarkDiode"	RelError: 1.33609e-14	AbsError: 2.79787e+01
    Region: "SiRegion"	RelError: 1.33609e-14	AbsError: 2.79787e+01
      Equation: "ElectronContinuityEquation"	RelError: 1.87075e-15	AbsError: 1.99950e+01
      Equation: "HoleContinuityEquation"	RelError: 2.60885e-15	AbsError: 7.98366e+00
      Equation: "PotentialEquation"	RelError: 8.88126e-15	AbsError: 1.11921e-16
Charge Relative Error 4.57916e-09
number of equations 5085
Iteration: 0
  Device: "BenchmarkDiode"	RelError: 1.24803e-14	AbsError: 2.19450e+01
    Region: "SiRegion"	RelError: 1.24803e-14	AbsError: 2.19450e+01
      Equation: "ElectronContinuityEquation"	RelError: 1.17819e-15	AbsError: 1.40161e+01
      Equation: "HoleContinuityEquation"	RelError: 2.58929e-15	AbsError: 7.92893e+00
      Equation: "PotentialEquation"	RelError: 8.71284e-15	AbsError: 1.12757e-16
Charge Relative Error 4.57916e-09
number of equations 5085
Iteration: 0
  Device: "BenchmarkDiode"	RelError: 1.44199e-14	AbsError: 2.78876e+01
    Region: "SiRegion"	RelError: 1.44199e-14	AbsError: 2.78876e+01
      Equation: "ElectronContinuityEquation"	RelError: 1.38415e-15	AbsError: 1.99531e+01
      Equation: "HoleContinuityEquation"	RelError: 2.32760e-15	AbsError: 7.93456e+00
      Equation: "PotentialEquation"	RelError: 1.07081e-14	AbsError: 1.11022e-16
Charge Relative Error 4.57916e-09
number of equations 5085
Iteration: 0
  Device: "BenchmarkDiode"	RelError: 1.29177e-14	AbsError: 2.16007e+01
    Region: "SiRegion"	RelError: 1.29177e-14	AbsError: 2.16007e+01
      Equation: "ElectronContinuityEquation"	RelError: 1.46082e-15	AbsError: 1.36581e+01
      Equation: "HoleContinuityEquation"	RelError: 1.64969e-15	AbsError: 7.94255e+00
      Equation: "PotentialEquation"	RelError: 9.80720e-15	AbsError: 1.11912e-16
Charge Relative Error 4.57916e-09
number of equations 5085
Iteration: 0
  Device: "BenchmarkDiode"	RelError: 1.19101e-14	AbsError: 2.79912e+01
    Region: "SiRegion"	RelError: 1.19101e-14	AbsError: 2.79912e+01
      Equation: "ElectronContinuityEquation"	RelError: 1.57684e-15	AbsError: 2.00077e+01
      Equation: "HoleContinuityEquation"	RelError: 9.89235e-16	AbsError: 7.98356e+00
      Equation: "PotentialEquation"	RelError: 9.34401e-15	AbsError: 1.11915e-16
Charge Relative Error 4.57916e-09
number of equations 5085
Iteration: 0
  Device: "BenchmarkDiode"	RelError: 1.78050e-14	AbsError: 2.16584e+01
    Region: "SiRegion"	RelError: 1.78050e-14	AbsError: 2.16584e+01
      Equation: "ElectronContinuityEquation"	RelError: 1.18022e-15	AbsError: 1.37294e+01
      Equation: "HoleContinuityEquation"	RelError: 2.39504e-15	AbsError: 7.92893e+00
      Equation: "PotentialEquation"	RelError: 1.42297e-14	AbsError: 1.12797e-16
Charge Relative Error 4.57916e-09
number of equations 5085
Iteration: 0
  Device: "BenchmarkDiode"	RelError: 2.54221e-14	AbsError: 3.11482e+01
    Region: "SiRegion"	RelError: 2.54221e-14	AbsError: 3.11482e+01
      Equation: "ElectronContinuityEquation"	RelError: 2.21442e-15	AbsError: 2.32148e+01
      Equation: "HoleContinuityEquation"	RelError: 2.09235e-15	AbsError: 7.93342e+00
      Equation: "PotentialEquation"	RelError: 2.11153e-14	AbsError: 1.11022e-16
Charge Relative Error 4.57916e-09
number of equations 5085
Iteration: 0
  Device: "BenchmarkDiode"	RelError: 2.87290e-14	AbsError: 2.16484e+01
    Region: "SiRegion"	RelError: 2.87290e-14	AbsError: 2.16484e+01
      Equation: "ElectronContinuityEquation"	RelError: 2.73469e-15	AbsError: 1.37040e+01
      Equation: "HoleContinuityEquation"	RelError: 1.68051e-15	AbsError: 7.94436e+00
      Equation: "PotentialEquation"	RelError: 2.43138e-14	AbsError: 1.13174e-16
Charge Relative Error 4.57916e-09
number of equations 5085
Iteration: 0
  Device: "BenchmarkDiode"	RelError: 2.31207e-14	AbsError: 2.79519e+01
    Region: "SiRegion"	RelError: 2.31207e-14	AbsError: 2.79519e+01
      Equation: "ElectronContinuityEquation"	RelError: 2.54541e-15	AbsError: 1.99693e+01
      Equation: "HoleContinuityEquation"	RelError: 1.41269e-15	AbsError: 7.98262e+00
      Equation: "PotentialEquation"	RelError: 1.91626e-14	AbsError: 1.11953e-16
Charge Relative Error 4.57916e-09
number of equations 5085
Iteration: 0
  Device: "BenchmarkDiode"	RelError: 1.25601e-14	AbsError: 2.15886e+01
    Region: "SiRegion"	RelError: 1.25601e-14	AbsError: 2.15886e+01
      Equation: "ElectronContinuityEquation"	RelError: 1.38147e-15	AbsError: 1.36597e+01
      Equation: "HoleContinuityEquation"	RelError: 9.17113e-16	AbsError: 7.92893e+00
      Equation: "PotentialEquation"	RelError: 1.02615e-14	AbsError: 1.12886e-16
Charge Relative Error 4.57916e-09
number of equations 5085
Iteration: 0
  Device: "BenchmarkDiode"	RelError: 1.16219e-14	AbsError: 2.79207e+01
    Region: "SiRegion"	RelError: 1.16219e-14	AbsError: 2.79207e+01
      Equation: "ElectronContinuityEquation"	RelError: 8.87222e-16	AbsError: 1.99858e+01
      Equation: "HoleContinuityEquation"	RelError: 1.20322e-15	AbsError: 7.93492e+00
      Equation: "PotentialEquation"	RelError: 9.53151e-15	AbsError: 1.11022e-16
Charge Relative Error 4.57916e-09
number of equations 5085
Iteration: 0
  Device: "BenchmarkDiode"	RelError: 1.52071e-14	AbsError: 2.16065e+01
    Region: "SiRegion"	RelError: 1.52071e-14	AbsError: 2.16065e+01
      Equation: "ElectronContinuityEquation"	RelError: 1.84302e-15	AbsError: 1.36635e+01
      Equation: "HoleContinuityEquation"	RelError: 1.75617e-15	AbsError: 7.94301e+00
      Equation: "PotentialEquation"	RelError: 1.16079e-14	AbsError: 1.12207e-16
Charge Relative Error 4.57916e-09
number of equations 5085
Iteration: 0
  Device: "BenchmarkDiode"	RelError: 1.73409e-14	AbsError: 2.79175e+01
    Region: "SiRegion"	RelError: 1.73409e-14	AbsError: 2.79175e+01
      Equation: "ElectronContinuityEquation"	RelError: 2.01974e-15	AbsError: 1.99340e+01
      Equation: "HoleContinuityEquation"	RelError: 1.65290e-15	AbsError: 7.98348e+00
      Equation: "PotentialEquation"	RelError: 1.36683e-14	AbsError: 1.11908e-16
Charge Relative Error 4.57916e-09
number of equations 5085
Iteration: 0
  Device: "BenchmarkDiode"	RelError: 1.30297e-14	AbsError: 2.15878e+01
    Region: "SiRegion"	RelError: 1.30297e-14	AbsError: 2.15878e+01
      Equation: "ElectronContinuityEquation"	RelError: 1.68560e-15	AbsError: 1.36588e+01
      Equation: "HoleContinuityEquation"	RelError: 1.96197e-15	AbsError: 7.92893e+00
      Equation: "PotentialEquation"	RelError: 9.38212e-15	AbsError: 1.12845e-16
Charge Relative Error 4.57916e-09
recovery_ifixed_tau_1e-06_dt_2e-09_mesh_2e-07: Vf=4.257e-01 V, If=1.000e-03 A, Qrr=4.211e-09 C, Qstored=6.345e-09 C, elapsed=3.21s
p_i
i_n
bot
 (region: SiRegion)
 (contact: top)
 (contact: bot)
number of equations 1695
Iteration: 0
  Device: "BenchmarkDiode"	RelError: 1.00000e+00	AbsError: 1.63902e-01
    Region: "SiRegion"	RelError: 1.00000e+00	AbsError: 1.63902e-01
      Equation: "PotentialEquation"	RelError: 1.00000e+00	AbsError: 1.63902e-01
Iteration: 1
  Device: "BenchmarkDiode"	RelError: 4.97944e-01	AbsError: 1.62430e-01
    Region: "SiRegion"	RelError: 4.97944e-01	AbsError: 1.62430e-01
      Equation: "PotentialEquation"	RelError: 4.97944e-01	AbsError: 1.62430e-01
Iteration: 2
  Device: "BenchmarkDiode"	RelError: 2.39824e+01	AbsError: 1.03408e-01
    Region: "SiRegion"	RelError: 2.39824e+01	AbsError: 1.03408e-01
      Equation: "PotentialEquation"	RelError: 2.39824e+01	AbsError: 1.03408e-01
Iteration: 3
  Device: "BenchmarkDiode"	RelError: 1.53991e+01	AbsError: 5.73651e-02
    Region: "SiRegion"	RelError: 1.53991e+01	AbsError: 5.73651e-02
      Equation: "PotentialEquation"	RelError: 1.53991e+01	AbsError: 5.73651e-02
Iteration: 4
  Device: "BenchmarkDiode"	RelError: 5.98642e+00	AbsError: 5.01960e-02
    Region: "SiRegion"	RelError: 5.98642e+00	AbsError: 5.01960e-02
      Equation: "PotentialEquation"	RelError: 5.98642e+00	AbsError: 5.01960e-02
Iteration: 5
  Device: "BenchmarkDiode"	RelError: 2.30820e+00	AbsError: 4.17220e-02
    Region: "SiRegion"	RelError: 2.30820e+00	AbsError: 4.17220e-02
      Equation: "PotentialEquation"	RelError: 2.30820e+00	AbsError: 4.17220e-02
Iteration: 6
  Device: "BenchmarkDiode"	RelError: 1.27440e+00	AbsError: 3.16681e-02
    Region: "SiRegion"	RelError: 1.27440e+00	AbsError: 3.16681e-02
      Equation: "PotentialEquation"	RelError: 1.27440e+00	AbsError: 3.16681e-02
Iteration: 7
  Device: "BenchmarkDiode"	RelError: 3.45009e-01	AbsError: 2.38740e-02
    Region: "SiRegion"	RelError: 3.45009e-01	AbsError: 2.38740e-02
      Equation: "PotentialEquation"	RelError: 3.45009e-01	AbsError: 2.38740e-02
Iteration: 8
  Device: "BenchmarkDiode"	RelError: 2.46584e-02	AbsError: 1.02888e-02
    Region: "SiRegion"	RelError: 2.46584e-02	AbsError: 1.02888e-02
      Equation: "PotentialEquation"	RelError: 2.46584e-02	AbsError: 1.02888e-02
Iteration: 9
  Device: "BenchmarkDiode"	RelError: 1.38055e-05	AbsError: 5.76038e-06
    Region: "SiRegion"	RelError: 1.38055e-05	AbsError: 5.76038e-06
      Equation: "PotentialEquation"	RelError: 1.38055e-05	AbsError: 5.76038e-06
Iteration: 10
  Device: "BenchmarkDiode"	RelError: 1.83872e-10	AbsError: 7.67209e-11
    Region: "SiRegion"	RelError: 1.83872e-10	AbsError: 7.67209e-11
      Equation: "PotentialEquation"	RelError: 1.83872e-10	AbsError: 7.67209e-11
Iteration: 11
  Device: "BenchmarkDiode"	RelError: 4.22940e-15	AbsError: 3.95529e-17
    Region: "SiRegion"	RelError: 4.22940e-15	AbsError: 3.95529e-17
      Equation: "PotentialEquation"	RelError: 4.22940e-15	AbsError: 3.95529e-17
Warning: Replacing equation with equation of the same name.
Region: SiRegion, Equation: PotentialEquation, Variable: Potential
number of equations 5085
Iteration: 0
  Device: "BenchmarkDiode"	RelError: 1.81125e-13	AbsError: 1.00800e+03
    Region: "SiRegion"	RelError: 1.81125e-13	AbsError: 1.00800e+03
      Equation: "ElectronContinuityEquation"	RelError: 1.00405e-14	AbsError: 4.96000e+02
      Equation: "HoleContinuityEquation"	RelError: 7.70595e-15	AbsError: 5.12000e+02
      Equation: "PotentialEquation"	RelError: 1.63379e-13	AbsError: 1.33092e-16
number of equations 5085
Iteration: 0
  Device: "BenchmarkDiode"	RelError: 2.36675e-13	AbsError: 3.87972e+01
    Region: "SiRegion"	RelError: 2.36675e-13	AbsError: 3.87972e+01
      Equation: "ElectronContinuityEquation"	RelError: 2.12601e-15	AbsError: 2.11253e+01
      Equation: "HoleContinuityEquation"	RelError: 2.97226e-15	AbsError: 1.76718e+01
      Equation: "PotentialEquation"	RelError: 2.31577e-13	AbsError: 4.16863e-17
number of equations 5085
Iteration: 0
  Device: "BenchmarkDiode"	RelError: 7.03528e+01	AbsError: 1.65527e+14
    Region: "SiRegion"	RelError: 7.03528e+01	AbsError: 1.65527e+14
      Equation: "ElectronContinuityEquation"	RelError: 6.56280e-01	AbsError: 8.23446e+13
      Equation: "HoleContinuityEquation"	RelError: 6.56281e-01	AbsError: 8.31824e+13
      Equation: "PotentialEquation"	RelError: 6.90402e+01	AbsError: 2.78470e-02
Iteration: 1
  Device: "BenchmarkDiode"	RelError: 4.51430e+01	AbsError: 5.70564e+12
    Region: "SiRegion"	RelError: 4.51430e+01	AbsError: 5.70564e+12
      Equation: "ElectronContinuityEquation"	RelError: 4.46448e-01	AbsError: 2.89315e+12
      Equation: "HoleContinuityEquation"	RelError: 5.29467e-01	AbsError: 2.81249e+12
      Equation: "PotentialEquation"	RelError: 4.41671e+01	AbsError: 2.21530e-02
Iteration: 2
  Device: "BenchmarkDiode"	RelError: 3.52288e-01	AbsError: 7.91825e+10
    Region: "SiRegion"	RelError: 3.52288e-01	AbsError: 7.91825e+10
      Equation: "ElectronContinuityEquation"	RelError: 2.28721e-01	AbsError: 1.64536e+10
      Equation: "HoleContinuityEquation"	RelError: 9.46100e-02	AbsError: 6.27289e+10
      Equation: "PotentialEquation"	RelError: 2.89572e-02	AbsError: 7.18103e-06
Iteration: 3
  Device: "BenchmarkDiode"	RelError: 6.94286e-05	AbsError: 2.14900e+06
    Region: "SiRegion"	RelError: 6.94286e-05	AbsError: 2.14900e+06
      Equation: "ElectronContinuityEquation"	RelError: 4.74706e-05	AbsError: 3.42638e+05
      Equation: "HoleContinuityEquation"	RelError: 2.15835e-05	AbsError: 1.80637e+06
      Equation: "PotentialEquation"	RelError: 3.74504e-07	AbsError: 1.07527e-10
Iteration: 4
  Device: "BenchmarkDiode"	RelError: 2.09555e-13	AbsError: 6.93260e+01
    Region: "SiRegion"	RelError: 2.09555e-13	AbsError: 6.93260e+01
      Equation: "ElectronContinuityEquation"	RelError: 4.87738e-14	AbsError: 3.72298e+01
      Equation: "HoleContinuityEquation"	RelError: 3.85065e-14	AbsError: 3.20962e+01
      Equation: "PotentialEquation"	RelError: 1.22275e-13	AbsError: 5.15414e-17
number of equations 5085
Iteration: 0
  Device: "BenchmarkDiode"	RelError: 1.34666e+02	AbsError: 1.53996e+14
    Region: "SiRegion"	RelError: 1.34666e+02	AbsError: 1.53996e+14
      Equation: "ElectronContinuityEquation"	RelError: 6.58021e-01	AbsError: 7.65771e+13
      Equation: "HoleContinuityEquation"	RelError: 6.58022e-01	AbsError: 7.74190e+13
      Equation: "PotentialEquation"	RelError: 1.33350e+02	AbsError: 2.78470e-02
Iteration: 1
  Device: "BenchmarkDiode"	RelError: 4.73149e+01	AbsError: 5.78900e+12
    Region: "SiRegion"	RelError: 4.73149e+01	AbsError: 5.78900e+12
      Equation: "ElectronContinuityEquation"	RelError: 4.47628e-01	AbsError: 2.94095e+12
      Equation: "HoleContinuityEquation"	RelError: 5.31113e-01	AbsError: 2.84806e+12
      Equation: "PotentialEquation"	RelError: 4.63361e+01	AbsError: 2.21530e-02
Iteration: 2
  Device: "BenchmarkDiode"	RelError: 3.65809e-01	AbsError: 9.27330e+10
    Region: "SiRegion"	RelError: 3.65809e-01	AbsError: 9.27330e+10
      Equation: "ElectronContinuityEquation"	RelError: 2.29570e-01	AbsError: 2.13268e+10
      Equation: "HoleContinuityEquation"	RelError: 9.46362e-02	AbsError: 7.14062e+10
      Equation: "PotentialEquation"	RelError: 4.16029e-02	AbsError: 9.60945e-06
Iteration: 3
  Device: "BenchmarkDiode"	RelError: 9.46090e-05	AbsError: 3.36612e+06
    Region: "SiRegion"	RelError: 9.46090e-05	AbsError: 3.36612e+06
      Equation: "ElectronContinuityEquation"	RelError: 6.40962e-05	AbsError: 5.89949e+05
      Equation: "HoleContinuityEquation"	RelError: 2.97978e-05	AbsError: 2.77618e+06
      Equation: "PotentialEquation"	RelError: 7.14990e-07	AbsError: 1.86699e-10
Iteration: 4
  Device: "BenchmarkDiode"	RelError: 2.31504e-13	AbsError: 6.60785e+01
    Region: "SiRegion"	RelError: 2.31504e-13	AbsError: 6.60785e+01
      Equation: "ElectronContinuityEquation"	RelError: 1.25600e-13	AbsError: 3.91253e+01
      Equation: "HoleContinuityEquation"	RelError: 8.17277e-14	AbsError: 2.69532e+01
      Equation: "PotentialEquation"	RelError: 2.41761e-14	AbsError: 6.82526e-17
number of equations 5085
Iteration: 0
  Device: "BenchmarkDiode"	RelError: 1.17149e+02	AbsError: 1.42290e+14
    Region: "SiRegion"	RelError: 1.17149e+02	AbsError: 1.42290e+14
      Equation: "ElectronContinuityEquation"	RelError: 6.58579e-01	AbsError: 7.07232e+13
      Equation: "HoleContinuityEquation"	RelError: 6.58579e-01	AbsError: 7.15664e+13
      Equation: "PotentialEquation"	RelError: 1.15832e+02	AbsError: 2.78470e-02
Iteration: 1
  Device: "BenchmarkDiode"	RelError: 7.82386e+01	AbsError: 5.87489e+12
    Region: "SiRegion"	RelError: 7.82386e+01	AbsError: 5.87489e+12
      Equation: "ElectronContinuityEquation"	RelError: 4.47956e-01	AbsError: 2.99265e+12
      Equation: "HoleContinuityEquation"	RelError: 5.31795e-01	AbsError: 2.88224e+12
      Equation: "PotentialEquation"	RelError: 7.72589e+01	AbsError: 2.21530e-02
Iteration: 2
  Device: "BenchmarkDiode"	RelError: 4.00339e-01	AbsError: 1.11448e+11
    Region: "SiRegion"	RelError: 4.00339e-01	AbsError: 1.11448e+11
      Equation: "ElectronContinuityEquation"	RelError: 2.29936e-01	AbsError: 2.87898e+10
      Equation: "HoleContinuityEquation"	RelError: 9.46616e-02	AbsError: 8.26577e+10
      Equation: "PotentialEquation"	RelError: 7.57413e-02	AbsError: 1.32581e-05
Iteration: 3
  Device: "BenchmarkDiode"	RelError: 1.33309e-04	AbsError: 5.56715e+06
    Region: "SiRegion"	RelError: 1.33309e-04	AbsError: 5.56715e+06
      Equation: "ElectronContinuityEquation"	RelError: 8.88926e-05	AbsError: 1.07161e+06
      Equation: "HoleContinuityEquation"	RelError: 4.24906e-05	AbsError: 4.49554e+06
      Equation: "PotentialEquation"	RelError: 1.92572e-06	AbsError: 3.44104e-10
Iteration: 4
  Device: "BenchmarkDiode"	RelError: 5.49755e-13	AbsError: 5.74574e+01
    Region: "SiRegion"	RelError: 5.49755e-13	AbsError: 5.74574e+01
      Equation: "ElectronContinuityEquation"	RelError: 3.11947e-13	AbsError: 2.95148e+01
      Equation: "HoleContinuityEquation"	RelError: 2.04156e-13	AbsError: 2.79426e+01
      Equation: "PotentialEquation"	RelError: 3.36516e-14	AbsError: 4.57770e-17
number of equations 5085
Iteration: 0
  Device: "BenchmarkDiode"	RelError: 1.42546e+02	AbsError: 1.30404e+14
    Region: "SiRegion"	RelError: 1.42546e+02	AbsError: 1.30404e+14
      Equation: "ElectronContinuityEquation"	RelError: 6.58761e-01	AbsError: 6.47808e+13
      Equation: "HoleContinuityEquation"	RelError: 6.58761e-01	AbsError: 6.56227e+13
      Equation: "PotentialEquation"	RelError: 1.41229e+02	AbsError: 2.78470e-02
Iteration: 1
  Device: "BenchmarkDiode"	RelError: 4.16389e+02	AbsError: 5.95826e+12
    Region: "SiRegion"	RelError: 4.16389e+02	AbsError: 5.95826e+12
      Equation: "ElectronContinuityEquation"	RelError: 4.47976e-01	AbsError: 3.04708e+12
      Equation: "HoleContinuityEquation"	RelError: 5.32174e-01	AbsError: 2.91118e+12
      Equation: "PotentialEquation"	RelError: 4.15409e+02	AbsError: 2.21530e-02
Iteration: 2
  Device: "BenchmarkDiode"	RelError: 1.10386e+00	AbsError: 1.38103e+11
    Region: "SiRegion"	RelError: 1.10386e+00	AbsError: 1.38103e+11
      Equation: "ElectronContinuityEquation"	RelError: 2.30162e-01	AbsError: 4.09466e+10
      Equation: "HoleContinuityEquation"	RelError: 9.46776e-02	AbsError: 9.71568e+10
      Equation: "PotentialEquation"	RelError: 7.79024e-01	AbsError: 1.88548e-05
Iteration: 3
  Device: "BenchmarkDiode"	RelError: 2.15911e-04	AbsError: 9.73128e+06
    Region: "SiRegion"	RelError: 2.15911e-04	AbsError: 9.73128e+06
      Equation: "ElectronContinuityEquation"	RelError: 1.27044e-04	AbsError: 2.04837e+06
      Equation: "HoleContinuityEquation"	RelError: 6.27111e-05	AbsError: 7.68291e+06
      Equation: "PotentialEquation"	RelError: 2.61562e-05	AbsError: 6.81284e-10
Iteration: 4
  Device: "BenchmarkDiode"	RelError: 2.12284e-12	AbsError: 5.30272e+01
    Region: "SiRegion"	RelError: 2.12284e-12	AbsError: 5.30272e+01
      Equation: "ElectronContinuityEquation"	RelError: 9.00492e-13	AbsError: 2.32497e+01
      Equation: "HoleContinuityEquation"	RelError: 5.65967e-13	AbsError: 2.97774e+01
      Equation: "PotentialEquation"	RelError: 6.56386e-13	AbsError: 4.97851e-17
number of equations 5085
Iteration: 0
  Device: "BenchmarkDiode"	RelError: 1.23000e+02	AbsError: 1.18351e+14
    Region: "SiRegion"	RelError: 1.23000e+02	AbsError: 1.18351e+14
      Equation: "ElectronContinuityEquation"	RelError: 6.58812e-01	AbsError: 5.87563e+13
      Equation: "HoleContinuityEquation"	RelError: 6.58812e-01	AbsError: 5.95946e+13
      Equation: "PotentialEquation"	RelError: 1.21683e+02	AbsError: 2.78470e-02
Iteration: 1
  Device: "BenchmarkDiode"	RelError: 6.36213e+02	AbsError: 6.02089e+12
    Region: "SiRegion"	RelError: 6.36213e+02	AbsError: 6.02089e+12
      Equation: "ElectronContinuityEquation"	RelError: 4.47979e-01	AbsError: 3.09645e+12
      Equation: "HoleContinuityEquation"	RelError: 5.32381e-01	AbsError: 2.92443e+12
      Equation: "PotentialEquation"	RelError: 6.35232e+02	AbsError: 2.21530e-02
Iteration: 2
  Device: "BenchmarkDiode"	RelError: 5.86866e-01	AbsError: 2.12044e+11
    Region: "SiRegion"	RelError: 5.86866e-01	AbsError: 2.12044e+11
      Equation: "ElectronContinuityEquation"	RelError: 2.30247e-01	AbsError: 7.44898e+10
      Equation: "HoleContinuityEquation"	RelError: 9.49012e-02	AbsError: 1.37554e+11
      Equation: "PotentialEquation"	RelError: 2.61718e-01	AbsError: 2.73457e-05
Iteration: 3
  Device: "BenchmarkDiode"	RelError: 2.81677e-04	AbsError: 1.87910e+07
    Region: "SiRegion"	RelError: 2.81677e-04	AbsError: 1.87910e+07
      Equation: "ElectronContinuityEquation"	RelError: 1.84693e-04	AbsError: 4.16003e+06
      Equation: "HoleContinuityEquation"	RelError: 9.49645e-05	AbsError: 1.46309e+07
      Equation: "PotentialEquation"	RelError: 2.02004e-06	AbsError: 1.48175e-09
Iteration: 4
  Device: "BenchmarkDiode"	RelError: 4.81579e-12	AbsError: 5.69073e+01
    Region: "SiRegion"	RelError: 4.81579e-12	AbsError: 5.69073e+01
      Equation: "ElectronContinuityEquation"	RelError: 2.82145e-12	AbsError: 2.48933e+01
      Equation: "HoleContinuityEquation"	RelError: 1.69606e-12	AbsError: 3.20140e+01
      Equation: "PotentialEquation"	RelError: 2.98284e-13	AbsError: 3.94874e-17
number of equations 5085
Iteration: 0
  Device: "BenchmarkDiode"	RelError: 4.06492e+02	AbsError: 1.06210e+14
    Region: "SiRegion"	RelError: 4.06492e+02	AbsError: 1.06210e+14
      Equation: "ElectronContinuityEquation"	RelError: 6.58821e-01	AbsError: 5.26911e+13
      Equation: "HoleContinuityEquation"	RelError: 6.58821e-01	AbsError: 5.35193e+13
      Equation: "PotentialEquation"	RelError: 4.05174e+02	AbsError: 2.78470e-02
Iteration: 1
  Device: "BenchmarkDiode"	RelError: 8.50189e+01	AbsError: 5.99594e+12
    Region: "SiRegion"	RelError: 8.50189e+01	AbsError: 5.99594e+12
      Equation: "ElectronContinuityEquation"	RelError: 4.47834e-01	AbsError: 3.10795e+12
      Equation: "HoleContinuityEquation"	RelError: 5.32730e-01	AbsError: 2.88800e+12
      Equation: "PotentialEquation"	RelError: 8.40384e+01	AbsError: 2.21530e-02
Iteration: 2
  Device: "BenchmarkDiode"	RelError: 3.34896e-01	AbsError: 5.52319e+11
    Region: "SiRegion"	RelError: 3.34896e-01	AbsError: 5.52319e+11
      Equation: "ElectronContinuityEquation"	RelError: 2.30505e-01	AbsError: 2.05782e+11
      Equation: "HoleContinuityEquation"	RelError: 9.47593e-02	AbsError: 3.46537e+11
      Equation: "PotentialEquation"	RelError: 9.63212e-03	AbsError: 4.23027e-05
Iteration: 3
  Device: "BenchmarkDiode"	RelError: 4.12372e-04	AbsError: 5.29649e+07
    Region: "SiRegion"	RelError: 4.12372e-04	AbsError: 5.29649e+07
      Equation: "ElectronContinuityEquation"	RelError: 2.66891e-04	AbsError: 1.62493e+07
      Equation: "HoleContinuityEquation"	RelError: 1.44702e-04	AbsError: 3.67157e+07
      Equation: "PotentialEquation"	RelError: 7.79432e-07	AbsError: 4.35683e-09
Iteration: 4
  Device: "BenchmarkDiode"	RelError: 2.00979e-11	AbsError: 7.27504e+01
    Region: "SiRegion"	RelError: 2.00979e-11	AbsError: 7.27504e+01
      Equation: "ElectronContinuityEquation"	RelError: 1.08434e-11	AbsError: 4.12195e+01
      Equation: "HoleContinuityEquation"	RelError: 9.20930e-12	AbsError: 3.15309e+01
      Equation: "PotentialEquation"	RelError: 4.52122e-14	AbsError: 8.50180e-17
number of equations 5085
Iteration: 0
  Device: "BenchmarkDiode"	RelError: 6.83615e+01	AbsError: 9.42885e+13
    Region: "SiRegion"	RelError: 6.83615e+01	AbsError: 9.42885e+13
      Equation: "ElectronContinuityEquation"	RelError: 6.58818e-01	AbsError: 4.67380e+13
      Equation: "HoleContinuityEquation"	RelError: 6.58818e-01	AbsError: 4.75504e+13
      Equation: "PotentialEquation"	RelError: 6.70439e+01	AbsError: 2.78470e-02
Iteration: 1
  Device: "BenchmarkDiode"	RelError: 3.77093e+01	AbsError: 6.07604e+12
    Region: "SiRegion"	RelError: 3.77093e+01	AbsError: 6.07604e+12
      Equation: "ElectronContinuityEquation"	RelError: 4.47818e-01	AbsError: 3.12959e+12
      Equation: "HoleContinuityEquation"	RelError: 5.32848e-01	AbsError: 2.94645e+12
      Equation: "PotentialEquation"	RelError: 3.67286e+01	AbsError: 2.21530e-02
Iteration: 2
  Device: "BenchmarkDiode"	RelError: 3.25364e-01	AbsError: 1.43722e+12
    Region: "SiRegion"	RelError: 3.25364e-01	AbsError: 1.43722e+12
      Equation: "ElectronContinuityEquation"	RelError: 2.30550e-01	AbsError: 5.71194e+11
      Equation: "HoleContinuityEquation"	RelError: 9.44199e-02	AbsError: 8.66023e+11
      Equation: "PotentialEquation"	RelError: 3.94877e-04	AbsError: 7.21475e-05
Iteration: 3
  Device: "BenchmarkDiode"	RelError: 5.51787e-04	AbsError: 5.73001e+08
    Region: "SiRegion"	RelError: 5.51787e-04	AbsError: 5.73001e+08
      Equation: "ElectronContinuityEquation"	RelError: 3.43194e-04	AbsError: 2.39602e+08
      Equation: "HoleContinuityEquation"	RelError: 2.08164e-04	AbsError: 3.33399e+08
      Equation: "PotentialEquation"	RelError: 4.29529e-07	AbsError: 3.33243e-08
Iteration: 4
  Device: "BenchmarkDiode"	RelError: 2.11768e-10	AbsError: 2.31121e+02
    Region: "SiRegion"	RelError: 2.11768e-10	AbsError: 2.31121e+02
      Equation: "ElectronContinuityEquation"	RelError: 9.78546e-11	AbsError: 1.12132e+02
      Equation: "HoleContinuityEquation"	RelError: 1.13603e-10	AbsError: 1.18989e+02
      Equation: "PotentialEquation"	RelError: 3.09821e-13	AbsError: 8.39585e-15
Iteration: 5
  Device: "BenchmarkDiode"	RelError: 5.34322e-14	AbsError: 5.81013e+01
    Region: "SiRegion"	RelError: 5.34322e-14	AbsError: 5.81013e+01
      Equation: "ElectronContinuityEquation"	RelError: 3.73344e-15	AbsError: 2.26321e+01
      Equation: "HoleContinuityEquation"	RelError: 2.26666e-15	AbsError: 3.54692e+01
      Equation: "PotentialEquation"	RelError: 4.74321e-14	AbsError: 4.72160e-17
number of equations 5085
Iteration: 0
  Device: "BenchmarkDiode"	RelError: 7.46101e+01	AbsError: 8.38359e+13
    Region: "SiRegion"	RelError: 7.46101e+01	AbsError: 8.38359e+13
      Equation: "ElectronContinuityEquation"	RelError: 6.58808e-01	AbsError: 4.15182e+13
      Equation: "HoleContinuityEquation"	RelError: 6.58807e-01	AbsError: 4.23178e+13
      Equation: "PotentialEquation"	RelError: 7.32924e+01	AbsError: 2.78470e-02
Iteration: 1
  Device: "BenchmarkDiode"	RelError: 7.03517e+01	AbsError: 1.08252e+13
    Region: "SiRegion"	RelError: 7.03517e+01	AbsError: 1.08252e+13
      Equation: "ElectronContinuityEquation"	RelError: 4.47916e-01	AbsError: 5.73653e+12
      Equation: "HoleContinuityEquation"	RelError: 5.32427e-01	AbsError: 5.08866e+12
      Equation: "PotentialEquation"	RelError: 6.93714e+01	AbsError: 2.21530e-02
Iteration: 2
  Device: "BenchmarkDiode"	RelError: 3.23120e-01	AbsError: 3.75899e+12
    Region: "SiRegion"	RelError: 3.23120e-01	AbsError: 3.75899e+12
      Equation: "ElectronContinuityEquation"	RelError: 2.30254e-01	AbsError: 1.57090e+12
      Equation: "HoleContinuityEquation"	RelError: 9.21861e-02	AbsError: 2.18809e+12
      Equation: "PotentialEquation"	RelError: 6.80010e-04	AbsError: 1.44254e-04
Iteration: 3
  Device: "BenchmarkDiode"	RelError: 7.37956e-04	AbsError: 7.24725e+09
    Region: "SiRegion"	RelError: 7.37956e-04	AbsError: 7.24725e+09
      Equation: "ElectronContinuityEquation"	RelError: 4.85680e-04	AbsError: 3.38466e+09
      Equation: "HoleContinuityEquation"	RelError: 2.50519e-04	AbsError: 3.86259e+09
      Equation: "PotentialEquation"	RelError: 1.75604e-06	AbsError: 3.75040e-07
Iteration: 4
  Device: "BenchmarkDiode"	RelError: 4.23787e-09	AbsError: 4.01290e+04
    Region: "SiRegion"	RelError: 4.23787e-09	AbsError: 4.01290e+04
      Equation: "ElectronContinuityEquation"	RelError: 2.82680e-09	AbsError: 1.99626e+04
      Equation: "HoleContinuityEquation"	RelError: 1.40020e-09	AbsError: 2.01664e+04
      Equation: "PotentialEquation"	RelError: 1.08678e-11	AbsError: 1.76104e-12
Iteration: 5
  Device: "BenchmarkDiode"	RelError: 4.84198e-14	AbsError: 4.67909e+01
    Region: "SiRegion"	RelError: 4.84198e-14	AbsError: 4.67909e+01
      Equation: "ElectronContinuityEquation"	RelError: 3.62745e-15	AbsError: 2.45152e+01
      Equation: "HoleContinuityEquation"	RelError: 3.79158e-15	AbsError: 2.22758e+01
      Equation: "PotentialEquation"	RelError: 4.10008e-14	AbsError: 6.19708e-17
number of equations 5085
Iteration: 0
  Device: "BenchmarkDiode"	RelError: 3.94593e+00	AbsError: 8.02414e+13
    Region: "SiRegion"	RelError: 3.94593e+00	AbsError: 8.02414e+13
      Equation: "ElectronContinuityEquation"	RelError: 6.58776e-01	AbsError: 3.97232e+13
      Equation: "HoleContinuityEquation"	RelError: 6.58775e-01	AbsError: 4.05182e+13
      Equation: "PotentialEquation"	RelError: 2.62838e+00	AbsError: 2.78470e-02
Iteration: 1
  Device: "BenchmarkDiode"	RelError: 1.65463e+00	AbsError: 2.72900e+13
    Region: "SiRegion"	RelError: 1.65463e+00	AbsError: 2.72900e+13
      Equation: "ElectronContinuityEquation"	RelError: 4.48969e-01	AbsError: 1.49435e+13
      Equation: "HoleContinuityEquation"	RelError: 5.29190e-01	AbsError: 1.23464e+13
      Equation: "PotentialEquation"	RelError: 6.76474e-01	AbsError: 2.21530e-02
Iteration: 2
  Device: "BenchmarkDiode"	RelError: 3.26083e-01	AbsError: 9.90822e+12
    Region: "SiRegion"	RelError: 3.26083e-01	AbsError: 9.90822e+12
      Equation: "ElectronContinuityEquation"	RelError: 2.28028e-01	AbsError: 4.27883e+12
      Equation: "HoleContinuityEquation"	RelError: 9.65420e-02	AbsError: 5.62939e+12
      Equation: "PotentialEquation"	RelError: 1.51257e-03	AbsError: 3.53334e-04
Iteration: 3
  Device: "BenchmarkDiode"	RelError: 2.07665e-03	AbsError: 7.62922e+10
    Region: "SiRegion"	RelError: 2.07665e-03	AbsError: 7.62922e+10
      Equation: "ElectronContinuityEquation"	RelError: 1.21384e-03	AbsError: 3.76831e+10
      Equation: "HoleContinuityEquation"	RelError: 8.46582e-04	AbsError: 3.86091e+10
      Equation: "PotentialEquation"	RelError: 1.62271e-05	AbsError: 3.79918e-06
Iteration: 4
  Device: "BenchmarkDiode"	RelError: 1.34392e-07	AbsError: 4.78986e+06
    Region: "SiRegion"	RelError: 1.34392e-07	AbsError: 4.78986e+06
      Equation: "ElectronContinuityEquation"	RelError: 7.81173e-08	AbsError: 2.39914e+06
      Equation: "HoleContinuityEquation"	RelError: 5.52803e-08	AbsError: 2.39071e+06
      Equation: "PotentialEquation"	RelError: 9.94173e-10	AbsError: 2.32917e-10
Iteration: 5
  Device: "BenchmarkDiode"	RelError: 1.19070e-14	AbsError: 6.27982e+01
    Region: "SiRegion"	RelError: 1.19070e-14	AbsError: 6.27982e+01
      Equation: "ElectronContinuityEquation"	RelError: 8.00917e-15	AbsError: 3.58898e+01
      Equation: "HoleContinuityEquation"	RelError: 3.22231e-15	AbsError: 2.69084e+01
      Equation: "PotentialEquation"	RelError: 6.75574e-16	AbsError: 7.83157e-17
number of equations 5085
Iteration: 0
  Device: "BenchmarkDiode"	RelError: 5.81234e+01	AbsError: 5.74442e+13
    Region: "SiRegion"	RelError: 5.81234e+01	AbsError: 5.74442e+13
      Equation: "ElectronContinuityEquation"	RelError: 2.74509e+01	AbsError: 2.87850e+13
      Equation: "HoleContinuityEquation"	RelError: 2.74458e+01	AbsError: 2.86592e+13
      Equation: "PotentialEquation"	RelError: 3.22675e+00	AbsError: 2.50000e-02
Iteration: 1
  Device: "BenchmarkDiode"	RelError: 1.81624e+00	AbsError: 1.35476e+13
    Region: "SiRegion"	RelError: 1.81624e+00	AbsError: 1.35476e+13
      Equation: "ElectronContinuityEquation"	RelError: 9.07325e-01	AbsError: 6.78135e+12
      Equation: "HoleContinuityEquation"	RelError: 9.07309e-01	AbsError: 6.76630e+12
      Equation: "PotentialEquation"	RelError: 1.60540e-03	AbsError: 2.99911e-04
Iteration: 2
  Device: "BenchmarkDiode"	RelError: 9.02265e-03	AbsError: 1.32040e+11
    Region: "SiRegion"	RelError: 9.02265e-03	AbsError: 1.32040e+11
      Equation: "ElectronContinuityEquation"	RelError: 4.49966e-03	AbsError: 6.59659e+10
      Equation: "HoleContinuityEquation"	RelError: 4.49606e-03	AbsError: 6.60745e+10
      Equation: "PotentialEquation"	RelError: 2.69388e-05	AbsError: 5.16853e-06
Iteration: 3
  Device: "BenchmarkDiode"	RelError: 9.85635e-07	AbsError: 1.81966e+07
    Region: "SiRegion"	RelError: 9.85635e-07	AbsError: 1.81966e+07
      Equation: "ElectronContinuityEquation"	RelError: 4.87718e-07	AbsError: 9.08585e+06
      Equation: "HoleContinuityEquation"	RelError: 4.94478e-07	AbsError: 9.11079e+06
      Equation: "PotentialEquation"	RelError: 3.43927e-09	AbsError: 6.67030e-10
Iteration: 4
  Device: "BenchmarkDiode"	RelError: 1.41831e-14	AbsError: 6.15826e+01
    Region: "SiRegion"	RelError: 1.41831e-14	AbsError: 6.15826e+01
      Equation: "ElectronContinuityEquation"	RelError: 4.79978e-15	AbsError: 2.69726e+01
      Equation: "HoleContinuityEquation"	RelError: 6.36786e-15	AbsError: 3.46099e+01
      Equation: "PotentialEquation"	RelError: 3.01544e-15	AbsError: 4.65486e-17
number of equations 5085
Iteration: 0
  Device: "BenchmarkDiode"	RelError: 1.26835e+00	AbsError: 2.16291e+13
    Region: "SiRegion"	RelError: 1.26835e+00	AbsError: 2.16291e+13
      Equation: "ElectronContinuityEquation"	RelError: 3.25499e-01	AbsError: 1.07144e+13
      Equation: "HoleContinuityEquation"	RelError: 3.25498e-01	AbsError: 1.09147e+13
      Equation: "PotentialEquation"	RelError: 6.17353e-01	AbsError: 1.25000e-02
Iteration: 1
  Device: "BenchmarkDiode"	RelError: 1.70041e-01	AbsError: 2.52354e+12
    Region: "SiRegion"	RelError: 1.70041e-01	AbsError: 2.52354e+12
      Equation: "ElectronContinuityEquation"	RelError: 8.48980e-02	AbsError: 1.26372e+12
      Equation: "HoleContinuityEquation"	RelError: 8.48979e-02	AbsError: 1.25983e+12
      Equation: "PotentialEquation"	RelError: 2.44679e-04	AbsError: 4.81801e-05
Iteration: 2
  Device: "BenchmarkDiode"	RelError: 1.75593e-04	AbsError: 4.33984e+09
    Region: "SiRegion"	RelError: 1.75593e-04	AbsError: 4.33984e+09
      Equation: "ElectronContinuityEquation"	RelError: 8.68126e-05	AbsError: 2.16834e+09
      Equation: "HoleContinuityEquation"	RelError: 8.79548e-05	AbsError: 2.17150e+09
      Equation: "PotentialEquation"	RelError: 8.25915e-07	AbsError: 1.65713e-07
Iteration: 3
  Device: "BenchmarkDiode"	RelError: 7.65243e-10	AbsError: 1.98216e+04
    Region: "SiRegion"	RelError: 7.65243e-10	AbsError: 1.98216e+04
      Equation: "ElectronContinuityEquation"	RelError: 3.78051e-10	AbsError: 9.89716e+03
      Equation: "HoleContinuityEquation"	RelError: 3.83561e-10	AbsError: 9.92447e+03
      Equation: "PotentialEquation"	RelError: 3.63036e-12	AbsError: 7.35536e-13
Iteration: 4
  Device: "BenchmarkDiode"	RelError: 5.88421e-15	AbsError: 4.45260e+01
    Region: "SiRegion"	RelError: 5.88421e-15	AbsError: 4.45260e+01
      Equation: "ElectronContinuityEquation"	RelError: 3.70985e-15	AbsError: 2.51149e+01
      Equation: "HoleContinuityEquation"	RelError: 1.72242e-15	AbsError: 1.94111e+01
      Equation: "PotentialEquation"	RelError: 4.51932e-16	AbsError: 4.51344e-17
number of equations 5085
Iteration: 0
  Device: "BenchmarkDiode"	RelError: 1.08244e+00	AbsError: 1.17358e+13
    Region: "SiRegion"	RelError: 1.08244e+00	AbsError: 1.17358e+13
      Equation: "ElectronContinuityEquation"	RelError: 3.17969e-01	AbsError: 5.81737e+12
      Equation: "HoleContinuityEquation"	RelError: 3.17966e-01	AbsError: 5.91848e+12
      Equation: "PotentialEquation"	RelError: 4.46501e-01	AbsError: 6.25000e-03
Iteration: 1
  Device: "BenchmarkDiode"	RelError: 6.85172e-02	AbsError: 7.24531e+11
    Region: "SiRegion"	RelError: 6.85172e-02	AbsError: 7.24531e+11
      Equation: "ElectronContinuityEquation"	RelError: 3.42197e-02	AbsError: 3.62751e+11
      Equation: "HoleContinuityEquation"	RelError: 3.42193e-02	AbsError: 3.61780e+11
      Equation: "PotentialEquation"	RelError: 7.81324e-05	AbsError: 1.50002e-05
Iteration: 2
  Device: "BenchmarkDiode"	RelError: 1.79964e-05	AbsError: 3.71084e+08
    Region: "SiRegion"	RelError: 1.79964e-05	AbsError: 3.71084e+08
      Equation: "ElectronContinuityEquation"	RelError: 8.90500e-06	AbsError: 1.85399e+08
      Equation: "HoleContinuityEquation"	RelError: 9.01837e-06	AbsError: 1.85685e+08
      Equation: "PotentialEquation"	RelError: 7.30488e-08	AbsError: 1.43433e-08
Iteration: 3
  Device: "BenchmarkDiode"	RelError: 6.59379e-12	AbsError: 1.44263e+02
    Region: "SiRegion"	RelError: 6.59379e-12	AbsError: 1.44263e+02
      Equation: "ElectronContinuityEquation"	RelError: 3.26046e-12	AbsError: 7.20374e+01
      Equation: "HoleContinuityEquation"	RelError: 3.30638e-12	AbsError: 7.22253e+01
      Equation: "PotentialEquation"	RelError: 2.69502e-14	AbsError: 5.33255e-15
number of equations 5085
Iteration: 0
  Device: "BenchmarkDiode"	RelError: 3.97806e-01	AbsError: 5.60922e+12
    Region: "SiRegion"	RelError: 3.97806e-01	AbsError: 5.60922e+12
      Equation: "ElectronContinuityEquation"	RelError: 1.07650e-01	AbsError: 2.77946e+12
      Equation: "HoleContinuityEquation"	RelError: 1.07650e-01	AbsError: 2.82975e+12
      Equation: "PotentialEquation"	RelError: 1.82506e-01	AbsError: 3.12500e-03
Iteration: 1
  Device: "BenchmarkDiode"	RelError: 1.34467e-02	AbsError: 1.68685e+11
    Region: "SiRegion"	RelError: 1.34467e-02	AbsError: 1.68685e+11
      Equation: "ElectronContinuityEquation"	RelError: 6.71475e-03	AbsError: 8.44644e+10
      Equation: "HoleContinuityEquation"	RelError: 6.71467e-03	AbsError: 8.42209e+10
      Equation: "PotentialEquation"	RelError: 1.72739e-05	AbsError: 3.35943e-06
Iteration: 2
  Device: "BenchmarkDiode"	RelError: 8.76468e-07	AbsError: 1.97963e+07
    Region: "SiRegion"	RelError: 8.76468e-07	AbsError: 1.97963e+07
      Equation: "ElectronContinuityEquation"	RelError: 4.33519e-07	AbsError: 9.89075e+06
      Equation: "HoleContinuityEquation"	RelError: 4.39119e-07	AbsError: 9.90558e+06
      Equation: "PotentialEquation"	RelError: 3.83057e-09	AbsError: 7.60461e-10
Iteration: 3
  Device: "BenchmarkDiode"	RelError: 2.91892e-14	AbsError: 6.80072e+01
    Region: "SiRegion"	RelError: 2.91892e-14	AbsError: 6.80072e+01
      Equation: "ElectronContinuityEquation"	RelError: 1.39869e-14	AbsError: 3.28147e+01
      Equation: "HoleContinuityEquation"	RelError: 1.39308e-14	AbsError: 3.51925e+01
      Equation: "PotentialEquation"	RelError: 1.27152e-15	AbsError: 4.88166e-17
number of equations 5085
Iteration: 0
  Device: "BenchmarkDiode"	RelError: 6.87147e-15	AbsError: 3.77086e+01
    Region: "SiRegion"	RelError: 6.87147e-15	AbsError: 3.77086e+01
      Equation: "ElectronContinuityEquation"	RelError: 3.42048e-15	AbsError: 2.04825e+01
      Equation: "HoleContinuityEquation"	RelError: 3.01050e-15	AbsError: 1.72261e+01
      Equation: "PotentialEquation"	RelError: 4.40492e-16	AbsError: 4.65532e-17
number of equations 5085
Iteration: 0
  Device: "BenchmarkDiode"	RelError: 3.18447e-15	AbsError: 3.43035e+01
    Region: "SiRegion"	RelError: 3.18447e-15	AbsError: 3.43035e+01
      Equation: "ElectronContinuityEquation"	RelError: 1.41321e-15	AbsError: 1.75256e+01
      Equation: "HoleContinuityEquation"	RelError: 1.19752e-15	AbsError: 1.67779e+01
      Equation: "PotentialEquation"	RelError: 5.73748e-16	AbsError: 5.15191e-17
number of equations 5085
Iteration: 0
  Device: "BenchmarkDiode"	RelError: 2.99295e-15	AbsError: 3.76251e+01
    Region: "SiRegion"	RelError: 2.99295e-15	AbsError: 3.76251e+01
      Equation: "ElectronContinuityEquation"	RelError: 1.41841e-15	AbsError: 2.04825e+01
      Equation: "HoleContinuityEquation"	RelError: 1.29663e-15	AbsError: 1.71426e+01
      Equation: "PotentialEquation"	RelError: 2.77908e-16	AbsError: 5.22315e-17
Charge Relative Error 3.29205e-09
number of equations 5085
Iteration: 0
  Device: "BenchmarkDiode"	RelError: 4.78478e-15	AbsError: 4.32370e+01
    Region: "SiRegion"	RelError: 4.78478e-15	AbsError: 4.32370e+01
      Equation: "ElectronContinuityEquation"	RelError: 2.84182e-15	AbsError: 1.75261e+01
      Equation: "HoleContinuityEquation"	RelError: 1.14479e-15	AbsError: 2.57109e+01
      Equation: "PotentialEquation"	RelError: 7.98170e-16	AbsError: 4.50143e-17
Charge Relative Error 3.29205e-09
number of equations 5085
Iteration: 0
  Device: "BenchmarkDiode"	RelError: 7.38166e-15	AbsError: 3.87887e+01
    Region: "SiRegion"	RelError: 7.38166e-15	AbsError: 3.87887e+01
      Equation: "ElectronContinuityEquation"	RelError: 2.05928e-15	AbsError: 2.04824e+01
      Equation: "HoleContinuityEquation"	RelError: 4.15576e-15	AbsError: 1.83063e+01
      Equation: "PotentialEquation"	RelError: 1.16662e-15	AbsError: 4.55676e-17
Charge Relative Error 3.29205e-09
number of equations 5085
Iteration: 0
  Device: "BenchmarkDiode"	RelError: 6.00482e-15	AbsError: 3.69544e+01
    Region: "SiRegion"	RelError: 6.00482e-15	AbsError: 3.69544e+01
      Equation: "ElectronContinuityEquation"	RelError: 2.44191e-15	AbsError: 1.75253e+01
      Equation: "HoleContinuityEquation"	RelError: 2.80526e-15	AbsError: 1.94291e+01
      Equation: "PotentialEquation"	RelError: 7.57656e-16	AbsError: 5.46932e-17
Charge Relative Error 3.29205e-09
number of equations 5085
Iteration: 0
  Device: "BenchmarkDiode"	RelError: 3.74873e-15	AbsError: 3.87602e+01
    Region: "SiRegion"	RelError: 3.74873e-15	AbsError: 3.87602e+01
      Equation: "ElectronContinuityEquation"	RelError: 1.81743e-15	AbsError: 2.04825e+01
      Equation: "HoleContinuityEquation"	RelError: 1.44713e-15	AbsError: 1.82777e+01
      Equation: "PotentialEquation"	RelError: 4.84165e-16	AbsError: 6.86702e-17
Charge Relative Error 3.29205e-09
number of equations 5085
Iteration: 0
  Device: "BenchmarkDiode"	RelError: 4.66983e-15	AbsError: 3.58505e+01
    Region: "SiRegion"	RelError: 4.66983e-15	AbsError: 3.58505e+01
      Equation: "ElectronContinuityEquation"	RelError: 2.63968e-15	AbsError: 1.75263e+01
      Equation: "HoleContinuityEquation"	RelError: 1.57009e-15	AbsError: 1.83242e+01
      Equation: "PotentialEquation"	RelError: 4.60072e-16	AbsError: 6.58799e-17
Charge Relative Error 3.29205e-09
number of equations 5085
Iteration: 0
  Device: "BenchmarkDiode"	RelError: 5.56818e-15	AbsError: 3.87665e+01
    Region: "SiRegion"	RelError: 5.56818e-15	AbsError: 3.87665e+01
      Equation: "ElectronContinuityEquation"	RelError: 3.29753e-15	AbsError: 2.04825e+01
      Equation: "HoleContinuityEquation"	RelError: 1.76870e-15	AbsError: 1.82840e+01
      Equation: "PotentialEquation"	RelError: 5.01961e-16	AbsError: 4.04889e-17
Charge Relative Error 3.29205e-09
number of equations 5085
Iteration: 0
  Device: "BenchmarkDiode"	RelError: 3.33586e-15	AbsError: 2.90562e+01
    Region: "SiRegion"	RelError: 3.33586e-15	AbsError: 2.90562e+01
      Equation: "ElectronContinuityEquation"	RelError: 1.73259e-15	AbsError: 1.75254e+01
      Equation: "HoleContinuityEquation"	RelError: 1.08557e-15	AbsError: 1.15308e+01
      Equation: "PotentialEquation"	RelError: 5.17709e-16	AbsError: 4.33601e-17
Charge Relative Error 3.29205e-09
number of equations 5085
Iteration: 0
  Device: "BenchmarkDiode"	RelError: 2.33310e-15	AbsError: 4.16287e+01
    Region: "SiRegion"	RelError: 2.33310e-15	AbsError: 4.16287e+01
      Equation: "ElectronContinuityEquation"	RelError: 9.91940e-16	AbsError: 2.04825e+01
      Equation: "HoleContinuityEquation"	RelError: 8.64001e-16	AbsError: 2.11463e+01
      Equation: "PotentialEquation"	RelError: 4.77163e-16	AbsError: 5.12405e-17
Charge Relative Error 3.29205e-09
number of equations 5085
Iteration: 0
  Device: "BenchmarkDiode"	RelError: 6.07028e-15	AbsError: 3.71758e+01
    Region: "SiRegion"	RelError: 6.07028e-15	AbsError: 3.71758e+01
      Equation: "ElectronContinuityEquation"	RelError: 2.98699e-15	AbsError: 1.75263e+01
      Equation: "HoleContinuityEquation"	RelError: 2.63430e-15	AbsError: 1.96494e+01
      Equation: "PotentialEquation"	RelError: 4.48994e-16	AbsError: 4.46641e-17
Charge Relative Error 3.29205e-09
number of equations 5085
Iteration: 0
  Device: "BenchmarkDiode"	RelError: 2.94572e+03	AbsError: 2.75812e+15
    Region: "SiRegion"	RelError: 2.94572e+03	AbsError: 2.75812e+15
      Equation: "ElectronContinuityEquation"	RelError: 9.99000e+02	AbsError: 1.27008e+15
      Equation: "HoleContinuityEquation"	RelError: 9.99000e+02	AbsError: 1.48804e+15
      Equation: "PotentialEquation"	RelError: 9.47722e+02	AbsError: 1.04432e-01
Iteration: 1
  Device: "BenchmarkDiode"	RelError: 1.69177e+04	AbsError: 3.15636e+15
    Region: "SiRegion"	RelError: 1.69177e+04	AbsError: 3.15636e+15
      Equation: "ElectronContinuityEquation"	RelError: 1.64923e+00	AbsError: 1.70989e+15
      Equation: "HoleContinuityEquation"	RelError: 3.02402e+00	AbsError: 1.44647e+15
      Equation: "PotentialEquation"	RelError: 1.69130e+04	AbsError: 1.02511e-01
Iteration: 2
  Device: "BenchmarkDiode"	RelError: 2.44976e+03	AbsError: 7.88725e+14
    Region: "SiRegion"	RelError: 2.44976e+03	AbsError: 7.88725e+14
      Equation: "ElectronContinuityEquation"	RelError: 9.99000e+02	AbsError: 3.61938e+14
      Equation: "HoleContinuityEquation"	RelError: 9.99000e+02	AbsError: 4.26787e+14
      Equation: "PotentialEquation"	RelError: 4.51763e+02	AbsError: 1.00474e-01
Iteration: 3
  Device: "BenchmarkDiode"	RelError: 1.20867e+03	AbsError: 5.01333e+14
    Region: "SiRegion"	RelError: 1.20867e+03	AbsError: 5.01333e+14
      Equation: "ElectronContinuityEquation"	RelError: 1.11115e+01	AbsError: 4.44143e+13
      Equation: "HoleContinuityEquation"	RelError: 9.99000e+02	AbsError: 4.56919e+14
      Equation: "PotentialEquation"	RelError: 1.98558e+02	AbsError: 9.83101e-02
Iteration: 4
  Device: "BenchmarkDiode"	RelError: 2.09439e+03	AbsError: 3.72578e+14
    Region: "SiRegion"	RelError: 2.09439e+03	AbsError: 3.72578e+14
      Equation: "ElectronContinuityEquation"	RelError: 9.99000e+02	AbsError: 1.12369e+14
      Equation: "HoleContinuityEquation"	RelError: 9.99000e+02	AbsError: 2.60209e+14
      Equation: "PotentialEquation"	RelError: 9.63895e+01	AbsError: 9.60016e-02
Iteration: 5
  Device: "BenchmarkDiode"	RelError: 1.08039e+03	AbsError: 2.31241e+14
    Region: "SiRegion"	RelError: 1.08039e+03	AbsError: 2.31241e+14
      Equation: "ElectronContinuityEquation"	RelError: 9.98550e-01	AbsError: 5.05490e+13
      Equation: "HoleContinuityEquation"	RelError: 9.99000e+02	AbsError: 1.80692e+14
      Equation: "PotentialEquation"	RelError: 8.03936e+01	AbsError: 9.35294e-02
Iteration: 6
  Device: "BenchmarkDiode"	RelError: 2.01423e+03	AbsError: 2.35845e+14
    Region: "SiRegion"	RelError: 2.01423e+03	AbsError: 2.35845e+14
      Equation: "ElectronContinuityEquation"	RelError: 9.99000e+02	AbsError: 8.87884e+12
      Equation: "HoleContinuityEquation"	RelError: 9.99000e+02	AbsError: 2.26966e+14
      Equation: "PotentialEquation"	RelError: 1.62278e+01	AbsError: 9.08703e-02
Iteration: 7
  Device: "BenchmarkDiode"	RelError: 1.00263e+03	AbsError: 1.55207e+14
    Region: "SiRegion"	RelError: 1.00263e+03	AbsError: 1.55207e+14
      Equation: "ElectronContinuityEquation"	RelError: 9.98764e-01	AbsError: 3.58711e+13
      Equation: "HoleContinuityEquation"	RelError: 9.99000e+02	AbsError: 1.19336e+14
      Equation: "PotentialEquation"	RelError: 2.63059e+00	AbsError: 8.79957e-02
Iteration: 8
  Device: "BenchmarkDiode"	RelError: 1.99838e+03	AbsError: 8.62340e+13
    Region: "SiRegion"	RelError: 1.99838e+03	AbsError: 8.62340e+13
      Equation: "ElectronContinuityEquation"	RelError: 9.99000e+02	AbsError: 3.85128e+12
      Equation: "HoleContinuityEquation"	RelError: 9.99000e+02	AbsError: 8.23828e+13
      Equation: "PotentialEquation"	RelError: 3.83026e-01	AbsError: 8.48705e-02
Iteration: 9
  Device: "BenchmarkDiode"	RelError: 1.00020e+03	AbsError: 6.58760e+13
    Region: "SiRegion"	RelError: 1.00020e+03	AbsError: 6.58760e+13
      Equation: "ElectronContinuityEquation"	RelError: 9.98858e-01	AbsError: 1.65962e+12
      Equation: "HoleContinuityEquation"	RelError: 9.99000e+02	AbsError: 6.42164e+13
      Equation: "PotentialEquation"	RelError: 2.05976e-01	AbsError: 8.14508e-02
Iteration: 10
  Device: "BenchmarkDiode"	RelError: 7.61030e+03	AbsError: 4.66413e+13
    Region: "SiRegion"	RelError: 7.61030e+03	AbsError: 4.66413e+13
      Equation: "ElectronContinuityEquation"	RelError: 6.61078e+03	AbsError: 7.97154e+12
      Equation: "HoleContinuityEquation"	RelError: 9.99000e+02	AbsError: 3.86697e+13
      Equation: "PotentialEquation"	RelError: 5.25860e-01	AbsError: 7.76808e-02
Iteration: 11
  Device: "BenchmarkDiode"	RelError: 1.00032e+03	AbsError: 2.52304e+13
    Region: "SiRegion"	RelError: 1.00032e+03	AbsError: 2.52304e+13
      Equation: "ElectronContinuityEquation"	RelError: 9.99834e-01	AbsError: 3.91929e+12
      Equation: "HoleContinuityEquation"	RelError: 9.99000e+02	AbsError: 2.13111e+13
      Equation: "PotentialEquation"	RelError: 3.21898e-01	AbsError: 7.34887e-02
Iteration: 12
  Device: "BenchmarkDiode"	RelError: 1.00110e+03	AbsError: 1.81661e+13
    Region: "SiRegion"	RelError: 1.00110e+03	AbsError: 1.81661e+13
      Equation: "ElectronContinuityEquation"	RelError: 9.99000e+02	AbsError: 3.78355e+12
      Equation: "HoleContinuityEquation"	RelError: 1.84938e+00	AbsError: 1.43826e+13
      Equation: "PotentialEquation"	RelError: 2.47458e-01	AbsError: 6.87809e-02
Iteration: 13
  Device: "BenchmarkDiode"	RelError: 1.30549e+01	AbsError: 1.05093e+13
    Region: "SiRegion"	RelError: 1.30549e+01	AbsError: 1.05093e+13
      Equation: "ElectronContinuityEquation"	RelError: 9.98860e-01	AbsError: 1.17834e+12
      Equation: "HoleContinuityEquation"	RelError: 1.19763e+01	AbsError: 9.33093e+12
      Equation: "PotentialEquation"	RelError: 7.97248e-02	AbsError: 6.34326e-02
Iteration: 14
  Device: "BenchmarkDiode"	RelError: 1.00186e+03	AbsError: 5.99152e+12
    Region: "SiRegion"	RelError: 1.00186e+03	AbsError: 5.99152e+12
      Equation: "ElectronContinuityEquation"	RelError: 9.99000e+02	AbsError: 3.96092e+11
      Equation: "HoleContinuityEquation"	RelError: 2.81229e+00	AbsError: 5.59542e+12
      Equation: "PotentialEquation"	RelError: 4.80012e-02	AbsError: 5.72773e-02
Iteration: 15
  Device: "BenchmarkDiode"	RelError: 1.70571e+00	AbsError: 3.00453e+12
    Region: "SiRegion"	RelError: 1.70571e+00	AbsError: 3.00453e+12
      Equation: "ElectronContinuityEquation"	RelError: 9.98769e-01	AbsError: 1.56049e+11
      Equation: "HoleContinuityEquation"	RelError: 6.67046e-01	AbsError: 2.84848e+12
      Equation: "PotentialEquation"	RelError: 3.98927e-02	AbsError: 5.00929e-02
Iteration: 16
  Device: "BenchmarkDiode"	RelError: 6.88026e+00	AbsError: 1.28270e+12
    Region: "SiRegion"	RelError: 6.88026e+00	AbsError: 1.28270e+12
      Equation: "ElectronContinuityEquation"	RelError: 6.42448e+00	AbsError: 1.89274e+11
      Equation: "HoleContinuityEquation"	RelError: 4.24044e-01	AbsError: 1.09343e+12
      Equation: "PotentialEquation"	RelError: 3.17409e-02	AbsError: 4.15995e-02
Iteration: 17
  Device: "BenchmarkDiode"	RelError: 9.37314e-01	AbsError: 3.88473e+11
    Region: "SiRegion"	RelError: 9.37314e-01	AbsError: 3.88473e+11
      Equation: "ElectronContinuityEquation"	RelError: 7.83777e-01	AbsError: 6.51427e+10
      Equation: "HoleContinuityEquation"	RelError: 1.30311e-01	AbsError: 3.23331e+11
      Equation: "PotentialEquation"	RelError: 2.32263e-02	AbsError: 3.15236e-02
Iteration: 18
  Device: "BenchmarkDiode"	RelError: 4.40225e-01	AbsError: 1.19846e+11
    Region: "SiRegion"	RelError: 4.40225e-01	AbsError: 1.19846e+11
      Equation: "ElectronContinuityEquation"	RelError: 3.73041e-01	AbsError: 7.18548e+09
      Equation: "HoleContinuityEquation"	RelError: 4.75646e-02	AbsError: 1.12660e+11
      Equation: "PotentialEquation"	RelError: 1.96192e-02	AbsError: 2.58634e-02
Iteration: 19
  Device: "BenchmarkDiode"	RelError: 8.44024e-02	AbsError: 1.23045e+12
    Region: "SiRegion"	RelError: 8.44024e-02	AbsError: 1.23045e+12
      Equation: "ElectronContinuityEquation"	RelError: 7.62207e-02	AbsError: 1.56757e+10
      Equation: "HoleContinuityEquation"	RelError: 1.05308e-03	AbsError: 1.21478e+12
      Equation: "PotentialEquation"	RelError: 7.12862e-03	AbsError: 1.01030e-02
Iteration: 20
  Device: "BenchmarkDiode"	RelError: 2.08794e-02	AbsError: 1.23963e+12
    Region: "SiRegion"	RelError: 2.08794e-02	AbsError: 1.23963e+12
      Equation: "ElectronContinuityEquation"	RelError: 1.93152e-02	AbsError: 1.53196e+10
      Equation: "HoleContinuityEquation"	RelError: 5.56959e-04	AbsError: 1.22431e+12
      Equation: "PotentialEquation"	RelError: 1.00725e-03	AbsError: 3.86613e-06
Iteration: 21
  Device: "BenchmarkDiode"	RelError: 9.23543e-07	AbsError: 1.33772e+07
    Region: "SiRegion"	RelError: 9.23543e-07	AbsError: 1.33772e+07
      Equation: "ElectronContinuityEquation"	RelError: 8.89108e-07	AbsError: 2.55928e+05
      Equation: "HoleContinuityEquation"	RelError: 1.84925e-08	AbsError: 1.31213e+07
      Equation: "PotentialEquation"	RelError: 1.59420e-08	AbsError: 5.98479e-11
Iteration: 22
  Device: "BenchmarkDiode"	RelError: 1.21355e-14	AbsError: 5.79507e+01
    Region: "SiRegion"	RelError: 1.21355e-14	AbsError: 5.79507e+01
      Equation: "ElectronContinuityEquation"	RelError: 1.95462e-15	AbsError: 3.03782e+01
      Equation: "HoleContinuityEquation"	RelError: 1.45998e-15	AbsError: 2.75725e+01
      Equation: "PotentialEquation"	RelError: 8.72086e-15	AbsError: 1.35514e-16
Charge Relative Error 9.97549e-01
number of equations 5085
Iteration: 0
  Device: "BenchmarkDiode"	RelError: 7.22961e+02	AbsError: 2.82945e+13
    Region: "SiRegion"	RelError: 7.22961e+02	AbsError: 2.82945e+13
      Equation: "ElectronContinuityEquation"	RelError: 4.16999e+02	AbsError: 7.00974e+12
      Equation: "HoleContinuityEquation"	RelError: 3.05867e+02	AbsError: 2.12847e+13
      Equation: "PotentialEquation"	RelError: 9.56490e-02	AbsError: 5.71275e-04
Iteration: 1
  Device: "BenchmarkDiode"	RelError: 2.41706e+00	AbsError: 1.72634e+10
    Region: "SiRegion"	RelError: 2.41706e+00	AbsError: 1.72634e+10
      Equation: "ElectronContinuityEquation"	RelError: 2.14548e+00	AbsError: 1.58007e+09
      Equation: "HoleContinuityEquation"	RelError: 2.71448e-01	AbsError: 1.56833e+10
      Equation: "PotentialEquation"	RelError: 1.23458e-04	AbsError: 2.85123e-07
Iteration: 2
  Device: "BenchmarkDiode"	RelError: 5.69250e-06	AbsError: 1.46140e+04
    Region: "SiRegion"	RelError: 5.69250e-06	AbsError: 1.46140e+04
      Equation: "ElectronContinuityEquation"	RelError: 5.63454e-06	AbsError: 8.67545e+02
      Equation: "HoleContinuityEquation"	RelError: 5.79101e-08	AbsError: 1.37465e+04
      Equation: "PotentialEquation"	RelError: 4.47903e-11	AbsError: 1.72743e-13
Iteration: 3
  Device: "BenchmarkDiode"	RelError: 3.98404e-14	AbsError: 6.23098e+01
    Region: "SiRegion"	RelError: 3.98404e-14	AbsError: 6.23098e+01
      Equation: "ElectronContinuityEquation"	RelError: 1.28177e-15	AbsError: 3.41498e+01
      Equation: "HoleContinuityEquation"	RelError: 1.29598e-15	AbsError: 2.81600e+01
      Equation: "PotentialEquation"	RelError: 3.72626e-14	AbsError: 1.18309e-16
Charge Relative Error 1.00000e+00
number of equations 5085
Iteration: 0
  Device: "BenchmarkDiode"	RelError: 7.51021e+02	AbsError: 2.23676e+11
    Region: "SiRegion"	RelError: 7.51021e+02	AbsError: 2.23676e+11
      Equation: "ElectronContinuityEquation"	RelError: 4.98936e+02	AbsError: 1.31835e+10
      Equation: "HoleContinuityEquation"	RelError: 2.52084e+02	AbsError: 2.10492e+11
      Equation: "PotentialEquation"	RelError: 1.12294e-03	AbsError: 6.53750e-06
Iteration: 1
  Device: "BenchmarkDiode"	RelError: 1.39008e-02	AbsError: 1.97417e+06
    Region: "SiRegion"	RelError: 1.39008e-02	AbsError: 1.97417e+06
      Equation: "ElectronContinuityEquation"	RelError: 1.19941e-02	AbsError: 2.80887e+05
      Equation: "HoleContinuityEquation"	RelError: 1.90665e-03	AbsError: 1.69328e+06
      Equation: "PotentialEquation"	RelError: 1.69353e-08	AbsError: 3.96901e-11
Iteration: 2
  Device: "BenchmarkDiode"	RelError: 3.55567e-12	AbsError: 5.71500e+01
    Region: "SiRegion"	RelError: 3.55567e-12	AbsError: 5.71500e+01
      Equation: "ElectronContinuityEquation"	RelError: 3.44998e-12	AbsError: 3.02080e+01
      Equation: "HoleContinuityEquation"	RelError: 8.95724e-14	AbsError: 2.69420e+01
      Equation: "PotentialEquation"	RelError: 1.61222e-14	AbsError: 1.38390e-16
Charge Relative Error 1.00000e+00
number of equations 5085
Iteration: 0
  Device: "BenchmarkDiode"	RelError: 3.55539e+02	AbsError: 2.33601e+09
    Region: "SiRegion"	RelError: 3.55539e+02	AbsError: 2.33601e+09
      Equation: "ElectronContinuityEquation"	RelError: 1.89987e+02	AbsError: 1.57798e+08
      Equation: "HoleContinuityEquation"	RelError: 1.65552e+02	AbsError: 2.17821e+09
      Equation: "PotentialEquation"	RelError: 1.98487e-05	AbsError: 6.93496e-08
Iteration: 1
  Device: "BenchmarkDiode"	RelError: 6.87176e-05	AbsError: 2.29851e+02
    Region: "SiRegion"	RelError: 6.87176e-05	AbsError: 2.29851e+02
      Equation: "ElectronContinuityEquation"	RelError: 5.41172e-05	AbsError: 4.35404e+01
      Equation: "HoleContinuityEquation"	RelError: 1.46003e-05	AbsError: 1.86311e+02
      Equation: "PotentialEquation"	RelError: 1.74505e-12	AbsError: 4.57967e-15
Iteration: 2
  Device: "BenchmarkDiode"	RelError: 2.12683e-14	AbsError: 3.97749e+01
    Region: "SiRegion"	RelError: 2.12683e-14	AbsError: 3.97749e+01
      Equation: "ElectronContinuityEquation"	RelError: 2.77306e-15	AbsError: 1.76525e+01
      Equation: "HoleContinuityEquation"	RelError: 1.21221e-15	AbsError: 2.21223e+01
      Equation: "PotentialEquation"	RelError: 1.72830e-14	AbsError: 1.17215e-16
Charge Relative Error 9.99988e-01
number of equations 5085
Iteration: 0
  Device: "BenchmarkDiode"	RelError: 1.76377e+01	AbsError: 2.33444e+07
    Region: "SiRegion"	RelError: 1.76377e+01	AbsError: 2.33444e+07
      Equation: "ElectronContinuityEquation"	RelError: 2.04525e+00	AbsError: 2.43829e+06
      Equation: "HoleContinuityEquation"	RelError: 1.55924e+01	AbsError: 2.09061e+07
      Equation: "PotentialEquation"	RelError: 2.13897e-07	AbsError: 6.42690e-10
Iteration: 1
  Device: "BenchmarkDiode"	RelError: 1.61656e-08	AbsError: 7.23262e+01
    Region: "SiRegion"	RelError: 1.61656e-08	AbsError: 7.23262e+01
      Equation: "ElectronContinuityEquation"	RelError: 6.24227e-09	AbsError: 2.95188e+01
      Equation: "HoleContinuityEquation"	RelError: 9.92331e-09	AbsError: 4.28073e+01
      Equation: "PotentialEquation"	RelError: 2.80201e-14	AbsError: 1.17205e-16
Iteration: 2
  Device: "BenchmarkDiode"	RelError: 1.97130e-14	AbsError: 2.86627e+01
    Region: "SiRegion"	RelError: 1.97130e-14	AbsError: 2.86627e+01
      Equation: "ElectronContinuityEquation"	RelError: 1.75488e-15	AbsError: 1.69749e+01
      Equation: "HoleContinuityEquation"	RelError: 2.00612e-15	AbsError: 1.16878e+01
      Equation: "PotentialEquation"	RelError: 1.59520e-14	AbsError: 1.14660e-16
Charge Relative Error 9.98227e-01
number of equations 5085
Iteration: 0
  Device: "BenchmarkDiode"	RelError: 3.80315e-01	AbsError: 2.06912e+05
    Region: "SiRegion"	RelError: 3.80315e-01	AbsError: 2.06912e+05
      Equation: "ElectronContinuityEquation"	RelError: 1.28702e-02	AbsError: 2.42219e+04
      Equation: "HoleContinuityEquation"	RelError: 3.67445e-01	AbsError: 1.82690e+05
      Equation: "PotentialEquation"	RelError: 1.88684e-09	AbsError: 5.35125e-12
Iteration: 1
  Device: "BenchmarkDiode"	RelError: 2.25228e-12	AbsError: 6.67146e+01
    Region: "SiRegion"	RelError: 2.25228e-12	AbsError: 6.67146e+01
      Equation: "ElectronContinuityEquation"	RelError: 4.17526e-13	AbsError: 3.24525e+01
      Equation: "HoleContinuityEquation"	RelError: 1.83152e-12	AbsError: 3.42621e+01
      Equation: "PotentialEquation"	RelError: 3.23802e-15	AbsError: 1.25423e-16
Charge Relative Error 7.32764e-01
number of equations 5085
Iteration: 0
  Device: "BenchmarkDiode"	RelError: 8.66615e-03	AbsError: 1.67666e+03
    Region: "SiRegion"	RelError: 8.66615e-03	AbsError: 1.67666e+03
      Equation: "ElectronContinuityEquation"	RelError: 1.48601e-04	AbsError: 1.99334e+02
      Equation: "HoleContinuityEquation"	RelError: 8.51755e-03	AbsError: 1.47733e+03
      Equation: "PotentialEquation"	RelError: 1.50086e-11	AbsError: 4.12758e-14
Iteration: 1
  Device: "BenchmarkDiode"	RelError: 8.73986e-15	AbsError: 4.00922e+01
    Region: "SiRegion"	RelError: 8.73986e-15	AbsError: 4.00922e+01
      Equation: "ElectronContinuityEquation"	RelError: 3.60162e-15	AbsError: 1.54873e+01
      Equation: "HoleContinuityEquation"	RelError: 1.12757e-15	AbsError: 2.46050e+01
      Equation: "PotentialEquation"	RelError: 4.01066e-15	AbsError: 1.37029e-16
Charge Relative Error 9.52159e-03
number of equations 5085
Iteration: 0
  Device: "BenchmarkDiode"	RelError: 2.01545e-04	AbsError: 3.62707e+01
    Region: "SiRegion"	RelError: 2.01545e-04	AbsError: 3.62707e+01
      Equation: "ElectronContinuityEquation"	RelError: 1.76151e-06	AbsError: 2.05846e+01
      Equation: "HoleContinuityEquation"	RelError: 1.99783e-04	AbsError: 1.56861e+01
      Equation: "PotentialEquation"	RelError: 1.11293e-13	AbsError: 3.96235e-16
Iteration: 1
  Device: "BenchmarkDiode"	RelError: 1.09472e-14	AbsError: 2.69539e+01
    Region: "SiRegion"	RelError: 1.09472e-14	AbsError: 2.69539e+01
      Equation: "ElectronContinuityEquation"	RelError: 3.22237e-15	AbsError: 1.30918e+01
      Equation: "HoleContinuityEquation"	RelError: 2.86866e-15	AbsError: 1.38622e+01
      Equation: "PotentialEquation"	RelError: 4.85619e-15	AbsError: 1.13490e-16
Charge Relative Error 6.15971e-05
number of equations 5085
Iteration: 0
  Device: "BenchmarkDiode"	RelError: 4.71853e-06	AbsError: 2.87768e+01
    Region: "SiRegion"	RelError: 4.71853e-06	AbsError: 2.87768e+01
      Equation: "ElectronContinuityEquation"	RelError: 2.09522e-08	AbsError: 2.08542e+01
      Equation: "HoleContinuityEquation"	RelError: 4.69758e-06	AbsError: 7.92261e+00
      Equation: "PotentialEquation"	RelError: 1.36664e-14	AbsError: 1.11022e-16
Iteration: 1
  Device: "BenchmarkDiode"	RelError: 2.35728e-14	AbsError: 2.31149e+01
    Region: "SiRegion"	RelError: 2.35728e-14	AbsError: 2.31149e+01
      Equation: "ElectronContinuityEquation"	RelError: 1.34328e-15	AbsError: 1.51923e+01
      Equation: "HoleContinuityEquation"	RelError: 1.68007e-15	AbsError: 7.92261e+00
      Equation: "PotentialEquation"	RelError: 2.05494e-14	AbsError: 1.13750e-16
Charge Relative Error 4.32968e-07
number of equations 5085
Iteration: 0
  Device: "BenchmarkDiode"	RelError: 1.10750e-07	AbsError: 3.36440e+01
    Region: "SiRegion"	RelError: 1.10750e-07	AbsError: 3.36440e+01
      Equation: "ElectronContinuityEquation"	RelError: 2.49339e-10	AbsError: 2.56059e+01
      Equation: "HoleContinuityEquation"	RelError: 1.10501e-07	AbsError: 8.03812e+00
      Equation: "PotentialEquation"	RelError: 2.71094e-14	AbsError: 1.19491e-16
Iteration: 1
  Device: "BenchmarkDiode"	RelError: 2.71256e-14	AbsError: 4.08244e+01
    Region: "SiRegion"	RelError: 2.71256e-14	AbsError: 4.08244e+01
      Equation: "ElectronContinuityEquation"	RelError: 1.15039e-15	AbsError: 2.88848e+01
      Equation: "HoleContinuityEquation"	RelError: 1.76435e-15	AbsError: 1.19396e+01
      Equation: "PotentialEquation"	RelError: 2.42108e-14	AbsError: 1.16348e-16
Charge Relative Error 4.51404e-09
number of equations 5085
Iteration: 0
  Device: "BenchmarkDiode"	RelError: 2.60249e-09	AbsError: 3.35014e+01
    Region: "SiRegion"	RelError: 2.60249e-09	AbsError: 3.35014e+01
      Equation: "ElectronContinuityEquation"	RelError: 2.96734e-12	AbsError: 2.55515e+01
      Equation: "HoleContinuityEquation"	RelError: 2.59949e-09	AbsError: 7.94989e+00
      Equation: "PotentialEquation"	RelError: 2.37649e-14	AbsError: 1.15022e-16
Iteration: 1
  Device: "BenchmarkDiode"	RelError: 2.71656e-14	AbsError: 3.68308e+01
    Region: "SiRegion"	RelError: 2.71656e-14	AbsError: 3.68308e+01
      Equation: "ElectronContinuityEquation"	RelError: 2.06524e-15	AbsError: 2.89081e+01
      Equation: "HoleContinuityEquation"	RelError: 1.51861e-15	AbsError: 7.92261e+00
      Equation: "PotentialEquation"	RelError: 2.35817e-14	AbsError: 1.17884e-16
Charge Relative Error 4.51404e-09
number of equations 5085
Iteration: 0
  Device: "BenchmarkDiode"	RelError: 6.12096e-11	AbsError: 3.35485e+01
    Region: "SiRegion"	RelError: 6.12096e-11	AbsError: 3.35485e+01
      Equation: "ElectronContinuityEquation"	RelError: 3.47493e-14	AbsError: 2.55391e+01
      Equation: "HoleContinuityEquation"	RelError: 6.11512e-11	AbsError: 8.00938e+00
      Equation: "PotentialEquation"	RelError: 2.36659e-14	AbsError: 1.14423e-16
Charge Relative Error 4.51404e-09
number of equations 5085
Iteration: 0
  Device: "BenchmarkDiode"	RelError: 1.46650e-12	AbsError: 4.05850e+01
    Region: "SiRegion"	RelError: 1.46650e-12	AbsError: 4.05850e+01
      Equation: "ElectronContinuityEquation"	RelError: 1.16807e-15	AbsError: 2.89469e+01
      Equation: "HoleContinuityEquation"	RelError: 1.43996e-12	AbsError: 1.16381e+01
      Equation: "PotentialEquation"	RelError: 2.53721e-14	AbsError: 1.14980e-16
Charge Relative Error 4.51404e-09
number of equations 5085
Iteration: 0
  Device: "BenchmarkDiode"	RelError: 5.75079e-14	AbsError: 3.36646e+01
    Region: "SiRegion"	RelError: 5.75079e-14	AbsError: 3.36646e+01
      Equation: "ElectronContinuityEquation"	RelError: 1.56075e-15	AbsError: 2.55411e+01
      Equation: "HoleContinuityEquation"	RelError: 3.31056e-14	AbsError: 8.12353e+00
      Equation: "PotentialEquation"	RelError: 2.28416e-14	AbsError: 1.11116e-16
Charge Relative Error 4.51404e-09
number of equations 5085
Iteration: 0
  Device: "BenchmarkDiode"	RelError: 2.45039e-14	AbsError: 3.68681e+01
    Region: "SiRegion"	RelError: 2.45039e-14	AbsError: 3.68681e+01
      Equation: "ElectronContinuityEquation"	RelError: 1.25544e-15	AbsError: 2.89455e+01
      Equation: "HoleContinuityEquation"	RelError: 1.51820e-15	AbsError: 7.92261e+00
      Equation: "PotentialEquation"	RelError: 2.17303e-14	AbsError: 1.11688e-16
Charge Relative Error 4.51404e-09
number of equations 5085
Iteration: 0
  Device: "BenchmarkDiode"	RelError: 2.50925e-14	AbsError: 3.34637e+01
    Region: "SiRegion"	RelError: 2.50925e-14	AbsError: 3.34637e+01
      Equation: "ElectronContinuityEquation"	RelError: 1.44347e-15	AbsError: 2.55411e+01
      Equation: "HoleContinuityEquation"	RelError: 1.21464e-15	AbsError: 7.92261e+00
      Equation: "PotentialEquation"	RelError: 2.24344e-14	AbsError: 1.11676e-16
Charge Relative Error 4.51404e-09
number of equations 5085
Iteration: 0
  Device: "BenchmarkDiode"	RelError: 2.66979e-14	AbsError: 3.68669e+01
    Region: "SiRegion"	RelError: 2.66979e-14	AbsError: 3.68669e+01
      Equation: "ElectronContinuityEquation"	RelError: 1.71987e-15	AbsError: 2.89443e+01
      Equation: "HoleContinuityEquation"	RelError: 1.09066e-15	AbsError: 7.92261e+00
      Equation: "PotentialEquation"	RelError: 2.38874e-14	AbsError: 1.11628e-16
Charge Relative Error 4.51404e-09
number of equations 5085
Iteration: 0
  Device: "BenchmarkDiode"	RelError: 2.60821e-14	AbsError: 3.34633e+01
    Region: "SiRegion"	RelError: 2.60821e-14	AbsError: 3.34633e+01
      Equation: "ElectronContinuityEquation"	RelError: 1.11313e-15	AbsError: 2.55407e+01
      Equation: "HoleContinuityEquation"	RelError: 1.00693e-15	AbsError: 7.92261e+00
      Equation: "PotentialEquation"	RelError: 2.39620e-14	AbsError: 1.11912e-16
Charge Relative Error 4.51404e-09
number of equations 5085
Iteration: 0
  Device: "BenchmarkDiode"	RelError: 2.54927e-14	AbsError: 3.68677e+01
    Region: "SiRegion"	RelError: 2.54927e-14	AbsError: 3.68677e+01
      Equation: "ElectronContinuityEquation"	RelError: 1.22948e-15	AbsError: 2.89451e+01
      Equation: "HoleContinuityEquation"	RelError: 8.56474e-16	AbsError: 7.92261e+00
      Equation: "PotentialEquation"	RelError: 2.34067e-14	AbsError: 1.11537e-16
Charge Relative Error 4.51404e-09
number of equations 5085
Iteration: 0
  Device: "BenchmarkDiode"	RelError: 2.51390e-14	AbsError: 3.34642e+01
    Region: "SiRegion"	RelError: 2.51390e-14	AbsError: 3.34642e+01
      Equation: "ElectronContinuityEquation"	RelError: 1.51198e-15	AbsError: 2.55416e+01
      Equation: "HoleContinuityEquation"	RelError: 9.72576e-16	AbsError: 7.92261e+00
      Equation: "PotentialEquation"	RelError: 2.26544e-14	AbsError: 1.11470e-16
Charge Relative Error 4.51404e-09
number of equations 5085
Iteration: 0
  Device: "BenchmarkDiode"	RelError: 2.61780e-14	AbsError: 3.68666e+01
    Region: "SiRegion"	RelError: 2.61780e-14	AbsError: 3.68666e+01
      Equation: "ElectronContinuityEquation"	RelError: 1.27385e-15	AbsError: 2.89440e+01
      Equation: "HoleContinuityEquation"	RelError: 2.00415e-15	AbsError: 7.92261e+00
      Equation: "PotentialEquation"	RelError: 2.29000e-14	AbsError: 1.11663e-16
Charge Relative Error 4.51404e-09
number of equations 5085
Iteration: 0
  Device: "BenchmarkDiode"	RelError: 2.72733e-14	AbsError: 3.34647e+01
    Region: "SiRegion"	RelError: 2.72733e-14	AbsError: 3.34647e+01
      Equation: "ElectronContinuityEquation"	RelError: 1.77061e-15	AbsError: 2.55421e+01
      Equation: "HoleContinuityEquation"	RelError: 2.23904e-15	AbsError: 7.92261e+00
      Equation: "PotentialEquation"	RelError: 2.32637e-14	AbsError: 1.11788e-16
Charge Relative Error 4.51404e-09
number of equations 5085
Iteration: 0
  Device: "BenchmarkDiode"	RelError: 2.57404e-14	AbsError: 3.68664e+01
    Region: "SiRegion"	RelError: 2.57404e-14	AbsError: 3.68664e+01
      Equation: "ElectronContinuityEquation"	RelError: 1.31402e-15	AbsError: 2.89438e+01
      Equation: "HoleContinuityEquation"	RelError: 1.17084e-15	AbsError: 7.92261e+00
      Equation: "PotentialEquation"	RelError: 2.32555e-14	AbsError: 1.11496e-16
Charge Relative Error 4.51404e-09
number of equations 5085
Iteration: 0
  Device: "BenchmarkDiode"	RelError: 2.54319e-14	AbsError: 3.34640e+01
    Region: "SiRegion"	RelError: 2.54319e-14	AbsError: 3.34640e+01
      Equation: "ElectronContinuityEquation"	RelError: 1.02881e-15	AbsError: 2.55414e+01
      Equation: "HoleContinuityEquation"	RelError: 1.05818e-15	AbsError: 7.92261e+00
      Equation: "PotentialEquation"	RelError: 2.33449e-14	AbsError: 1.11526e-16
Charge Relative Error 4.51404e-09
number of equations 5085
Iteration: 0
  Device: "BenchmarkDiode"	RelError: 2.56272e-14	AbsError: 3.68673e+01
    Region: "SiRegion"	RelError: 2.56272e-14	AbsError: 3.68673e+01
      Equation: "ElectronContinuityEquation"	RelError: 1.40796e-15	AbsError: 2.89447e+01
      Equation: "HoleContinuityEquation"	RelError: 9.86847e-16	AbsError: 7.92261e+00
      Equation: "PotentialEquation"	RelError: 2.32324e-14	AbsError: 1.11630e-16
Charge Relative Error 4.51404e-09
number of equations 5085
Iteration: 0
  Device: "BenchmarkDiode"	RelError: 2.53663e-14	AbsError: 3.34638e+01
    Region: "SiRegion"	RelError: 2.53663e-14	AbsError: 3.34638e+01
      Equation: "ElectronContinuityEquation"	RelError: 1.08379e-15	AbsError: 2.55412e+01
      Equation: "HoleContinuityEquation"	RelError: 9.07337e-16	AbsError: 7.92261e+00
      Equation: "PotentialEquation"	RelError: 2.33751e-14	AbsError: 1.11847e-16
Charge Relative Error 4.51404e-09
number of equations 5085
Iteration: 0
  Device: "BenchmarkDiode"	RelError: 2.57833e-14	AbsError: 3.68672e+01
    Region: "SiRegion"	RelError: 2.57833e-14	AbsError: 3.68672e+01
      Equation: "ElectronContinuityEquation"	RelError: 1.74708e-15	AbsError: 2.89446e+01
      Equation: "HoleContinuityEquation"	RelError: 8.79569e-16	AbsError: 7.92261e+00
      Equation: "PotentialEquation"	RelError: 2.31567e-14	AbsError: 1.11598e-16
Charge Relative Error 4.51404e-09
number of equations 5085
Iteration: 0
  Device: "BenchmarkDiode"	RelError: 2.63990e-14	AbsError: 3.34634e+01
    Region: "SiRegion"	RelError: 2.63990e-14	AbsError: 3.34634e+01
      Equation: "ElectronContinuityEquation"	RelError: 1.77921e-15	AbsError: 2.55408e+01
      Equation: "HoleContinuityEquation"	RelError: 1.45570e-15	AbsError: 7.92261e+00
      Equation: "PotentialEquation"	RelError: 2.31641e-14	AbsError: 1.11698e-16
Charge Relative Error 4.51404e-09
number of equations 5085
Iteration: 0
  Device: "BenchmarkDiode"	RelError: 2.69992e-14	AbsError: 3.68667e+01
    Region: "SiRegion"	RelError: 2.69992e-14	AbsError: 3.68667e+01
      Equation: "ElectronContinuityEquation"	RelError: 2.50754e-15	AbsError: 2.89441e+01
      Equation: "HoleContinuityEquation"	RelError: 1.91867e-15	AbsError: 7.92261e+00
      Equation: "PotentialEquation"	RelError: 2.25730e-14	AbsError: 1.11644e-16
Charge Relative Error 4.51404e-09
number of equations 5085
Iteration: 0
  Device: "BenchmarkDiode"	RelError: 2.64164e-14	AbsError: 3.34641e+01
    Region: "SiRegion"	RelError: 2.64164e-14	AbsError: 3.34641e+01
      Equation: "ElectronContinuityEquation"	RelError: 1.96591e-15	AbsError: 2.55415e+01
      Equation: "HoleContinuityEquation"	RelError: 1.80613e-15	AbsError: 7.92261e+00
      Equation: "PotentialEquation"	RelError: 2.26443e-14	AbsError: 1.11826e-16
Charge Relative Error 4.51404e-09
number of equations 5085
Iteration: 0
  Device: "BenchmarkDiode"	RelError: 2.61108e-14	AbsError: 3.68673e+01
    Region: "SiRegion"	RelError: 2.61108e-14	AbsError: 3.68673e+01
      Equation: "ElectronContinuityEquation"	RelError: 1.12684e-15	AbsError: 2.89447e+01
      Equation: "HoleContinuityEquation"	RelError: 1.34180e-15	AbsError: 7.92261e+00
      Equation: "PotentialEquation"	RelError: 2.36422e-14	AbsError: 1.11578e-16
Charge Relative Error 4.51404e-09
number of equations 5085
Iteration: 0
  Device: "BenchmarkDiode"	RelError: 2.64569e-14	AbsError: 3.34641e+01
    Region: "SiRegion"	RelError: 2.64569e-14	AbsError: 3.34641e+01
      Equation: "ElectronContinuityEquation"	RelError: 1.71465e-15	AbsError: 2.55415e+01
      Equation: "HoleContinuityEquation"	RelError: 1.31141e-15	AbsError: 7.92261e+00
      Equation: "PotentialEquation"	RelError: 2.34309e-14	AbsError: 1.11625e-16
Charge Relative Error 4.51404e-09
number of equations 5085
Iteration: 0
  Device: "BenchmarkDiode"	RelError: 2.62118e-14	AbsError: 3.68672e+01
    Region: "SiRegion"	RelError: 2.62118e-14	AbsError: 3.68672e+01
      Equation: "ElectronContinuityEquation"	RelError: 2.10751e-15	AbsError: 2.89446e+01
      Equation: "HoleContinuityEquation"	RelError: 9.42439e-16	AbsError: 7.92261e+00
      Equation: "PotentialEquation"	RelError: 2.31618e-14	AbsError: 1.11602e-16
Charge Relative Error 4.51404e-09
number of equations 5085
Iteration: 0
  Device: "BenchmarkDiode"	RelError: 2.66222e-14	AbsError: 3.34636e+01
    Region: "SiRegion"	RelError: 2.66222e-14	AbsError: 3.34636e+01
      Equation: "ElectronContinuityEquation"	RelError: 2.43326e-15	AbsError: 2.55410e+01
      Equation: "HoleContinuityEquation"	RelError: 9.02494e-16	AbsError: 7.92261e+00
      Equation: "PotentialEquation"	RelError: 2.32865e-14	AbsError: 1.11867e-16
Charge Relative Error 4.51404e-09
number of equations 5085
Iteration: 0
  Device: "BenchmarkDiode"	RelError: 2.57209e-14	AbsError: 3.68675e+01
    Region: "SiRegion"	RelError: 2.57209e-14	AbsError: 3.68675e+01
      Equation: "ElectronContinuityEquation"	RelError: 1.38045e-15	AbsError: 2.89449e+01
      Equation: "HoleContinuityEquation"	RelError: 1.02017e-15	AbsError: 7.92261e+00
      Equation: "PotentialEquation"	RelError: 2.33203e-14	AbsError: 1.11558e-16
Charge Relative Error 4.51404e-09
number of equations 5085
Iteration: 0
  Device: "BenchmarkDiode"	RelError: 2.42065e-14	AbsError: 3.34644e+01
    Region: "SiRegion"	RelError: 2.42065e-14	AbsError: 3.34644e+01
      Equation: "ElectronContinuityEquation"	RelError: 8.41569e-16	AbsError: 2.55418e+01
      Equation: "HoleContinuityEquation"	RelError: 1.03915e-15	AbsError: 7.92261e+00
      Equation: "PotentialEquation"	RelError: 2.23258e-14	AbsError: 1.11451e-16
Charge Relative Error 4.51404e-09
number of equations 5085
Iteration: 0
  Device: "BenchmarkDiode"	RelError: 2.49182e-14	AbsError: 3.68668e+01
    Region: "SiRegion"	RelError: 2.49182e-14	AbsError: 3.68668e+01
      Equation: "ElectronContinuityEquation"	RelError: 9.69110e-16	AbsError: 2.89442e+01
      Equation: "HoleContinuityEquation"	RelError: 9.69030e-16	AbsError: 7.92261e+00
      Equation: "PotentialEquation"	RelError: 2.29800e-14	AbsError: 1.11643e-16
Charge Relative Error 4.51404e-09
number of equations 5085
Iteration: 0
  Device: "BenchmarkDiode"	RelError: 2.65830e-14	AbsError: 3.34635e+01
    Region: "SiRegion"	RelError: 2.65830e-14	AbsError: 3.34635e+01
      Equation: "ElectronContinuityEquation"	RelError: 1.40462e-15	AbsError: 2.55409e+01
      Equation: "HoleContinuityEquation"	RelError: 1.12915e-15	AbsError: 7.92261e+00
      Equation: "PotentialEquation"	RelError: 2.40493e-14	AbsError: 1.11888e-16
Charge Relative Error 4.51404e-09
number of equations 5085
Iteration: 0
  Device: "BenchmarkDiode"	RelError: 2.54329e-14	AbsError: 3.68669e+01
    Region: "SiRegion"	RelError: 2.54329e-14	AbsError: 3.68669e+01
      Equation: "ElectronContinuityEquation"	RelError: 9.63011e-16	AbsError: 2.89443e+01
      Equation: "HoleContinuityEquation"	RelError: 1.39486e-15	AbsError: 7.92261e+00
      Equation: "PotentialEquation"	RelError: 2.30750e-14	AbsError: 1.11619e-16
Charge Relative Error 4.51404e-09
number of equations 5085
Iteration: 0
  Device: "BenchmarkDiode"	RelError: 2.52278e-14	AbsError: 3.34645e+01
    Region: "SiRegion"	RelError: 2.52278e-14	AbsError: 3.34645e+01
      Equation: "ElectronContinuityEquation"	RelError: 1.58766e-15	AbsError: 2.55419e+01
      Equation: "HoleContinuityEquation"	RelError: 1.27034e-15	AbsError: 7.92261e+00
      Equation: "PotentialEquation"	RelError: 2.23698e-14	AbsError: 1.11600e-16
Charge Relative Error 4.51404e-09
number of equations 5085
Iteration: 0
  Device: "BenchmarkDiode"	RelError: 2.57988e-14	AbsError: 3.68664e+01
    Region: "SiRegion"	RelError: 2.57988e-14	AbsError: 3.68664e+01
      Equation: "ElectronContinuityEquation"	RelError: 1.12774e-15	AbsError: 2.89438e+01
      Equation: "HoleContinuityEquation"	RelError: 1.44426e-15	AbsError: 7.92261e+00
      Equation: "PotentialEquation"	RelError: 2.32268e-14	AbsError: 1.11684e-16
Charge Relative Error 4.51404e-09
number of equations 5085
Iteration: 0
  Device: "BenchmarkDiode"	RelError: 2.53045e-14	AbsError: 3.34637e+01
    Region: "SiRegion"	RelError: 2.53045e-14	AbsError: 3.34637e+01
      Equation: "ElectronContinuityEquation"	RelError: 1.14509e-15	AbsError: 2.55411e+01
      Equation: "HoleContinuityEquation"	RelError: 9.04698e-16	AbsError: 7.92261e+00
      Equation: "PotentialEquation"	RelError: 2.32547e-14	AbsError: 1.11891e-16
Charge Relative Error 4.51404e-09
number of equations 5085
Iteration: 0
  Device: "BenchmarkDiode"	RelError: 2.42116e-14	AbsError: 3.68670e+01
    Region: "SiRegion"	RelError: 2.42116e-14	AbsError: 3.68670e+01
      Equation: "ElectronContinuityEquation"	RelError: 1.19350e-15	AbsError: 2.89444e+01
      Equation: "HoleContinuityEquation"	RelError: 1.12947e-15	AbsError: 7.92261e+00
      Equation: "PotentialEquation"	RelError: 2.18887e-14	AbsError: 1.11597e-16
Charge Relative Error 4.51404e-09
number of equations 5085
Iteration: 0
  Device: "BenchmarkDiode"	RelError: 2.33950e-14	AbsError: 3.34646e+01
    Region: "SiRegion"	RelError: 2.33950e-14	AbsError: 3.34646e+01
      Equation: "ElectronContinuityEquation"	RelError: 9.89236e-16	AbsError: 2.55420e+01
      Equation: "HoleContinuityEquation"	RelError: 8.57278e-16	AbsError: 7.92261e+00
      Equation: "PotentialEquation"	RelError: 2.15485e-14	AbsError: 1.11583e-16
Charge Relative Error 4.51404e-09
number of equations 5085
Iteration: 0
  Device: "BenchmarkDiode"	RelError: 2.51063e-14	AbsError: 3.68669e+01
    Region: "SiRegion"	RelError: 2.51063e-14	AbsError: 3.68669e+01
      Equation: "ElectronContinuityEquation"	RelError: 8.15117e-16	AbsError: 2.89443e+01
      Equation: "HoleContinuityEquation"	RelError: 1.24775e-15	AbsError: 7.92261e+00
      Equation: "PotentialEquation"	RelError: 2.30434e-14	AbsError: 1.11622e-16
Charge Relative Error 4.51404e-09
number of equations 5085
Iteration: 0
  Device: "BenchmarkDiode"	RelError: 2.54368e-14	AbsError: 3.34637e+01
    Region: "SiRegion"	RelError: 2.54368e-14	AbsError: 3.34637e+01
      Equation: "ElectronContinuityEquation"	RelError: 6.02782e-16	AbsError: 2.55411e+01
      Equation: "HoleContinuityEquation"	RelError: 1.12736e-15	AbsError: 7.92261e+00
      Equation: "PotentialEquation"	RelError: 2.37067e-14	AbsError: 1.11866e-16
Charge Relative Error 4.51404e-09
number of equations 5085
Iteration: 0
  Device: "BenchmarkDiode"	RelError: 2.61863e-14	AbsError: 3.68671e+01
    Region: "SiRegion"	RelError: 2.61863e-14	AbsError: 3.68671e+01
      Equation: "ElectronContinuityEquation"	RelError: 2.12629e-15	AbsError: 2.89445e+01
      Equation: "HoleContinuityEquation"	RelError: 9.08942e-16	AbsError: 7.92261e+00
      Equation: "PotentialEquation"	RelError: 2.31511e-14	AbsError: 1.11598e-16
Charge Relative Error 4.51404e-09
number of equations 5085
Iteration: 0
  Device: "BenchmarkDiode"	RelError: 2.71662e-14	AbsError: 3.34640e+01
    Region: "SiRegion"	RelError: 2.71662e-14	AbsError: 3.34640e+01
      Equation: "ElectronContinuityEquation"	RelError: 3.59888e-15	AbsError: 2.55414e+01
      Equation: "HoleContinuityEquation"	RelError: 1.03606e-15	AbsError: 7.92261e+00
      Equation: "PotentialEquation"	RelError: 2.25312e-14	AbsError: 1.11661e-16
Charge Relative Error 4.51404e-09
number of equations 5085
Iteration: 0
  Device: "BenchmarkDiode"	RelError: 2.62490e-14	AbsError: 3.68675e+01
    Region: "SiRegion"	RelError: 2.62490e-14	AbsError: 3.68675e+01
      Equation: "ElectronContinuityEquation"	RelError: 2.91432e-15	AbsError: 2.89449e+01
      Equation: "HoleContinuityEquation"	RelError: 8.50187e-16	AbsError: 7.92261e+00
      Equation: "PotentialEquation"	RelError: 2.24845e-14	AbsError: 1.11562e-16
Charge Relative Error 4.51404e-09
number of equations 5085
Iteration: 0
  Device: "BenchmarkDiode"	RelError: 2.59845e-14	AbsError: 3.34646e+01
    Region: "SiRegion"	RelError: 2.59845e-14	AbsError: 3.34646e+01
      Equation: "ElectronContinuityEquation"	RelError: 2.19236e-15	AbsError: 2.55419e+01
      Equation: "HoleContinuityEquation"	RelError: 1.01739e-15	AbsError: 7.92261e+00
      Equation: "PotentialEquation"	RelError: 2.27747e-14	AbsError: 1.11811e-16
Charge Relative Error 4.51404e-09
number of equations 5085
Iteration: 0
  Device: "BenchmarkDiode"	RelError: 2.46338e-14	AbsError: 3.68674e+01
    Region: "SiRegion"	RelError: 2.46338e-14	AbsError: 3.68674e+01
      Equation: "ElectronContinuityEquation"	RelError: 1.38318e-15	AbsError: 2.89448e+01
      Equation: "HoleContinuityEquation"	RelError: 8.35938e-16	AbsError: 7.92261e+00
      Equation: "PotentialEquation"	RelError: 2.24146e-14	AbsError: 1.11578e-16
Charge Relative Error 4.51404e-09
recovery_ifixed_tau_1e-05_dt_2e-09_mesh_2e-07: Vf=4.344e-01 V, If=9.997e-04 A, Qrr=4.297e-09 C, Qstored=6.687e-09 C, elapsed=2.98s
