Searching DEVSIM_MATH_LIBS="libopenblas.dylib:liblapack.dylib:libblas.dylib"
Loading "libopenblas.dylib": MISSING DLL
Loading "liblapack.dylib": ALL BLAS/LAPACK LOADED
Skipping libblas.dylib
loading UMFPACK 5.1 as direct solver
p_i
i_n
bot
 (region: SiRegion)
 (contact: top)
 (contact: bot)
number of equations 803
Iteration: 0
  Device: "BenchmarkDiode"	RelError: 1.00000e+00	AbsError: 1.64023e-01
    Region: "SiRegion"	RelError: 1.00000e+00	AbsError: 1.64023e-01
      Equation: "PotentialEquation"	RelError: 1.00000e+00	AbsError: 1.64023e-01
Iteration: 1
  Device: "BenchmarkDiode"	RelError: 4.97937e-01	AbsError: 1.62544e-01
    Region: "SiRegion"	RelError: 4.97937e-01	AbsError: 1.62544e-01
      Equation: "PotentialEquation"	RelError: 4.97937e-01	AbsError: 1.62544e-01
Iteration: 2
  Device: "BenchmarkDiode"	RelError: 4.74212e+00	AbsError: 1.03320e-01
    Region: "SiRegion"	RelError: 4.74212e+00	AbsError: 1.03320e-01
      Equation: "PotentialEquation"	RelError: 4.74212e+00	AbsError: 1.03320e-01
Iteration: 3
  Device: "BenchmarkDiode"	RelError: 1.26771e+01	AbsError: 5.73651e-02
    Region: "SiRegion"	RelError: 1.26771e+01	AbsError: 5.73651e-02
      Equation: "PotentialEquation"	RelError: 1.26771e+01	AbsError: 5.73651e-02
Iteration: 4
  Device: "BenchmarkDiode"	RelError: 5.92903e+00	AbsError: 5.01960e-02
    Region: "SiRegion"	RelError: 5.92903e+00	AbsError: 5.01960e-02
      Equation: "PotentialEquation"	RelError: 5.92903e+00	AbsError: 5.01960e-02
Iteration: 5
  Device: "BenchmarkDiode"	RelError: 2.29292e+00	AbsError: 4.17220e-02
    Region: "SiRegion"	RelError: 2.29292e+00	AbsError: 4.17220e-02
      Equation: "PotentialEquation"	RelError: 2.29292e+00	AbsError: 4.17220e-02
Iteration: 6
  Device: "BenchmarkDiode"	RelError: 6.96837e-01	AbsError: 3.16681e-02
    Region: "SiRegion"	RelError: 6.96837e-01	AbsError: 3.16681e-02
      Equation: "PotentialEquation"	RelError: 6.96837e-01	AbsError: 3.16681e-02
Iteration: 7
  Device: "BenchmarkDiode"	RelError: 5.32354e-02	AbsError: 2.22244e-02
    Region: "SiRegion"	RelError: 5.32354e-02	AbsError: 2.22244e-02
      Equation: "PotentialEquation"	RelError: 5.32354e-02	AbsError: 2.22244e-02
Iteration: 8
  Device: "BenchmarkDiode"	RelError: 2.46584e-02	AbsError: 1.02888e-02
    Region: "SiRegion"	RelError: 2.46584e-02	AbsError: 1.02888e-02
      Equation: "PotentialEquation"	RelError: 2.46584e-02	AbsError: 1.02888e-02
Iteration: 9
  Device: "BenchmarkDiode"	RelError: 1.38415e-05	AbsError: 5.77540e-06
    Region: "SiRegion"	RelError: 1.38415e-05	AbsError: 5.77540e-06
      Equation: "PotentialEquation"	RelError: 1.38415e-05	AbsError: 5.77540e-06
Iteration: 10
  Device: "BenchmarkDiode"	RelError: 1.85621e-10	AbsError: 7.74506e-11
    Region: "SiRegion"	RelError: 1.85621e-10	AbsError: 7.74506e-11
      Equation: "PotentialEquation"	RelError: 1.85621e-10	AbsError: 7.74506e-11
Iteration: 11
  Device: "BenchmarkDiode"	RelError: 2.26617e-15	AbsError: 4.29841e-17
    Region: "SiRegion"	RelError: 2.26617e-15	AbsError: 4.29841e-17
      Equation: "PotentialEquation"	RelError: 2.26617e-15	AbsError: 4.29841e-17
Warning: Replacing equation with equation of the same name.
Region: SiRegion, Equation: PotentialEquation, Variable: Potential
number of equations 2409
Iteration: 0
  Device: "BenchmarkDiode"	RelError: 6.57933e-14	AbsError: 1.00800e+03
    Region: "SiRegion"	RelError: 6.57933e-14	AbsError: 1.00800e+03
      Equation: "ElectronContinuityEquation"	RelError: 9.50832e-15	AbsError: 4.96000e+02
      Equation: "HoleContinuityEquation"	RelError: 5.12000e-15	AbsError: 5.12000e+02
      Equation: "PotentialEquation"	RelError: 5.11650e-14	AbsError: 1.42097e-16
number of equations 2409
Iteration: 0
  Device: "BenchmarkDiode"	RelError: 1.31565e+02	AbsError: 2.67812e+15
    Region: "SiRegion"	RelError: 1.31565e+02	AbsError: 2.67812e+15
      Equation: "ElectronContinuityEquation"	RelError: 9.68302e-01	AbsError: 1.33356e+15
      Equation: "HoleContinuityEquation"	RelError: 9.68300e-01	AbsError: 1.34456e+15
      Equation: "PotentialEquation"	RelError: 1.29629e+02	AbsError: 8.96718e-02
Iteration: 1
  Device: "BenchmarkDiode"	RelError: 1.33463e+02	AbsError: 1.07148e+15
    Region: "SiRegion"	RelError: 1.33463e+02	AbsError: 1.07148e+15
      Equation: "ElectronContinuityEquation"	RelError: 9.64791e-01	AbsError: 5.21760e+14
      Equation: "HoleContinuityEquation"	RelError: 9.94407e-01	AbsError: 5.49715e+14
      Equation: "PotentialEquation"	RelError: 1.31504e+02	AbsError: 8.66950e-02
Iteration: 2
  Device: "BenchmarkDiode"	RelError: 4.04916e+02	AbsError: 4.75181e+14
    Region: "SiRegion"	RelError: 4.04916e+02	AbsError: 4.75181e+14
      Equation: "ElectronContinuityEquation"	RelError: 9.60129e-01	AbsError: 2.52049e+14
      Equation: "HoleContinuityEquation"	RelError: 9.94145e-01	AbsError: 2.23131e+14
      Equation: "PotentialEquation"	RelError: 4.02962e+02	AbsError: 8.34501e-02
Iteration: 3
  Device: "BenchmarkDiode"	RelError: 4.09388e+02	AbsError: 6.20640e+14
    Region: "SiRegion"	RelError: 4.09388e+02	AbsError: 6.20640e+14
      Equation: "ElectronContinuityEquation"	RelError: 9.54236e-01	AbsError: 3.42690e+14
      Equation: "HoleContinuityEquation"	RelError: 9.90832e-01	AbsError: 2.77950e+14
      Equation: "PotentialEquation"	RelError: 4.07443e+02	AbsError: 7.98885e-02
Iteration: 4
  Device: "BenchmarkDiode"	RelError: 8.38712e+02	AbsError: 1.47519e+15
    Region: "SiRegion"	RelError: 8.38712e+02	AbsError: 1.47519e+15
      Equation: "ElectronContinuityEquation"	RelError: 9.46728e-01	AbsError: 8.58938e+14
      Equation: "HoleContinuityEquation"	RelError: 9.83947e-01	AbsError: 6.16248e+14
      Equation: "PotentialEquation"	RelError: 8.36781e+02	AbsError: 7.59483e-02
Iteration: 5
  Device: "BenchmarkDiode"	RelError: 2.88592e+00	AbsError: 4.50991e+15
    Region: "SiRegion"	RelError: 2.88592e+00	AbsError: 4.50991e+15
      Equation: "ElectronContinuityEquation"	RelError: 9.36875e-01	AbsError: 2.03913e+15
      Equation: "HoleContinuityEquation"	RelError: 9.26193e-01	AbsError: 2.47078e+15
      Equation: "PotentialEquation"	RelError: 1.02285e+00	AbsError: 7.15491e-02
Iteration: 6
  Device: "BenchmarkDiode"	RelError: 2.08348e+00	AbsError: 3.29138e+15
    Region: "SiRegion"	RelError: 2.08348e+00	AbsError: 3.29138e+15
      Equation: "ElectronContinuityEquation"	RelError: 9.23500e-01	AbsError: 2.15079e+15
      Equation: "HoleContinuityEquation"	RelError: 6.72301e-01	AbsError: 1.14058e+15
      Equation: "PotentialEquation"	RelError: 4.87677e-01	AbsError: 6.65854e-02
Iteration: 7
  Device: "BenchmarkDiode"	RelError: 1.83363e+00	AbsError: 6.79908e+15
    Region: "SiRegion"	RelError: 1.83363e+00	AbsError: 6.79908e+15
      Equation: "ElectronContinuityEquation"	RelError: 9.04673e-01	AbsError: 3.94787e+15
      Equation: "HoleContinuityEquation"	RelError: 6.20444e-01	AbsError: 2.85121e+15
      Equation: "PotentialEquation"	RelError: 3.08511e-01	AbsError: 6.09160e-02
Iteration: 8
  Device: "BenchmarkDiode"	RelError: 1.79702e+00	AbsError: 1.27629e+16
    Region: "SiRegion"	RelError: 1.79702e+00	AbsError: 1.27629e+16
      Equation: "ElectronContinuityEquation"	RelError: 8.75329e-01	AbsError: 7.27768e+15
      Equation: "HoleContinuityEquation"	RelError: 7.05840e-01	AbsError: 5.48520e+15
      Equation: "PotentialEquation"	RelError: 2.15851e-01	AbsError: 5.43523e-02
Iteration: 9
  Device: "BenchmarkDiode"	RelError: 1.66470e+00	AbsError: 2.02557e+16
    Region: "SiRegion"	RelError: 1.66470e+00	AbsError: 2.02557e+16
      Equation: "ElectronContinuityEquation"	RelError: 8.23033e-01	AbsError: 1.15892e+16
      Equation: "HoleContinuityEquation"	RelError: 6.85376e-01	AbsError: 8.66652e+15
      Equation: "PotentialEquation"	RelError: 1.56294e-01	AbsError: 4.66461e-02
Iteration: 10
  Device: "BenchmarkDiode"	RelError: 1.39493e+00	AbsError: 2.13668e+16
    Region: "SiRegion"	RelError: 1.39493e+00	AbsError: 2.13668e+16
      Equation: "ElectronContinuityEquation"	RelError: 7.15764e-01	AbsError: 1.24353e+16
      Equation: "HoleContinuityEquation"	RelError: 5.67537e-01	AbsError: 8.93154e+15
      Equation: "PotentialEquation"	RelError: 1.11634e-01	AbsError: 3.75040e-02
Iteration: 11
  Device: "BenchmarkDiode"	RelError: 9.01348e-01	AbsError: 1.07825e+16
    Region: "SiRegion"	RelError: 9.01348e-01	AbsError: 1.07825e+16
      Equation: "ElectronContinuityEquation"	RelError: 4.88413e-01	AbsError: 6.34791e+15
      Equation: "HoleContinuityEquation"	RelError: 3.39237e-01	AbsError: 4.43463e+15
      Equation: "PotentialEquation"	RelError: 7.36980e-02	AbsError: 2.67290e-02
Iteration: 12
  Device: "BenchmarkDiode"	RelError: 2.97170e-01	AbsError: 1.80487e+15
    Region: "SiRegion"	RelError: 2.97170e-01	AbsError: 1.80487e+15
      Equation: "ElectronContinuityEquation"	RelError: 1.62764e-01	AbsError: 9.29500e+14
      Equation: "HoleContinuityEquation"	RelError: 8.19830e-02	AbsError: 8.75365e+14
      Equation: "PotentialEquation"	RelError: 5.24222e-02	AbsError: 2.00645e-02
Iteration: 13
  Device: "BenchmarkDiode"	RelError: 1.79752e-02	AbsError: 4.30259e+14
    Region: "SiRegion"	RelError: 1.79752e-02	AbsError: 4.30259e+14
      Equation: "ElectronContinuityEquation"	RelError: 1.14955e-02	AbsError: 2.49797e+14
      Equation: "HoleContinuityEquation"	RelError: 6.09704e-03	AbsError: 1.80463e+14
      Equation: "PotentialEquation"	RelError: 3.82702e-04	AbsError: 1.57877e-04
Iteration: 14
  Device: "BenchmarkDiode"	RelError: 2.57586e-05	AbsError: 5.95885e+11
    Region: "SiRegion"	RelError: 2.57586e-05	AbsError: 5.95885e+11
      Equation: "ElectronContinuityEquation"	RelError: 1.45113e-05	AbsError: 3.27719e+11
      Equation: "HoleContinuityEquation"	RelError: 9.69874e-06	AbsError: 2.68166e+11
      Equation: "PotentialEquation"	RelError: 1.54847e-06	AbsError: 6.38694e-07
Iteration: 15
  Device: "BenchmarkDiode"	RelError: 1.40157e-10	AbsError: 3.24105e+06
    Region: "SiRegion"	RelError: 1.40157e-10	AbsError: 3.24105e+06
      Equation: "ElectronContinuityEquation"	RelError: 6.33072e-11	AbsError: 1.72281e+06
      Equation: "HoleContinuityEquation"	RelError: 6.52032e-11	AbsError: 1.51824e+06
      Equation: "PotentialEquation"	RelError: 1.16467e-11	AbsError: 4.80308e-12
Iteration: 16
  Device: "BenchmarkDiode"	RelError: 2.16882e-15	AbsError: 7.30056e+01
    Region: "SiRegion"	RelError: 2.16882e-15	AbsError: 7.30056e+01
      Equation: "ElectronContinuityEquation"	RelError: 1.01966e-15	AbsError: 3.79611e+01
      Equation: "HoleContinuityEquation"	RelError: 1.00091e-15	AbsError: 3.50445e+01
      Equation: "PotentialEquation"	RelError: 1.48254e-16	AbsError: 5.95124e-17
number of equations 2409
Iteration: 0
  Device: "BenchmarkDiode"	RelError: 2.55833e-15	AbsError: 4.91538e+01
    Region: "SiRegion"	RelError: 2.55833e-15	AbsError: 4.91538e+01
      Equation: "ElectronContinuityEquation"	RelError: 1.45698e-15	AbsError: 2.39005e+01
      Equation: "HoleContinuityEquation"	RelError: 9.90696e-16	AbsError: 2.52534e+01
      Equation: "PotentialEquation"	RelError: 1.10660e-16	AbsError: 4.31029e-17
number of equations 2409
Iteration: 0
  Device: "BenchmarkDiode"	RelError: 2.84218e-15	AbsError: 5.78639e+01
    Region: "SiRegion"	RelError: 2.84218e-15	AbsError: 5.78639e+01
      Equation: "ElectronContinuityEquation"	RelError: 1.67442e-15	AbsError: 2.80847e+01
      Equation: "HoleContinuityEquation"	RelError: 1.07699e-15	AbsError: 2.97792e+01
      Equation: "PotentialEquation"	RelError: 9.07674e-17	AbsError: 3.80508e-17
Charge Relative Error 3.05451e-09
number of equations 2409
Iteration: 0
  Device: "BenchmarkDiode"	RelError: 1.23776e-15	AbsError: 3.63812e+01
    Region: "SiRegion"	RelError: 1.23776e-15	AbsError: 3.63812e+01
      Equation: "ElectronContinuityEquation"	RelError: 5.47138e-16	AbsError: 2.22475e+01
      Equation: "HoleContinuityEquation"	RelError: 5.88194e-16	AbsError: 1.41338e+01
      Equation: "PotentialEquation"	RelError: 1.02427e-16	AbsError: 4.29457e-17
Charge Relative Error 2.87550e-09
number of equations 2409
Iteration: 0
  Device: "BenchmarkDiode"	RelError: 1.22828e-15	AbsError: 3.46150e+01
    Region: "SiRegion"	RelError: 1.22828e-15	AbsError: 3.46150e+01
      Equation: "ElectronContinuityEquation"	RelError: 4.01419e-16	AbsError: 2.07399e+01
      Equation: "HoleContinuityEquation"	RelError: 7.00994e-16	AbsError: 1.38752e+01
      Equation: "PotentialEquation"	RelError: 1.25862e-16	AbsError: 5.27803e-17
Charge Relative Error 2.87550e-09
number of equations 2409
Iteration: 0
  Device: "BenchmarkDiode"	RelError: 1.39007e-15	AbsError: 3.16498e+01
    Region: "SiRegion"	RelError: 1.39007e-15	AbsError: 3.16498e+01
      Equation: "ElectronContinuityEquation"	RelError: 4.16073e-16	AbsError: 1.99257e+01
      Equation: "HoleContinuityEquation"	RelError: 8.65772e-16	AbsError: 1.17241e+01
      Equation: "PotentialEquation"	RelError: 1.08222e-16	AbsError: 4.53728e-17
Charge Relative Error 3.05451e-09
number of equations 2409
Iteration: 0
  Device: "BenchmarkDiode"	RelError: 2.35539e-15	AbsError: 3.95119e+01
    Region: "SiRegion"	RelError: 2.35539e-15	AbsError: 3.95119e+01
      Equation: "ElectronContinuityEquation"	RelError: 9.75692e-16	AbsError: 2.22834e+01
      Equation: "HoleContinuityEquation"	RelError: 1.25772e-15	AbsError: 1.72285e+01
      Equation: "PotentialEquation"	RelError: 1.21981e-16	AbsError: 5.11472e-17
Charge Relative Error 2.87550e-09
number of equations 2409
Iteration: 0
  Device: "BenchmarkDiode"	RelError: 1.66192e-15	AbsError: 3.33003e+01
    Region: "SiRegion"	RelError: 1.66192e-15	AbsError: 3.33003e+01
      Equation: "ElectronContinuityEquation"	RelError: 4.78502e-16	AbsError: 1.90327e+01
      Equation: "HoleContinuityEquation"	RelError: 1.07788e-15	AbsError: 1.42676e+01
      Equation: "PotentialEquation"	RelError: 1.05535e-16	AbsError: 4.42462e-17
Charge Relative Error 2.99707e-09
number of equations 2409
Iteration: 0
  Device: "BenchmarkDiode"	RelError: 1.61362e-15	AbsError: 4.21364e+01
    Region: "SiRegion"	RelError: 1.61362e-15	AbsError: 4.21364e+01
      Equation: "ElectronContinuityEquation"	RelError: 7.54986e-16	AbsError: 2.10324e+01
      Equation: "HoleContinuityEquation"	RelError: 7.63505e-16	AbsError: 2.11040e+01
      Equation: "PotentialEquation"	RelError: 9.51270e-17	AbsError: 3.90752e-17
Charge Relative Error 2.93962e-09
number of equations 2409
Iteration: 0
  Device: "BenchmarkDiode"	RelError: 1.29102e-15	AbsError: 3.41107e+01
    Region: "SiRegion"	RelError: 1.29102e-15	AbsError: 3.41107e+01
      Equation: "ElectronContinuityEquation"	RelError: 5.83475e-16	AbsError: 1.74129e+01
      Equation: "HoleContinuityEquation"	RelError: 6.04086e-16	AbsError: 1.66978e+01
      Equation: "PotentialEquation"	RelError: 1.03460e-16	AbsError: 4.21596e-17
Charge Relative Error 2.87550e-09
number of equations 2409
Iteration: 0
  Device: "BenchmarkDiode"	RelError: 1.52276e-15	AbsError: 3.63911e+01
    Region: "SiRegion"	RelError: 1.52276e-15	AbsError: 3.63911e+01
      Equation: "ElectronContinuityEquation"	RelError: 4.58476e-16	AbsError: 2.17909e+01
      Equation: "HoleContinuityEquation"	RelError: 9.38810e-16	AbsError: 1.46002e+01
      Equation: "PotentialEquation"	RelError: 1.25479e-16	AbsError: 5.26195e-17
Charge Relative Error 2.99707e-09
number of equations 2409
Iteration: 0
  Device: "BenchmarkDiode"	RelError: 1.37668e-15	AbsError: 3.43897e+01
    Region: "SiRegion"	RelError: 1.37668e-15	AbsError: 3.43897e+01
      Equation: "ElectronContinuityEquation"	RelError: 4.08075e-16	AbsError: 1.84093e+01
      Equation: "HoleContinuityEquation"	RelError: 8.61565e-16	AbsError: 1.59803e+01
      Equation: "PotentialEquation"	RelError: 1.07043e-16	AbsError: 4.48784e-17
Charge Relative Error 2.88218e-09
number of equations 2409
Iteration: 0
  Device: "BenchmarkDiode"	RelError: 1.99840e+03	AbsError: 2.11801e+17
    Region: "SiRegion"	RelError: 1.99840e+03	AbsError: 2.11801e+17
      Equation: "ElectronContinuityEquation"	RelError: 9.99000e+02	AbsError: 1.05899e+17
      Equation: "HoleContinuityEquation"	RelError: 9.99000e+02	AbsError: 1.05902e+17
      Equation: "PotentialEquation"	RelError: 4.04434e-01	AbsError: 1.10220e-01
Iteration: 1
  Device: "BenchmarkDiode"	RelError: 2.66177e+00	AbsError: 2.24493e+17
    Region: "SiRegion"	RelError: 2.66177e+00	AbsError: 2.24493e+17
      Equation: "ElectronContinuityEquation"	RelError: 9.99251e-01	AbsError: 1.40516e+17
      Equation: "HoleContinuityEquation"	RelError: 9.98751e-01	AbsError: 8.39770e+16
      Equation: "PotentialEquation"	RelError: 6.63768e-01	AbsError: 1.36364e-01
Iteration: 2
  Device: "BenchmarkDiode"	RelError: 1.99988e+03	AbsError: 1.27413e+17
    Region: "SiRegion"	RelError: 1.99988e+03	AbsError: 1.27413e+17
      Equation: "ElectronContinuityEquation"	RelError: 9.99000e+02	AbsError: 6.24617e+16
      Equation: "HoleContinuityEquation"	RelError: 9.99000e+02	AbsError: 6.49510e+16
      Equation: "PotentialEquation"	RelError: 1.87542e+00	AbsError: 1.06913e-01
Iteration: 3
  Device: "BenchmarkDiode"	RelError: 1.73757e+02	AbsError: 1.46756e+17
    Region: "SiRegion"	RelError: 1.73757e+02	AbsError: 1.46756e+17
      Equation: "ElectronContinuityEquation"	RelError: 9.98825e-01	AbsError: 3.12340e+16
      Equation: "HoleContinuityEquation"	RelError: 9.99397e-01	AbsError: 1.15522e+17
      Equation: "PotentialEquation"	RelError: 1.71759e+02	AbsError: 1.27443e-01
Iteration: 4
  Device: "BenchmarkDiode"	RelError: 2.00946e+03	AbsError: 1.06436e+17
    Region: "SiRegion"	RelError: 2.00946e+03	AbsError: 1.06436e+17
      Equation: "ElectronContinuityEquation"	RelError: 9.99000e+02	AbsError: 1.43784e+16
      Equation: "HoleContinuityEquation"	RelError: 9.99000e+02	AbsError: 9.20578e+16
      Equation: "PotentialEquation"	RelError: 1.14564e+01	AbsError: 1.03414e-01
Iteration: 5
  Device: "BenchmarkDiode"	RelError: 2.57190e+03	AbsError: 7.04460e+16
    Region: "SiRegion"	RelError: 2.57190e+03	AbsError: 7.04460e+16
      Equation: "ElectronContinuityEquation"	RelError: 9.99549e-01	AbsError: 5.37640e+16
      Equation: "HoleContinuityEquation"	RelError: 9.99066e-01	AbsError: 1.66819e+16
      Equation: "PotentialEquation"	RelError: 2.56991e+03	AbsError: 1.07019e-01
Iteration: 6
  Device: "BenchmarkDiode"	RelError: 2.09096e+03	AbsError: 6.38252e+16
    Region: "SiRegion"	RelError: 2.09096e+03	AbsError: 6.38252e+16
      Equation: "ElectronContinuityEquation"	RelError: 9.99000e+02	AbsError: 4.82194e+16
      Equation: "HoleContinuityEquation"	RelError: 9.99000e+02	AbsError: 1.56058e+16
      Equation: "PotentialEquation"	RelError: 9.29645e+01	AbsError: 9.93194e-02
Iteration: 7
  Device: "BenchmarkDiode"	RelError: 1.69005e+01	AbsError: 3.32201e+16
    Region: "SiRegion"	RelError: 1.69005e+01	AbsError: 3.32201e+16
      Equation: "ElectronContinuityEquation"	RelError: 9.99171e-01	AbsError: 1.52700e+16
      Equation: "HoleContinuityEquation"	RelError: 9.99552e-01	AbsError: 1.79501e+16
      Equation: "PotentialEquation"	RelError: 1.49018e+01	AbsError: 9.81714e-02
Iteration: 8
  Device: "BenchmarkDiode"	RelError: 2.09683e+03	AbsError: 1.48378e+16
    Region: "SiRegion"	RelError: 2.09683e+03	AbsError: 1.48378e+16
      Equation: "ElectronContinuityEquation"	RelError: 9.99000e+02	AbsError: 8.45846e+15
      Equation: "HoleContinuityEquation"	RelError: 9.99000e+02	AbsError: 6.37937e+15
      Equation: "PotentialEquation"	RelError: 9.88334e+01	AbsError: 9.54349e-02
Iteration: 9
  Device: "BenchmarkDiode"	RelError: 1.55830e+03	AbsError: 1.92643e+16
    Region: "SiRegion"	RelError: 1.55830e+03	AbsError: 1.92643e+16
      Equation: "ElectronContinuityEquation"	RelError: 9.99283e-01	AbsError: 1.19082e+16
      Equation: "HoleContinuityEquation"	RelError: 9.99000e+02	AbsError: 7.35616e+15
      Equation: "PotentialEquation"	RelError: 5.58298e+02	AbsError: 9.22505e-02
Iteration: 10
  Device: "BenchmarkDiode"	RelError: 3.73071e+03	AbsError: 1.80602e+16
    Region: "SiRegion"	RelError: 3.73071e+03	AbsError: 1.80602e+16
      Equation: "ElectronContinuityEquation"	RelError: 2.07750e+03	AbsError: 9.76454e+15
      Equation: "HoleContinuityEquation"	RelError: 1.59302e+03	AbsError: 8.29568e+15
      Equation: "PotentialEquation"	RelError: 6.01828e+01	AbsError: 9.04569e-02
Iteration: 11
  Device: "BenchmarkDiode"	RelError: 6.88743e+03	AbsError: 8.31825e+15
    Region: "SiRegion"	RelError: 6.88743e+03	AbsError: 8.31825e+15
      Equation: "ElectronContinuityEquation"	RelError: 9.99283e-01	AbsError: 4.82030e+15
      Equation: "HoleContinuityEquation"	RelError: 9.99000e+02	AbsError: 3.49795e+15
      Equation: "PotentialEquation"	RelError: 5.88743e+03	AbsError: 8.77937e-02
Iteration: 12
  Device: "BenchmarkDiode"	RelError: 2.08932e+03	AbsError: 5.71740e+15
    Region: "SiRegion"	RelError: 2.08932e+03	AbsError: 5.71740e+15
      Equation: "ElectronContinuityEquation"	RelError: 9.99000e+02	AbsError: 2.77444e+15
      Equation: "HoleContinuityEquation"	RelError: 9.99000e+02	AbsError: 2.94296e+15
      Equation: "PotentialEquation"	RelError: 9.13152e+01	AbsError: 8.40540e-02
Iteration: 13
  Device: "BenchmarkDiode"	RelError: 7.00020e+01	AbsError: 4.62352e+15
    Region: "SiRegion"	RelError: 7.00020e+01	AbsError: 4.62352e+15
      Equation: "ElectronContinuityEquation"	RelError: 9.98930e-01	AbsError: 1.31435e+15
      Equation: "HoleContinuityEquation"	RelError: 4.87318e+00	AbsError: 3.30917e+15
      Equation: "PotentialEquation"	RelError: 6.41299e+01	AbsError: 8.13849e-02
Iteration: 14
  Device: "BenchmarkDiode"	RelError: 1.03371e+03	AbsError: 3.18328e+15
    Region: "SiRegion"	RelError: 1.03371e+03	AbsError: 3.18328e+15
      Equation: "ElectronContinuityEquation"	RelError: 9.99000e+02	AbsError: 1.01139e+15
      Equation: "HoleContinuityEquation"	RelError: 9.77409e-01	AbsError: 2.17189e+15
      Equation: "PotentialEquation"	RelError: 3.37316e+01	AbsError: 7.69758e-02
Iteration: 15
  Device: "BenchmarkDiode"	RelError: 2.59916e+01	AbsError: 1.97311e+15
    Region: "SiRegion"	RelError: 2.59916e+01	AbsError: 1.97311e+15
      Equation: "ElectronContinuityEquation"	RelError: 9.98904e-01	AbsError: 5.90537e+14
      Equation: "HoleContinuityEquation"	RelError: 1.00085e+00	AbsError: 1.38257e+15
      Equation: "PotentialEquation"	RelError: 2.39919e+01	AbsError: 7.31719e-02
Iteration: 16
  Device: "BenchmarkDiode"	RelError: 4.35666e+01	AbsError: 7.69921e+14
    Region: "SiRegion"	RelError: 4.35666e+01	AbsError: 7.69921e+14
      Equation: "ElectronContinuityEquation"	RelError: 5.43361e+00	AbsError: 2.75406e+14
      Equation: "HoleContinuityEquation"	RelError: 3.32126e-01	AbsError: 4.94514e+14
      Equation: "PotentialEquation"	RelError: 3.78009e+01	AbsError: 6.82210e-02
Iteration: 17
  Device: "BenchmarkDiode"	RelError: 7.99291e+00	AbsError: 2.39750e+14
    Region: "SiRegion"	RelError: 7.99291e+00	AbsError: 2.39750e+14
      Equation: "ElectronContinuityEquation"	RelError: 7.93664e-01	AbsError: 8.97446e+13
      Equation: "HoleContinuityEquation"	RelError: 1.72319e-01	AbsError: 1.50006e+14
      Equation: "PotentialEquation"	RelError: 7.02692e+00	AbsError: 6.28260e-02
Iteration: 18
  Device: "BenchmarkDiode"	RelError: 9.90174e-01	AbsError: 1.03051e+14
    Region: "SiRegion"	RelError: 9.90174e-01	AbsError: 1.03051e+14
      Equation: "ElectronContinuityEquation"	RelError: 8.18785e-01	AbsError: 2.52932e+13
      Equation: "HoleContinuityEquation"	RelError: 9.70694e-02	AbsError: 7.77575e+13
      Equation: "PotentialEquation"	RelError: 7.43205e-02	AbsError: 5.65961e-02
Iteration: 19
  Device: "BenchmarkDiode"	RelError: 2.87634e+00	AbsError: 4.19161e+13
    Region: "SiRegion"	RelError: 2.87634e+00	AbsError: 4.19161e+13
      Equation: "ElectronContinuityEquation"	RelError: 2.71216e-01	AbsError: 1.07551e+13
      Equation: "HoleContinuityEquation"	RelError: 3.73276e-02	AbsError: 3.11610e+13
      Equation: "PotentialEquation"	RelError: 2.56779e+00	AbsError: 4.92685e-02
Iteration: 20
  Device: "BenchmarkDiode"	RelError: 5.95809e-01	AbsError: 1.27360e+13
    Region: "SiRegion"	RelError: 5.95809e-01	AbsError: 1.27360e+13
      Equation: "ElectronContinuityEquation"	RelError: 1.06958e-01	AbsError: 3.62711e+12
      Equation: "HoleContinuityEquation"	RelError: 1.09799e-02	AbsError: 9.10893e+12
      Equation: "PotentialEquation"	RelError: 4.77871e-01	AbsError: 4.06290e-02
Iteration: 21
  Device: "BenchmarkDiode"	RelError: 1.39798e-01	AbsError: 2.76111e+12
    Region: "SiRegion"	RelError: 1.39798e-01	AbsError: 2.76111e+12
      Equation: "ElectronContinuityEquation"	RelError: 2.76474e-02	AbsError: 9.17410e+11
      Equation: "HoleContinuityEquation"	RelError: 2.19085e-03	AbsError: 1.84370e+12
      Equation: "PotentialEquation"	RelError: 1.09960e-01	AbsError: 3.03778e-02
Iteration: 22
  Device: "BenchmarkDiode"	RelError: 2.67876e-02	AbsError: 1.28500e+12
    Region: "SiRegion"	RelError: 2.67876e-02	AbsError: 1.28500e+12
      Equation: "ElectronContinuityEquation"	RelError: 5.05086e-03	AbsError: 1.59745e+11
      Equation: "HoleContinuityEquation"	RelError: 7.94185e-04	AbsError: 1.12526e+12
      Equation: "PotentialEquation"	RelError: 2.09425e-02	AbsError: 2.57146e-02
Iteration: 23
  Device: "BenchmarkDiode"	RelError: 8.05013e-03	AbsError: 9.76335e+11
    Region: "SiRegion"	RelError: 8.05013e-03	AbsError: 9.76335e+11
      Equation: "ElectronContinuityEquation"	RelError: 5.34348e-04	AbsError: 1.73350e+10
      Equation: "HoleContinuityEquation"	RelError: 6.05377e-04	AbsError: 9.59001e+11
      Equation: "PotentialEquation"	RelError: 6.91041e-03	AbsError: 8.71428e-03
Iteration: 24
  Device: "BenchmarkDiode"	RelError: 7.36273e-03	AbsError: 1.44265e+12
    Region: "SiRegion"	RelError: 7.36273e-03	AbsError: 1.44265e+12
      Equation: "ElectronContinuityEquation"	RelError: 3.49789e-04	AbsError: 1.30101e+10
      Equation: "HoleContinuityEquation"	RelError: 1.05150e-03	AbsError: 1.42964e+12
      Equation: "PotentialEquation"	RelError: 5.96143e-03	AbsError: 3.50372e-06
Iteration: 25
  Device: "BenchmarkDiode"	RelError: 6.94190e-08	AbsError: 1.05230e+07
    Region: "SiRegion"	RelError: 6.94190e-08	AbsError: 1.05230e+07
      Equation: "ElectronContinuityEquation"	RelError: 4.67004e-09	AbsError: 1.28473e+05
      Equation: "HoleContinuityEquation"	RelError: 9.72299e-09	AbsError: 1.03945e+07
      Equation: "PotentialEquation"	RelError: 5.50260e-08	AbsError: 3.18759e-11
Iteration: 26
  Device: "BenchmarkDiode"	RelError: 1.21963e-13	AbsError: 5.76882e+01
    Region: "SiRegion"	RelError: 1.21963e-13	AbsError: 5.76882e+01
      Equation: "ElectronContinuityEquation"	RelError: 8.02934e-16	AbsError: 2.07974e+01
      Equation: "HoleContinuityEquation"	RelError: 8.27973e-16	AbsError: 3.68907e+01
      Equation: "PotentialEquation"	RelError: 1.20332e-13	AbsError: 1.34327e-16
Charge Relative Error 9.98672e-01
number of equations 2409
Iteration: 0
  Device: "BenchmarkDiode"	RelError: 2.02288e+03	AbsError: 8.17423e+15
    Region: "SiRegion"	RelError: 2.02288e+03	AbsError: 8.17423e+15
      Equation: "ElectronContinuityEquation"	RelError: 9.99000e+02	AbsError: 1.05262e+15
      Equation: "HoleContinuityEquation"	RelError: 9.99000e+02	AbsError: 7.12161e+15
      Equation: "PotentialEquation"	RelError: 2.48774e+01	AbsError: 6.17977e-02
Iteration: 1
  Device: "BenchmarkDiode"	RelError: 2.95166e+01	AbsError: 1.43446e+15
    Region: "SiRegion"	RelError: 2.95166e+01	AbsError: 1.43446e+15
      Equation: "ElectronContinuityEquation"	RelError: 8.82564e+00	AbsError: 1.60256e+14
      Equation: "HoleContinuityEquation"	RelError: 2.26112e+00	AbsError: 1.27420e+15
      Equation: "PotentialEquation"	RelError: 1.84298e+01	AbsError: 5.89686e-02
Iteration: 2
  Device: "BenchmarkDiode"	RelError: 7.53026e+01	AbsError: 3.86067e+14
    Region: "SiRegion"	RelError: 7.53026e+01	AbsError: 3.86067e+14
      Equation: "ElectronContinuityEquation"	RelError: 5.97090e+00	AbsError: 5.47256e+13
      Equation: "HoleContinuityEquation"	RelError: 1.33794e+00	AbsError: 3.31341e+14
      Equation: "PotentialEquation"	RelError: 6.79938e+01	AbsError: 5.30598e-02
Iteration: 3
  Device: "BenchmarkDiode"	RelError: 6.62354e+00	AbsError: 7.73550e+13
    Region: "SiRegion"	RelError: 6.62354e+00	AbsError: 7.73550e+13
      Equation: "ElectronContinuityEquation"	RelError: 6.08514e+00	AbsError: 2.42470e+12
      Equation: "HoleContinuityEquation"	RelError: 3.80036e-01	AbsError: 7.49303e+13
      Equation: "PotentialEquation"	RelError: 1.58358e-01	AbsError: 4.52954e-02
Iteration: 4
  Device: "BenchmarkDiode"	RelError: 3.79117e+00	AbsError: 1.26210e+13
    Region: "SiRegion"	RelError: 3.79117e+00	AbsError: 1.26210e+13
      Equation: "ElectronContinuityEquation"	RelError: 3.21104e+00	AbsError: 3.78224e+12
      Equation: "HoleContinuityEquation"	RelError: 1.43609e-01	AbsError: 8.83879e+12
      Equation: "PotentialEquation"	RelError: 4.36524e-01	AbsError: 3.60025e-02
Iteration: 5
  Device: "BenchmarkDiode"	RelError: 8.76608e-01	AbsError: 1.87967e+12
    Region: "SiRegion"	RelError: 8.76608e-01	AbsError: 1.87967e+12
      Equation: "ElectronContinuityEquation"	RelError: 7.74403e-01	AbsError: 1.88726e+11
      Equation: "HoleContinuityEquation"	RelError: 4.67774e-02	AbsError: 1.69094e+12
      Equation: "PotentialEquation"	RelError: 5.54270e-02	AbsError: 2.57577e-02
Iteration: 6
  Device: "BenchmarkDiode"	RelError: 1.06211e-01	AbsError: 2.64979e+11
    Region: "SiRegion"	RelError: 1.06211e-01	AbsError: 2.64979e+11
      Equation: "ElectronContinuityEquation"	RelError: 7.55742e-02	AbsError: 5.37408e+10
      Equation: "HoleContinuityEquation"	RelError: 5.53518e-03	AbsError: 2.11238e+11
      Equation: "PotentialEquation"	RelError: 2.51015e-02	AbsError: 1.71364e-02
Iteration: 7
  Device: "BenchmarkDiode"	RelError: 1.83120e-03	AbsError: 2.04203e+10
    Region: "SiRegion"	RelError: 1.83120e-03	AbsError: 2.04203e+10
      Equation: "ElectronContinuityEquation"	RelError: 1.05485e-03	AbsError: 4.07105e+09
      Equation: "HoleContinuityEquation"	RelError: 4.50132e-04	AbsError: 1.63493e+10
      Equation: "PotentialEquation"	RelError: 3.26218e-04	AbsError: 4.88725e-07
Iteration: 8
  Device: "BenchmarkDiode"	RelError: 5.51932e-10	AbsError: 7.56594e+03
    Region: "SiRegion"	RelError: 5.51932e-10	AbsError: 7.56594e+03
      Equation: "ElectronContinuityEquation"	RelError: 2.87098e-10	AbsError: 1.27676e+03
      Equation: "HoleContinuityEquation"	RelError: 1.75216e-10	AbsError: 6.28918e+03
      Equation: "PotentialEquation"	RelError: 8.96173e-11	AbsError: 1.66193e-13
Iteration: 9
  Device: "BenchmarkDiode"	RelError: 2.21350e-14	AbsError: 3.77807e+01
    Region: "SiRegion"	RelError: 2.21350e-14	AbsError: 3.77807e+01
      Equation: "ElectronContinuityEquation"	RelError: 9.54462e-16	AbsError: 1.90538e+01
      Equation: "HoleContinuityEquation"	RelError: 9.95138e-16	AbsError: 1.87269e+01
      Equation: "PotentialEquation"	RelError: 2.01854e-14	AbsError: 1.18408e-16
Charge Relative Error 1.00000e+00
number of equations 2409
Iteration: 0
  Device: "BenchmarkDiode"	RelError: 2.05161e+04	AbsError: 3.54975e+14
    Region: "SiRegion"	RelError: 2.05161e+04	AbsError: 3.54975e+14
      Equation: "ElectronContinuityEquation"	RelError: 4.95965e+03	AbsError: 5.75867e+13
      Equation: "HoleContinuityEquation"	RelError: 1.55509e+04	AbsError: 2.97388e+14
      Equation: "PotentialEquation"	RelError: 5.59214e+00	AbsError: 1.40423e-02
Iteration: 1
  Device: "BenchmarkDiode"	RelError: 5.06743e+00	AbsError: 4.38490e+12
    Region: "SiRegion"	RelError: 5.06743e+00	AbsError: 4.38490e+12
      Equation: "ElectronContinuityEquation"	RelError: 4.02021e+00	AbsError: 9.98085e+11
      Equation: "HoleContinuityEquation"	RelError: 1.01140e+00	AbsError: 3.38681e+12
      Equation: "PotentialEquation"	RelError: 3.58163e-02	AbsError: 1.11884e-04
Iteration: 2
  Device: "BenchmarkDiode"	RelError: 2.42309e-03	AbsError: 8.86528e+08
    Region: "SiRegion"	RelError: 2.42309e-03	AbsError: 8.86528e+08
      Equation: "ElectronContinuityEquation"	RelError: 2.14968e-03	AbsError: 9.20480e+07
      Equation: "HoleContinuityEquation"	RelError: 2.68191e-04	AbsError: 7.94480e+08
      Equation: "PotentialEquation"	RelError: 5.22179e-06	AbsError: 1.61677e-08
Iteration: 3
  Device: "BenchmarkDiode"	RelError: 2.32044e-10	AbsError: 1.06778e+02
    Region: "SiRegion"	RelError: 2.32044e-10	AbsError: 1.06778e+02
      Equation: "ElectronContinuityEquation"	RelError: 2.16792e-10	AbsError: 5.16880e+01
      Equation: "HoleContinuityEquation"	RelError: 1.51173e-11	AbsError: 5.50898e+01
      Equation: "PotentialEquation"	RelError: 1.34115e-13	AbsError: 6.07819e-16
Iteration: 4
  Device: "BenchmarkDiode"	RelError: 3.66919e-15	AbsError: 4.67220e+01
    Region: "SiRegion"	RelError: 3.66919e-15	AbsError: 4.67220e+01
      Equation: "ElectronContinuityEquation"	RelError: 8.87453e-16	AbsError: 2.56539e+01
      Equation: "HoleContinuityEquation"	RelError: 1.03015e-15	AbsError: 2.10681e+01
      Equation: "PotentialEquation"	RelError: 1.75158e-15	AbsError: 1.24546e-16
Charge Relative Error 1.00000e+00
number of equations 2409
Iteration: 0
  Device: "BenchmarkDiode"	RelError: 2.78821e+02	AbsError: 7.62640e+12
    Region: "SiRegion"	RelError: 2.78821e+02	AbsError: 7.62640e+12
      Equation: "ElectronContinuityEquation"	RelError: 1.81233e+02	AbsError: 1.47600e+12
      Equation: "HoleContinuityEquation"	RelError: 9.74896e+01	AbsError: 6.15040e+12
      Equation: "PotentialEquation"	RelError: 9.87920e-02	AbsError: 2.64029e-04
Iteration: 1
  Device: "BenchmarkDiode"	RelError: 9.81022e-02	AbsError: 1.88185e+09
    Region: "SiRegion"	RelError: 9.81022e-02	AbsError: 1.88185e+09
      Equation: "ElectronContinuityEquation"	RelError: 6.76823e-02	AbsError: 3.63181e+08
      Equation: "HoleContinuityEquation"	RelError: 3.04089e-02	AbsError: 1.51867e+09
      Equation: "PotentialEquation"	RelError: 1.10486e-05	AbsError: 4.60798e-08
Iteration: 2
  Device: "BenchmarkDiode"	RelError: 1.63139e-08	AbsError: 1.93533e+02
    Region: "SiRegion"	RelError: 1.63139e-08	AbsError: 1.93533e+02
      Equation: "ElectronContinuityEquation"	RelError: 1.55062e-08	AbsError: 2.97267e+01
      Equation: "HoleContinuityEquation"	RelError: 8.06572e-10	AbsError: 1.63807e+02
      Equation: "PotentialEquation"	RelError: 1.17044e-12	AbsError: 3.08593e-15
Iteration: 3
  Device: "BenchmarkDiode"	RelError: 7.04369e-15	AbsError: 3.58601e+01
    Region: "SiRegion"	RelError: 7.04369e-15	AbsError: 3.58601e+01
      Equation: "ElectronContinuityEquation"	RelError: 1.17284e-15	AbsError: 1.72602e+01
      Equation: "HoleContinuityEquation"	RelError: 1.19000e-15	AbsError: 1.85999e+01
      Equation: "PotentialEquation"	RelError: 4.68085e-15	AbsError: 1.28094e-16
Charge Relative Error 1.00000e+00
number of equations 2409
Iteration: 0
  Device: "BenchmarkDiode"	RelError: 2.07419e+02	AbsError: 1.19568e+11
    Region: "SiRegion"	RelError: 2.07419e+02	AbsError: 1.19568e+11
      Equation: "ElectronContinuityEquation"	RelError: 1.27155e+02	AbsError: 2.41693e+10
      Equation: "HoleContinuityEquation"	RelError: 8.02626e+01	AbsError: 9.53985e+10
      Equation: "PotentialEquation"	RelError: 1.46546e-03	AbsError: 3.75144e-06
Iteration: 1
  Device: "BenchmarkDiode"	RelError: 6.71985e-03	AbsError: 4.67722e+05
    Region: "SiRegion"	RelError: 6.71985e-03	AbsError: 4.67722e+05
      Equation: "ElectronContinuityEquation"	RelError: 6.43680e-03	AbsError: 1.11443e+05
      Equation: "HoleContinuityEquation"	RelError: 2.83047e-04	AbsError: 3.56280e+05
      Equation: "PotentialEquation"	RelError: 3.74371e-09	AbsError: 9.59088e-12
Iteration: 2
  Device: "BenchmarkDiode"	RelError: 7.85214e-14	AbsError: 3.98600e+01
    Region: "SiRegion"	RelError: 7.85214e-14	AbsError: 3.98600e+01
      Equation: "ElectronContinuityEquation"	RelError: 7.08811e-14	AbsError: 2.11579e+01
      Equation: "HoleContinuityEquation"	RelError: 2.79984e-15	AbsError: 1.87021e+01
      Equation: "PotentialEquation"	RelError: 4.84043e-15	AbsError: 1.24769e-16
Charge Relative Error 1.00000e+00
number of equations 2409
Iteration: 0
  Device: "BenchmarkDiode"	RelError: 1.32035e+02	AbsError: 1.68545e+09
    Region: "SiRegion"	RelError: 1.32035e+02	AbsError: 1.68545e+09
      Equation: "ElectronContinuityEquation"	RelError: 8.09707e+01	AbsError: 3.70122e+08
      Equation: "HoleContinuityEquation"	RelError: 5.10642e+01	AbsError: 1.31533e+09
      Equation: "PotentialEquation"	RelError: 2.10473e-05	AbsError: 5.00763e-08
Iteration: 1
  Device: "BenchmarkDiode"	RelError: 2.82230e-05	AbsError: 9.83627e+01
    Region: "SiRegion"	RelError: 2.82230e-05	AbsError: 9.83627e+01
      Equation: "ElectronContinuityEquation"	RelError: 2.56599e-05	AbsError: 3.11431e+01
      Equation: "HoleContinuityEquation"	RelError: 2.56309e-06	AbsError: 6.72196e+01
      Equation: "PotentialEquation"	RelError: 8.34998e-13	AbsError: 1.77227e-15
Iteration: 2
  Device: "BenchmarkDiode"	RelError: 2.37973e-14	AbsError: 2.25407e+01
    Region: "SiRegion"	RelError: 2.37973e-14	AbsError: 2.25407e+01
      Equation: "ElectronContinuityEquation"	RelError: 2.31023e-15	AbsError: 1.45547e+01
      Equation: "HoleContinuityEquation"	RelError: 1.77489e-15	AbsError: 7.98604e+00
      Equation: "PotentialEquation"	RelError: 1.97122e-14	AbsError: 1.16740e-16
Charge Relative Error 9.99989e-01
number of equations 2409
Iteration: 0
  Device: "BenchmarkDiode"	RelError: 7.04193e+01	AbsError: 2.50856e+07
    Region: "SiRegion"	RelError: 7.04193e+01	AbsError: 2.50856e+07
      Equation: "ElectronContinuityEquation"	RelError: 2.97231e+01	AbsError: 6.36376e+06
      Equation: "HoleContinuityEquation"	RelError: 4.06963e+01	AbsError: 1.87218e+07
      Equation: "PotentialEquation"	RelError: 3.45321e-07	AbsError: 7.42874e-10
Iteration: 1
  Device: "BenchmarkDiode"	RelError: 1.09949e-07	AbsError: 5.29039e+01
    Region: "SiRegion"	RelError: 1.09949e-07	AbsError: 5.29039e+01
      Equation: "ElectronContinuityEquation"	RelError: 6.89236e-08	AbsError: 2.57425e+01
      Equation: "HoleContinuityEquation"	RelError: 4.10250e-08	AbsError: 2.71614e+01
      Equation: "PotentialEquation"	RelError: 1.34409e-14	AbsError: 1.22462e-16
Iteration: 2
  Device: "BenchmarkDiode"	RelError: 4.60922e-15	AbsError: 3.07957e+01
    Region: "SiRegion"	RelError: 4.60922e-15	AbsError: 3.07957e+01
      Equation: "ElectronContinuityEquation"	RelError: 1.64843e-15	AbsError: 2.02511e+01
      Equation: "HoleContinuityEquation"	RelError: 1.10609e-15	AbsError: 1.05446e+01
      Equation: "PotentialEquation"	RelError: 1.85470e-15	AbsError: 1.13090e-16
Charge Relative Error 9.98887e-01
number of equations 2409
Iteration: 0
  Device: "BenchmarkDiode"	RelError: 2.60381e+01	AbsError: 4.38490e+05
    Region: "SiRegion"	RelError: 2.60381e+01	AbsError: 4.38490e+05
      Equation: "ElectronContinuityEquation"	RelError: 5.51859e-01	AbsError: 1.27970e+05
      Equation: "HoleContinuityEquation"	RelError: 2.54863e+01	AbsError: 3.10520e+05
      Equation: "PotentialEquation"	RelError: 6.75665e-09	AbsError: 1.34473e-11
Iteration: 1
  Device: "BenchmarkDiode"	RelError: 5.13991e-10	AbsError: 5.58249e+01
    Region: "SiRegion"	RelError: 5.13991e-10	AbsError: 5.58249e+01
      Equation: "ElectronContinuityEquation"	RelError: 2.16087e-11	AbsError: 2.76674e+01
      Equation: "HoleContinuityEquation"	RelError: 4.92368e-10	AbsError: 2.81575e+01
      Equation: "PotentialEquation"	RelError: 1.49734e-14	AbsError: 1.19711e-16
Iteration: 2
  Device: "BenchmarkDiode"	RelError: 1.16367e-14	AbsError: 2.09806e+01
    Region: "SiRegion"	RelError: 1.16367e-14	AbsError: 2.09806e+01
      Equation: "ElectronContinuityEquation"	RelError: 8.54888e-16	AbsError: 1.08316e+01
      Equation: "HoleContinuityEquation"	RelError: 9.84689e-16	AbsError: 1.01489e+01
      Equation: "PotentialEquation"	RelError: 9.79712e-15	AbsError: 1.20932e-16
Charge Relative Error 9.00694e-01
number of equations 2409
Iteration: 0
  Device: "BenchmarkDiode"	RelError: 1.52455e+00	AbsError: 8.97024e+03
    Region: "SiRegion"	RelError: 1.52455e+00	AbsError: 8.97024e+03
      Equation: "ElectronContinuityEquation"	RelError: 6.64849e-03	AbsError: 2.84623e+03
      Equation: "HoleContinuityEquation"	RelError: 1.51790e+00	AbsError: 6.12401e+03
      Equation: "PotentialEquation"	RelError: 1.48447e-10	AbsError: 2.84742e-13
Iteration: 1
  Device: "BenchmarkDiode"	RelError: 5.05530e-13	AbsError: 3.66136e+01
    Region: "SiRegion"	RelError: 5.05530e-13	AbsError: 3.66136e+01
      Equation: "ElectronContinuityEquation"	RelError: 5.30235e-15	AbsError: 1.91612e+01
      Equation: "HoleContinuityEquation"	RelError: 4.94056e-13	AbsError: 1.74525e+01
      Equation: "PotentialEquation"	RelError: 6.17197e-15	AbsError: 1.33628e-16
Charge Relative Error 8.81091e-02
number of equations 2409
Iteration: 0
  Device: "BenchmarkDiode"	RelError: 3.73241e-02	AbsError: 2.08054e+02
    Region: "SiRegion"	RelError: 3.73241e-02	AbsError: 2.08054e+02
      Equation: "ElectronContinuityEquation"	RelError: 7.95806e-05	AbsError: 6.40051e+01
      Equation: "HoleContinuityEquation"	RelError: 3.72445e-02	AbsError: 1.44049e+02
      Equation: "PotentialEquation"	RelError: 3.42911e-12	AbsError: 6.52744e-15
Iteration: 1
  Device: "BenchmarkDiode"	RelError: 1.98795e-14	AbsError: 3.55370e+01
    Region: "SiRegion"	RelError: 1.98795e-14	AbsError: 3.55370e+01
      Equation: "ElectronContinuityEquation"	RelError: 1.20809e-15	AbsError: 1.67712e+01
      Equation: "HoleContinuityEquation"	RelError: 1.18786e-15	AbsError: 1.87658e+01
      Equation: "PotentialEquation"	RelError: 1.74835e-14	AbsError: 1.13668e-16
Charge Relative Error 2.28048e-03
number of equations 2409
Iteration: 0
  Device: "BenchmarkDiode"	RelError: 8.82795e-04	AbsError: 2.66544e+01
    Region: "SiRegion"	RelError: 8.82795e-04	AbsError: 2.66544e+01
      Equation: "ElectronContinuityEquation"	RelError: 9.52502e-07	AbsError: 1.46760e+01
      Equation: "HoleContinuityEquation"	RelError: 8.81842e-04	AbsError: 1.19784e+01
      Equation: "PotentialEquation"	RelError: 6.74002e-14	AbsError: 2.14861e-16
Iteration: 1
  Device: "BenchmarkDiode"	RelError: 1.99182e-14	AbsError: 2.45417e+01
    Region: "SiRegion"	RelError: 1.99182e-14	AbsError: 2.45417e+01
      Equation: "ElectronContinuityEquation"	RelError: 1.59322e-15	AbsError: 1.65561e+01
      Equation: "HoleContinuityEquation"	RelError: 1.56781e-15	AbsError: 7.98559e+00
      Equation: "PotentialEquation"	RelError: 1.67571e-14	AbsError: 1.11754e-16
Charge Relative Error 5.38431e-05
number of equations 2409
Iteration: 0
  Device: "BenchmarkDiode"	RelError: 2.08730e-05	AbsError: 2.29452e+01
    Region: "SiRegion"	RelError: 2.08730e-05	AbsError: 2.29452e+01
      Equation: "ElectronContinuityEquation"	RelError: 1.14006e-08	AbsError: 1.46806e+01
      Equation: "HoleContinuityEquation"	RelError: 2.08616e-05	AbsError: 8.26453e+00
      Equation: "PotentialEquation"	RelError: 1.67884e-14	AbsError: 1.16263e-16
Iteration: 1
  Device: "BenchmarkDiode"	RelError: 1.86890e-14	AbsError: 2.45366e+01
    Region: "SiRegion"	RelError: 1.86890e-14	AbsError: 2.45366e+01
      Equation: "ElectronContinuityEquation"	RelError: 8.10721e-16	AbsError: 1.65510e+01
      Equation: "HoleContinuityEquation"	RelError: 1.14575e-15	AbsError: 7.98559e+00
      Equation: "PotentialEquation"	RelError: 1.67325e-14	AbsError: 1.12381e-16
Charge Relative Error 1.27367e-06
number of equations 2409
Iteration: 0
  Device: "BenchmarkDiode"	RelError: 4.93648e-07	AbsError: 2.26664e+01
    Region: "SiRegion"	RelError: 4.93648e-07	AbsError: 2.26664e+01
      Equation: "ElectronContinuityEquation"	RelError: 1.36454e-10	AbsError: 1.46808e+01
      Equation: "HoleContinuityEquation"	RelError: 4.93511e-07	AbsError: 7.98559e+00
      Equation: "PotentialEquation"	RelError: 1.67463e-14	AbsError: 1.13764e-16
Iteration: 1
  Device: "BenchmarkDiode"	RelError: 1.84507e-14	AbsError: 2.45365e+01
    Region: "SiRegion"	RelError: 1.84507e-14	AbsError: 2.45365e+01
      Equation: "ElectronContinuityEquation"	RelError: 7.99910e-16	AbsError: 1.65509e+01
      Equation: "HoleContinuityEquation"	RelError: 1.19052e-15	AbsError: 7.98559e+00
      Equation: "PotentialEquation"	RelError: 1.64603e-14	AbsError: 1.12450e-16
Charge Relative Error 3.01302e-08
number of equations 2409
Iteration: 0
  Device: "BenchmarkDiode"	RelError: 1.16764e-08	AbsError: 2.26663e+01
    Region: "SiRegion"	RelError: 1.16764e-08	AbsError: 2.26663e+01
      Equation: "ElectronContinuityEquation"	RelError: 1.63298e-12	AbsError: 1.46808e+01
      Equation: "HoleContinuityEquation"	RelError: 1.16747e-08	AbsError: 7.98559e+00
      Equation: "PotentialEquation"	RelError: 1.61797e-14	AbsError: 1.12165e-16
Iteration: 1
  Device: "BenchmarkDiode"	RelError: 1.99510e-14	AbsError: 2.45365e+01
    Region: "SiRegion"	RelError: 1.99510e-14	AbsError: 2.45365e+01
      Equation: "ElectronContinuityEquation"	RelError: 8.40770e-16	AbsError: 1.65509e+01
      Equation: "HoleContinuityEquation"	RelError: 1.04725e-15	AbsError: 7.98559e+00
      Equation: "PotentialEquation"	RelError: 1.80630e-14	AbsError: 1.13560e-16
Charge Relative Error 4.80595e-09
number of equations 2409
Iteration: 0
  Device: "BenchmarkDiode"	RelError: 2.76220e-10	AbsError: 2.31410e+01
    Region: "SiRegion"	RelError: 2.76220e-10	AbsError: 2.31410e+01
      Equation: "ElectronContinuityEquation"	RelError: 1.98564e-14	AbsError: 1.46808e+01
      Equation: "HoleContinuityEquation"	RelError: 2.76183e-10	AbsError: 8.46026e+00
      Equation: "PotentialEquation"	RelError: 1.72957e-14	AbsError: 1.14366e-16
Iteration: 1
  Device: "BenchmarkDiode"	RelError: 2.07160e-14	AbsError: 2.45365e+01
    Region: "SiRegion"	RelError: 2.07160e-14	AbsError: 2.45365e+01
      Equation: "ElectronContinuityEquation"	RelError: 2.25597e-15	AbsError: 1.65509e+01
      Equation: "HoleContinuityEquation"	RelError: 1.00729e-15	AbsError: 7.98559e+00
      Equation: "PotentialEquation"	RelError: 1.74527e-14	AbsError: 1.15264e-16
Charge Relative Error 4.80595e-09
number of equations 2409
Iteration: 0
  Device: "BenchmarkDiode"	RelError: 6.55572e-12	AbsError: 2.28590e+01
    Region: "SiRegion"	RelError: 6.55572e-12	AbsError: 2.28590e+01
      Equation: "ElectronContinuityEquation"	RelError: 2.77099e-15	AbsError: 1.46807e+01
      Equation: "HoleContinuityEquation"	RelError: 6.53321e-12	AbsError: 8.17826e+00
      Equation: "PotentialEquation"	RelError: 1.97413e-14	AbsError: 1.15903e-16
Charge Relative Error 4.80595e-09
number of equations 2409
Iteration: 0
  Device: "BenchmarkDiode"	RelError: 1.75409e-13	AbsError: 2.45362e+01
    Region: "SiRegion"	RelError: 1.75409e-13	AbsError: 2.45362e+01
      Equation: "ElectronContinuityEquation"	RelError: 1.97445e-15	AbsError: 1.65507e+01
      Equation: "HoleContinuityEquation"	RelError: 1.54761e-13	AbsError: 7.98559e+00
      Equation: "PotentialEquation"	RelError: 1.86729e-14	AbsError: 1.12428e-16
Charge Relative Error 4.80595e-09
number of equations 2409
Iteration: 0
  Device: "BenchmarkDiode"	RelError: 2.39998e-14	AbsError: 2.26663e+01
    Region: "SiRegion"	RelError: 2.39998e-14	AbsError: 2.26663e+01
      Equation: "ElectronContinuityEquation"	RelError: 1.99343e-15	AbsError: 1.46807e+01
      Equation: "HoleContinuityEquation"	RelError: 4.64081e-15	AbsError: 7.98559e+00
      Equation: "PotentialEquation"	RelError: 1.73655e-14	AbsError: 1.11432e-16
Charge Relative Error 4.80595e-09
number of equations 2409
Iteration: 0
  Device: "BenchmarkDiode"	RelError: 2.35365e-14	AbsError: 2.45362e+01
    Region: "SiRegion"	RelError: 2.35365e-14	AbsError: 2.45362e+01
      Equation: "ElectronContinuityEquation"	RelError: 2.37753e-15	AbsError: 1.65507e+01
      Equation: "HoleContinuityEquation"	RelError: 1.86190e-15	AbsError: 7.98559e+00
      Equation: "PotentialEquation"	RelError: 1.92971e-14	AbsError: 1.13740e-16
Charge Relative Error 4.80595e-09
number of equations 2409
Iteration: 0
  Device: "BenchmarkDiode"	RelError: 2.20240e-14	AbsError: 2.29969e+01
    Region: "SiRegion"	RelError: 2.20240e-14	AbsError: 2.29969e+01
      Equation: "ElectronContinuityEquation"	RelError: 1.92684e-15	AbsError: 1.46808e+01
      Equation: "HoleContinuityEquation"	RelError: 1.60851e-15	AbsError: 8.31618e+00
      Equation: "PotentialEquation"	RelError: 1.84886e-14	AbsError: 1.13253e-16
Charge Relative Error 4.80595e-09
number of equations 2409
Iteration: 0
  Device: "BenchmarkDiode"	RelError: 2.24931e-14	AbsError: 2.45362e+01
    Region: "SiRegion"	RelError: 2.24931e-14	AbsError: 2.45362e+01
      Equation: "ElectronContinuityEquation"	RelError: 2.13777e-15	AbsError: 1.65507e+01
      Equation: "HoleContinuityEquation"	RelError: 1.70762e-15	AbsError: 7.98559e+00
      Equation: "PotentialEquation"	RelError: 1.86477e-14	AbsError: 1.12026e-16
Charge Relative Error 4.80595e-09
number of equations 2409
Iteration: 0
  Device: "BenchmarkDiode"	RelError: 2.21708e-14	AbsError: 2.26663e+01
    Region: "SiRegion"	RelError: 2.21708e-14	AbsError: 2.26663e+01
      Equation: "ElectronContinuityEquation"	RelError: 2.60157e-15	AbsError: 1.46808e+01
      Equation: "HoleContinuityEquation"	RelError: 2.26974e-15	AbsError: 7.98559e+00
      Equation: "PotentialEquation"	RelError: 1.72994e-14	AbsError: 1.11022e-16
Charge Relative Error 4.80595e-09
number of equations 2409
Iteration: 0
  Device: "BenchmarkDiode"	RelError: 1.84112e-14	AbsError: 2.45362e+01
    Region: "SiRegion"	RelError: 1.84112e-14	AbsError: 2.45362e+01
      Equation: "ElectronContinuityEquation"	RelError: 1.05722e-15	AbsError: 1.65507e+01
      Equation: "HoleContinuityEquation"	RelError: 2.60424e-15	AbsError: 7.98559e+00
      Equation: "PotentialEquation"	RelError: 1.47497e-14	AbsError: 1.11022e-16
Charge Relative Error 4.80595e-09
number of equations 2409
Iteration: 0
  Device: "BenchmarkDiode"	RelError: 2.37932e-14	AbsError: 2.26663e+01
    Region: "SiRegion"	RelError: 2.37932e-14	AbsError: 2.26663e+01
      Equation: "ElectronContinuityEquation"	RelError: 2.77259e-15	AbsError: 1.46807e+01
      Equation: "HoleContinuityEquation"	RelError: 2.04307e-15	AbsError: 7.98559e+00
      Equation: "PotentialEquation"	RelError: 1.89775e-14	AbsError: 1.13129e-16
Charge Relative Error 4.80595e-09
number of equations 2409
Iteration: 0
  Device: "BenchmarkDiode"	RelError: 2.44165e-14	AbsError: 2.45362e+01
    Region: "SiRegion"	RelError: 2.44165e-14	AbsError: 2.45362e+01
      Equation: "ElectronContinuityEquation"	RelError: 3.14820e-15	AbsError: 1.65507e+01
      Equation: "HoleContinuityEquation"	RelError: 2.21684e-15	AbsError: 7.98559e+00
      Equation: "PotentialEquation"	RelError: 1.90515e-14	AbsError: 1.13024e-16
Charge Relative Error 4.80595e-09
number of equations 2409
Iteration: 0
  Device: "BenchmarkDiode"	RelError: 2.26814e-14	AbsError: 2.32202e+01
    Region: "SiRegion"	RelError: 2.26814e-14	AbsError: 2.32202e+01
      Equation: "ElectronContinuityEquation"	RelError: 1.90748e-15	AbsError: 1.46807e+01
      Equation: "HoleContinuityEquation"	RelError: 1.64407e-15	AbsError: 8.53948e+00
      Equation: "PotentialEquation"	RelError: 1.91298e-14	AbsError: 1.15856e-16
Charge Relative Error 4.80595e-09
number of equations 2409
Iteration: 0
  Device: "BenchmarkDiode"	RelError: 2.33225e-14	AbsError: 2.45362e+01
    Region: "SiRegion"	RelError: 2.33225e-14	AbsError: 2.45362e+01
      Equation: "ElectronContinuityEquation"	RelError: 9.73494e-16	AbsError: 1.65507e+01
      Equation: "HoleContinuityEquation"	RelError: 1.32171e-15	AbsError: 7.98559e+00
      Equation: "PotentialEquation"	RelError: 2.10273e-14	AbsError: 1.16304e-16
Charge Relative Error 4.80595e-09
number of equations 2409
Iteration: 0
  Device: "BenchmarkDiode"	RelError: 2.12957e-14	AbsError: 2.27618e+01
    Region: "SiRegion"	RelError: 2.12957e-14	AbsError: 2.27618e+01
      Equation: "ElectronContinuityEquation"	RelError: 2.20096e-15	AbsError: 1.46808e+01
      Equation: "HoleContinuityEquation"	RelError: 1.45739e-15	AbsError: 8.08103e+00
      Equation: "PotentialEquation"	RelError: 1.76374e-14	AbsError: 1.13965e-16
Charge Relative Error 4.80595e-09
number of equations 2409
Iteration: 0
  Device: "BenchmarkDiode"	RelError: 2.13869e-14	AbsError: 2.45362e+01
    Region: "SiRegion"	RelError: 2.13869e-14	AbsError: 2.45362e+01
      Equation: "ElectronContinuityEquation"	RelError: 1.97230e-15	AbsError: 1.65507e+01
      Equation: "HoleContinuityEquation"	RelError: 1.59518e-15	AbsError: 7.98559e+00
      Equation: "PotentialEquation"	RelError: 1.78194e-14	AbsError: 1.13383e-16
Charge Relative Error 4.80595e-09
number of equations 2409
Iteration: 0
  Device: "BenchmarkDiode"	RelError: 1.98582e-14	AbsError: 2.26663e+01
    Region: "SiRegion"	RelError: 1.98582e-14	AbsError: 2.26663e+01
      Equation: "ElectronContinuityEquation"	RelError: 1.20093e-15	AbsError: 1.46808e+01
      Equation: "HoleContinuityEquation"	RelError: 1.26551e-15	AbsError: 7.98559e+00
      Equation: "PotentialEquation"	RelError: 1.73917e-14	AbsError: 1.11726e-16
Charge Relative Error 4.80595e-09
number of equations 2409
Iteration: 0
  Device: "BenchmarkDiode"	RelError: 1.78595e-14	AbsError: 2.45362e+01
    Region: "SiRegion"	RelError: 1.78595e-14	AbsError: 2.45362e+01
      Equation: "ElectronContinuityEquation"	RelError: 1.18428e-15	AbsError: 1.65507e+01
      Equation: "HoleContinuityEquation"	RelError: 1.62950e-15	AbsError: 7.98559e+00
      Equation: "PotentialEquation"	RelError: 1.50458e-14	AbsError: 1.11851e-16
Charge Relative Error 4.80595e-09
number of equations 2409
Iteration: 0
  Device: "BenchmarkDiode"	RelError: 2.41675e-14	AbsError: 2.30149e+01
    Region: "SiRegion"	RelError: 2.41675e-14	AbsError: 2.30149e+01
      Equation: "ElectronContinuityEquation"	RelError: 2.43134e-15	AbsError: 1.46807e+01
      Equation: "HoleContinuityEquation"	RelError: 1.57640e-15	AbsError: 8.33419e+00
      Equation: "PotentialEquation"	RelError: 2.01597e-14	AbsError: 1.13993e-16
Charge Relative Error 4.80595e-09
number of equations 2409
Iteration: 0
  Device: "BenchmarkDiode"	RelError: 2.25127e-14	AbsError: 2.45362e+01
    Region: "SiRegion"	RelError: 2.25127e-14	AbsError: 2.45362e+01
      Equation: "ElectronContinuityEquation"	RelError: 1.66226e-15	AbsError: 1.65507e+01
      Equation: "HoleContinuityEquation"	RelError: 1.71140e-15	AbsError: 7.98559e+00
      Equation: "PotentialEquation"	RelError: 1.91390e-14	AbsError: 1.11498e-16
Charge Relative Error 4.80595e-09
number of equations 2409
Iteration: 0
  Device: "BenchmarkDiode"	RelError: 2.06668e-14	AbsError: 2.26663e+01
    Region: "SiRegion"	RelError: 2.06668e-14	AbsError: 2.26663e+01
      Equation: "ElectronContinuityEquation"	RelError: 1.83204e-15	AbsError: 1.46807e+01
      Equation: "HoleContinuityEquation"	RelError: 3.37371e-15	AbsError: 7.98559e+00
      Equation: "PotentialEquation"	RelError: 1.54610e-14	AbsError: 1.11133e-16
Charge Relative Error 4.80595e-09
number of equations 2409
Iteration: 0
  Device: "BenchmarkDiode"	RelError: 2.32030e-14	AbsError: 2.45362e+01
    Region: "SiRegion"	RelError: 2.32030e-14	AbsError: 2.45362e+01
      Equation: "ElectronContinuityEquation"	RelError: 2.18167e-15	AbsError: 1.65507e+01
      Equation: "HoleContinuityEquation"	RelError: 1.93531e-15	AbsError: 7.98559e+00
      Equation: "PotentialEquation"	RelError: 1.90860e-14	AbsError: 1.13110e-16
Charge Relative Error 4.80595e-09
number of equations 2409
Iteration: 0
  Device: "BenchmarkDiode"	RelError: 2.22640e-14	AbsError: 2.26663e+01
    Region: "SiRegion"	RelError: 2.22640e-14	AbsError: 2.26663e+01
      Equation: "ElectronContinuityEquation"	RelError: 2.06488e-15	AbsError: 1.46808e+01
      Equation: "HoleContinuityEquation"	RelError: 1.69582e-15	AbsError: 7.98559e+00
      Equation: "PotentialEquation"	RelError: 1.85033e-14	AbsError: 1.11597e-16
Charge Relative Error 4.80595e-09
number of equations 2409
Iteration: 0
  Device: "BenchmarkDiode"	RelError: 2.17634e-14	AbsError: 2.45362e+01
    Region: "SiRegion"	RelError: 2.17634e-14	AbsError: 2.45362e+01
      Equation: "ElectronContinuityEquation"	RelError: 1.84780e-15	AbsError: 1.65507e+01
      Equation: "HoleContinuityEquation"	RelError: 1.60133e-15	AbsError: 7.98559e+00
      Equation: "PotentialEquation"	RelError: 1.83143e-14	AbsError: 1.13968e-16
Charge Relative Error 4.80595e-09
number of equations 2409
Iteration: 0
  Device: "BenchmarkDiode"	RelError: 1.99975e-14	AbsError: 2.31913e+01
    Region: "SiRegion"	RelError: 1.99975e-14	AbsError: 2.31913e+01
      Equation: "ElectronContinuityEquation"	RelError: 1.05920e-15	AbsError: 1.46808e+01
      Equation: "HoleContinuityEquation"	RelError: 1.30527e-15	AbsError: 8.51051e+00
      Equation: "PotentialEquation"	RelError: 1.76330e-14	AbsError: 1.14564e-16
Charge Relative Error 4.80595e-09
number of equations 2409
Iteration: 0
  Device: "BenchmarkDiode"	RelError: 2.13936e-14	AbsError: 2.45362e+01
    Region: "SiRegion"	RelError: 2.13936e-14	AbsError: 2.45362e+01
      Equation: "ElectronContinuityEquation"	RelError: 1.13830e-15	AbsError: 1.65507e+01
      Equation: "HoleContinuityEquation"	RelError: 2.20457e-15	AbsError: 7.98559e+00
      Equation: "PotentialEquation"	RelError: 1.80507e-14	AbsError: 1.16280e-16
Charge Relative Error 4.80595e-09
number of equations 2409
Iteration: 0
  Device: "BenchmarkDiode"	RelError: 2.42661e-14	AbsError: 2.27801e+01
    Region: "SiRegion"	RelError: 2.42661e-14	AbsError: 2.27801e+01
      Equation: "ElectronContinuityEquation"	RelError: 8.03941e-16	AbsError: 1.46807e+01
      Equation: "HoleContinuityEquation"	RelError: 1.10744e-15	AbsError: 8.09933e+00
      Equation: "PotentialEquation"	RelError: 2.23547e-14	AbsError: 1.14949e-16
Charge Relative Error 4.80595e-09
number of equations 2409
Iteration: 0
  Device: "BenchmarkDiode"	RelError: 2.29455e-14	AbsError: 2.45362e+01
    Region: "SiRegion"	RelError: 2.29455e-14	AbsError: 2.45362e+01
      Equation: "ElectronContinuityEquation"	RelError: 2.30003e-15	AbsError: 1.65507e+01
      Equation: "HoleContinuityEquation"	RelError: 1.29691e-15	AbsError: 7.98559e+00
      Equation: "PotentialEquation"	RelError: 1.93486e-14	AbsError: 1.13102e-16
Charge Relative Error 4.80595e-09
number of equations 2409
Iteration: 0
  Device: "BenchmarkDiode"	RelError: 2.22480e-14	AbsError: 2.26663e+01
    Region: "SiRegion"	RelError: 2.22480e-14	AbsError: 2.26663e+01
      Equation: "ElectronContinuityEquation"	RelError: 3.49461e-15	AbsError: 1.46807e+01
      Equation: "HoleContinuityEquation"	RelError: 1.97997e-15	AbsError: 7.98559e+00
      Equation: "PotentialEquation"	RelError: 1.67734e-14	AbsError: 1.11507e-16
Charge Relative Error 4.80595e-09
number of equations 2409
Iteration: 0
  Device: "BenchmarkDiode"	RelError: 2.59863e-14	AbsError: 2.45362e+01
    Region: "SiRegion"	RelError: 2.59863e-14	AbsError: 2.45362e+01
      Equation: "ElectronContinuityEquation"	RelError: 3.14980e-15	AbsError: 1.65507e+01
      Equation: "HoleContinuityEquation"	RelError: 2.06520e-15	AbsError: 7.98559e+00
      Equation: "PotentialEquation"	RelError: 2.07713e-14	AbsError: 1.14410e-16
Charge Relative Error 4.80595e-09
number of equations 2409
Iteration: 0
  Device: "BenchmarkDiode"	RelError: 2.66225e-14	AbsError: 2.30040e+01
    Region: "SiRegion"	RelError: 2.66225e-14	AbsError: 2.30040e+01
      Equation: "ElectronContinuityEquation"	RelError: 3.15093e-15	AbsError: 1.46808e+01
      Equation: "HoleContinuityEquation"	RelError: 1.53808e-15	AbsError: 8.32324e+00
      Equation: "PotentialEquation"	RelError: 2.19335e-14	AbsError: 1.15412e-16
Charge Relative Error 4.80595e-09
number of equations 2409
Iteration: 0
  Device: "BenchmarkDiode"	RelError: 2.46695e-14	AbsError: 2.45362e+01
    Region: "SiRegion"	RelError: 2.46695e-14	AbsError: 2.45362e+01
      Equation: "ElectronContinuityEquation"	RelError: 2.36084e-15	AbsError: 1.65507e+01
      Equation: "HoleContinuityEquation"	RelError: 1.51923e-15	AbsError: 7.98559e+00
      Equation: "PotentialEquation"	RelError: 2.07894e-14	AbsError: 1.12379e-16
Charge Relative Error 4.80595e-09
number of equations 2409
Iteration: 0
  Device: "BenchmarkDiode"	RelError: 2.17955e-14	AbsError: 2.26663e+01
    Region: "SiRegion"	RelError: 2.17955e-14	AbsError: 2.26663e+01
      Equation: "ElectronContinuityEquation"	RelError: 1.90407e-15	AbsError: 1.46808e+01
      Equation: "HoleContinuityEquation"	RelError: 1.67538e-15	AbsError: 7.98559e+00
      Equation: "PotentialEquation"	RelError: 1.82161e-14	AbsError: 1.11022e-16
Charge Relative Error 4.80595e-09
number of equations 2409
Iteration: 0
  Device: "BenchmarkDiode"	RelError: 1.96214e-14	AbsError: 2.45362e+01
    Region: "SiRegion"	RelError: 1.96214e-14	AbsError: 2.45362e+01
      Equation: "ElectronContinuityEquation"	RelError: 2.45843e-15	AbsError: 1.65507e+01
      Equation: "HoleContinuityEquation"	RelError: 1.28198e-15	AbsError: 7.98559e+00
      Equation: "PotentialEquation"	RelError: 1.58810e-14	AbsError: 1.11022e-16
Charge Relative Error 4.80595e-09
number of equations 2409
Iteration: 0
  Device: "BenchmarkDiode"	RelError: 2.30238e-14	AbsError: 2.26663e+01
    Region: "SiRegion"	RelError: 2.30238e-14	AbsError: 2.26663e+01
      Equation: "ElectronContinuityEquation"	RelError: 2.08090e-15	AbsError: 1.46807e+01
      Equation: "HoleContinuityEquation"	RelError: 1.14847e-15	AbsError: 7.98559e+00
      Equation: "PotentialEquation"	RelError: 1.97944e-14	AbsError: 1.13675e-16
Charge Relative Error 4.80595e-09
number of equations 2409
Iteration: 0
  Device: "BenchmarkDiode"	RelError: 2.25506e-14	AbsError: 2.45362e+01
    Region: "SiRegion"	RelError: 2.25506e-14	AbsError: 2.45362e+01
      Equation: "ElectronContinuityEquation"	RelError: 1.96988e-15	AbsError: 1.65507e+01
      Equation: "HoleContinuityEquation"	RelError: 1.88181e-15	AbsError: 7.98559e+00
      Equation: "PotentialEquation"	RelError: 1.86989e-14	AbsError: 1.12937e-16
Charge Relative Error 4.80595e-09
number of equations 2409
Iteration: 0
  Device: "BenchmarkDiode"	RelError: 2.07755e-14	AbsError: 2.31905e+01
    Region: "SiRegion"	RelError: 2.07755e-14	AbsError: 2.31905e+01
      Equation: "ElectronContinuityEquation"	RelError: 2.33117e-15	AbsError: 1.46807e+01
      Equation: "HoleContinuityEquation"	RelError: 1.36259e-15	AbsError: 8.50976e+00
      Equation: "PotentialEquation"	RelError: 1.70818e-14	AbsError: 1.15192e-16
Charge Relative Error 4.80595e-09
number of equations 2409
Iteration: 0
  Device: "BenchmarkDiode"	RelError: 2.23068e-14	AbsError: 2.45362e+01
    Region: "SiRegion"	RelError: 2.23068e-14	AbsError: 2.45362e+01
      Equation: "ElectronContinuityEquation"	RelError: 1.38951e-15	AbsError: 1.65507e+01
      Equation: "HoleContinuityEquation"	RelError: 8.98110e-16	AbsError: 7.98559e+00
      Equation: "PotentialEquation"	RelError: 2.00192e-14	AbsError: 1.15589e-16
Charge Relative Error 4.80595e-09
recovery_vfixed_tau_1e-06_dt_2e-09_mesh_5e-07: Qrr=4.615e-07 C, Irrm=4.525e+02 A, elapsed=1.28s
p_i
i_n
bot
 (region: SiRegion)
 (contact: top)
 (contact: bot)
number of equations 1695
Iteration: 0
  Device: "BenchmarkDiode"	RelError: 1.00000e+00	AbsError: 1.63902e-01
    Region: "SiRegion"	RelError: 1.00000e+00	AbsError: 1.63902e-01
      Equation: "PotentialEquation"	RelError: 1.00000e+00	AbsError: 1.63902e-01
Iteration: 1
  Device: "BenchmarkDiode"	RelError: 4.97944e-01	AbsError: 1.62430e-01
    Region: "SiRegion"	RelError: 4.97944e-01	AbsError: 1.62430e-01
      Equation: "PotentialEquation"	RelError: 4.97944e-01	AbsError: 1.62430e-01
Iteration: 2
  Device: "BenchmarkDiode"	RelError: 2.39824e+01	AbsError: 1.03408e-01
    Region: "SiRegion"	RelError: 2.39824e+01	AbsError: 1.03408e-01
      Equation: "PotentialEquation"	RelError: 2.39824e+01	AbsError: 1.03408e-01
Iteration: 3
  Device: "BenchmarkDiode"	RelError: 1.53991e+01	AbsError: 5.73651e-02
    Region: "SiRegion"	RelError: 1.53991e+01	AbsError: 5.73651e-02
      Equation: "PotentialEquation"	RelError: 1.53991e+01	AbsError: 5.73651e-02
Iteration: 4
  Device: "BenchmarkDiode"	RelError: 5.98642e+00	AbsError: 5.01960e-02
    Region: "SiRegion"	RelError: 5.98642e+00	AbsError: 5.01960e-02
      Equation: "PotentialEquation"	RelError: 5.98642e+00	AbsError: 5.01960e-02
Iteration: 5
  Device: "BenchmarkDiode"	RelError: 2.30820e+00	AbsError: 4.17220e-02
    Region: "SiRegion"	RelError: 2.30820e+00	AbsError: 4.17220e-02
      Equation: "PotentialEquation"	RelError: 2.30820e+00	AbsError: 4.17220e-02
Iteration: 6
  Device: "BenchmarkDiode"	RelError: 1.27440e+00	AbsError: 3.16681e-02
    Region: "SiRegion"	RelError: 1.27440e+00	AbsError: 3.16681e-02
      Equation: "PotentialEquation"	RelError: 1.27440e+00	AbsError: 3.16681e-02
Iteration: 7
  Device: "BenchmarkDiode"	RelError: 3.45009e-01	AbsError: 2.38740e-02
    Region: "SiRegion"	RelError: 3.45009e-01	AbsError: 2.38740e-02
      Equation: "PotentialEquation"	RelError: 3.45009e-01	AbsError: 2.38740e-02
Iteration: 8
  Device: "BenchmarkDiode"	RelError: 2.46584e-02	AbsError: 1.02888e-02
    Region: "SiRegion"	RelError: 2.46584e-02	AbsError: 1.02888e-02
      Equation: "PotentialEquation"	RelError: 2.46584e-02	AbsError: 1.02888e-02
Iteration: 9
  Device: "BenchmarkDiode"	RelError: 1.38055e-05	AbsError: 5.76038e-06
    Region: "SiRegion"	RelError: 1.38055e-05	AbsError: 5.76038e-06
      Equation: "PotentialEquation"	RelError: 1.38055e-05	AbsError: 5.76038e-06
Iteration: 10
  Device: "BenchmarkDiode"	RelError: 1.83872e-10	AbsError: 7.67209e-11
    Region: "SiRegion"	RelError: 1.83872e-10	AbsError: 7.67209e-11
      Equation: "PotentialEquation"	RelError: 1.83872e-10	AbsError: 7.67209e-11
Iteration: 11
  Device: "BenchmarkDiode"	RelError: 4.22940e-15	AbsError: 3.95529e-17
    Region: "SiRegion"	RelError: 4.22940e-15	AbsError: 3.95529e-17
      Equation: "PotentialEquation"	RelError: 4.22940e-15	AbsError: 3.95529e-17
Warning: Replacing equation with equation of the same name.
Region: SiRegion, Equation: PotentialEquation, Variable: Potential
number of equations 5085
Iteration: 0
  Device: "BenchmarkDiode"	RelError: 1.81124e-13	AbsError: 1.00800e+03
    Region: "SiRegion"	RelError: 1.81124e-13	AbsError: 1.00800e+03
      Equation: "ElectronContinuityEquation"	RelError: 1.00400e-14	AbsError: 4.96000e+02
      Equation: "HoleContinuityEquation"	RelError: 7.70527e-15	AbsError: 5.12000e+02
      Equation: "PotentialEquation"	RelError: 1.63379e-13	AbsError: 1.33092e-16
number of equations 5085
Iteration: 0
  Device: "BenchmarkDiode"	RelError: 5.61605e+02	AbsError: 2.64843e+15
    Region: "SiRegion"	RelError: 5.61605e+02	AbsError: 2.64843e+15
      Equation: "ElectronContinuityEquation"	RelError: 9.68302e-01	AbsError: 1.31751e+15
      Equation: "HoleContinuityEquation"	RelError: 9.68300e-01	AbsError: 1.33092e+15
      Equation: "PotentialEquation"	RelError: 5.59668e+02	AbsError: 8.96718e-02
Iteration: 1
  Device: "BenchmarkDiode"	RelError: 4.20250e+03	AbsError: 1.06011e+15
    Region: "SiRegion"	RelError: 4.20250e+03	AbsError: 1.06011e+15
      Equation: "ElectronContinuityEquation"	RelError: 9.64791e-01	AbsError: 5.15967e+14
      Equation: "HoleContinuityEquation"	RelError: 9.94407e-01	AbsError: 5.44146e+14
      Equation: "PotentialEquation"	RelError: 4.20054e+03	AbsError: 8.66950e-02
Iteration: 2
  Device: "BenchmarkDiode"	RelError: 7.11557e+02	AbsError: 4.74103e+14
    Region: "SiRegion"	RelError: 7.11557e+02	AbsError: 4.74103e+14
      Equation: "ElectronContinuityEquation"	RelError: 9.60128e-01	AbsError: 2.51466e+14
      Equation: "HoleContinuityEquation"	RelError: 9.94173e-01	AbsError: 2.22636e+14
      Equation: "PotentialEquation"	RelError: 7.09603e+02	AbsError: 8.34501e-02
Iteration: 3
  Device: "BenchmarkDiode"	RelError: 1.31574e+02	AbsError: 6.19735e+14
    Region: "SiRegion"	RelError: 1.31574e+02	AbsError: 6.19735e+14
      Equation: "ElectronContinuityEquation"	RelError: 9.54235e-01	AbsError: 3.42192e+14
      Equation: "HoleContinuityEquation"	RelError: 9.90898e-01	AbsError: 2.77543e+14
      Equation: "PotentialEquation"	RelError: 1.29629e+02	AbsError: 7.98885e-02
Iteration: 4
  Device: "BenchmarkDiode"	RelError: 2.91332e+03	AbsError: 1.47446e+15
    Region: "SiRegion"	RelError: 2.91332e+03	AbsError: 1.47446e+15
      Equation: "ElectronContinuityEquation"	RelError: 9.46725e-01	AbsError: 8.58428e+14
      Equation: "HoleContinuityEquation"	RelError: 9.84017e-01	AbsError: 6.16029e+14
      Equation: "PotentialEquation"	RelError: 2.91139e+03	AbsError: 7.59483e-02
Iteration: 5
  Device: "BenchmarkDiode"	RelError: 2.88586e+00	AbsError: 4.52392e+15
    Region: "SiRegion"	RelError: 2.88586e+00	AbsError: 4.52392e+15
      Equation: "ElectronContinuityEquation"	RelError: 9.36877e-01	AbsError: 2.05651e+15
      Equation: "HoleContinuityEquation"	RelError: 9.26125e-01	AbsError: 2.46741e+15
      Equation: "PotentialEquation"	RelError: 1.02285e+00	AbsError: 7.15491e-02
Iteration: 6
  Device: "BenchmarkDiode"	RelError: 2.08252e+00	AbsError: 3.28836e+15
    Region: "SiRegion"	RelError: 2.08252e+00	AbsError: 3.28836e+15
      Equation: "ElectronContinuityEquation"	RelError: 9.23504e-01	AbsError: 2.14820e+15
      Equation: "HoleContinuityEquation"	RelError: 6.71339e-01	AbsError: 1.14015e+15
      Equation: "PotentialEquation"	RelError: 4.87677e-01	AbsError: 6.65854e-02
Iteration: 7
  Device: "BenchmarkDiode"	RelError: 1.83373e+00	AbsError: 6.79781e+15
    Region: "SiRegion"	RelError: 1.83373e+00	AbsError: 6.79781e+15
      Equation: "ElectronContinuityEquation"	RelError: 9.04675e-01	AbsError: 3.94665e+15
      Equation: "HoleContinuityEquation"	RelError: 6.20542e-01	AbsError: 2.85115e+15
      Equation: "PotentialEquation"	RelError: 3.08511e-01	AbsError: 6.09160e-02
Iteration: 8
  Device: "BenchmarkDiode"	RelError: 1.79721e+00	AbsError: 1.27725e+16
    Region: "SiRegion"	RelError: 1.79721e+00	AbsError: 1.27725e+16
      Equation: "ElectronContinuityEquation"	RelError: 8.75311e-01	AbsError: 7.27571e+15
      Equation: "HoleContinuityEquation"	RelError: 7.06052e-01	AbsError: 5.49683e+15
      Equation: "PotentialEquation"	RelError: 2.15851e-01	AbsError: 5.43523e-02
Iteration: 9
  Device: "BenchmarkDiode"	RelError: 1.66460e+00	AbsError: 2.03099e+16
    Region: "SiRegion"	RelError: 1.66460e+00	AbsError: 2.03099e+16
      Equation: "ElectronContinuityEquation"	RelError: 8.22992e-01	AbsError: 1.15898e+16
      Equation: "HoleContinuityEquation"	RelError: 6.85315e-01	AbsError: 8.72008e+15
      Equation: "PotentialEquation"	RelError: 1.56294e-01	AbsError: 4.66461e-02
Iteration: 10
  Device: "BenchmarkDiode"	RelError: 1.39469e+00	AbsError: 2.14122e+16
    Region: "SiRegion"	RelError: 1.39469e+00	AbsError: 2.14122e+16
      Equation: "ElectronContinuityEquation"	RelError: 7.15565e-01	AbsError: 1.24380e+16
      Equation: "HoleContinuityEquation"	RelError: 5.67495e-01	AbsError: 8.97420e+15
      Equation: "PotentialEquation"	RelError: 1.11634e-01	AbsError: 3.75040e-02
Iteration: 11
  Device: "BenchmarkDiode"	RelError: 9.00426e-01	AbsError: 1.07573e+16
    Region: "SiRegion"	RelError: 9.00426e-01	AbsError: 1.07573e+16
      Equation: "ElectronContinuityEquation"	RelError: 4.87968e-01	AbsError: 6.33484e+15
      Equation: "HoleContinuityEquation"	RelError: 3.38760e-01	AbsError: 4.42246e+15
      Equation: "PotentialEquation"	RelError: 7.36980e-02	AbsError: 2.67290e-02
Iteration: 12
  Device: "BenchmarkDiode"	RelError: 2.96843e-01	AbsError: 1.80272e+15
    Region: "SiRegion"	RelError: 2.96843e-01	AbsError: 1.80272e+15
      Equation: "ElectronContinuityEquation"	RelError: 1.62783e-01	AbsError: 9.28382e+14
      Equation: "HoleContinuityEquation"	RelError: 8.16372e-02	AbsError: 8.74343e+14
      Equation: "PotentialEquation"	RelError: 5.24222e-02	AbsError: 2.00645e-02
Iteration: 13
  Device: "BenchmarkDiode"	RelError: 1.88738e-02	AbsError: 4.70765e+14
    Region: "SiRegion"	RelError: 1.88738e-02	AbsError: 4.70765e+14
      Equation: "ElectronContinuityEquation"	RelError: 1.23425e-02	AbsError: 2.74627e+14
      Equation: "HoleContinuityEquation"	RelError: 6.19646e-03	AbsError: 1.96138e+14
      Equation: "PotentialEquation"	RelError: 3.34818e-04	AbsError: 1.38121e-04
Iteration: 14
  Device: "BenchmarkDiode"	RelError: 2.99414e-05	AbsError: 6.96516e+11
    Region: "SiRegion"	RelError: 2.99414e-05	AbsError: 6.96516e+11
      Equation: "ElectronContinuityEquation"	RelError: 1.77588e-05	AbsError: 3.97523e+11
      Equation: "HoleContinuityEquation"	RelError: 1.08290e-05	AbsError: 2.98993e+11
      Equation: "PotentialEquation"	RelError: 1.35362e-06	AbsError: 5.58406e-07
Iteration: 15
  Device: "BenchmarkDiode"	RelError: 1.70632e-10	AbsError: 3.90951e+06
    Region: "SiRegion"	RelError: 1.70632e-10	AbsError: 3.90951e+06
      Equation: "ElectronContinuityEquation"	RelError: 8.12664e-11	AbsError: 2.06507e+06
      Equation: "HoleContinuityEquation"	RelError: 7.80599e-11	AbsError: 1.84444e+06
      Equation: "PotentialEquation"	RelError: 1.13052e-11	AbsError: 4.66310e-12
Iteration: 16
  Device: "BenchmarkDiode"	RelError: 8.08990e-15	AbsError: 1.61146e+02
    Region: "SiRegion"	RelError: 8.08990e-15	AbsError: 1.61146e+02
      Equation: "ElectronContinuityEquation"	RelError: 2.90423e-15	AbsError: 8.01598e+01
      Equation: "HoleContinuityEquation"	RelError: 5.00161e-15	AbsError: 8.09860e+01
      Equation: "PotentialEquation"	RelError: 1.84058e-16	AbsError: 7.56371e-17
number of equations 5085
Iteration: 0
  Device: "BenchmarkDiode"	RelError: 3.40355e-15	AbsError: 8.25312e+01
    Region: "SiRegion"	RelError: 3.40355e-15	AbsError: 8.25312e+01
      Equation: "ElectronContinuityEquation"	RelError: 1.97004e-15	AbsError: 3.97460e+01
      Equation: "HoleContinuityEquation"	RelError: 1.32878e-15	AbsError: 4.27852e+01
      Equation: "PotentialEquation"	RelError: 1.04725e-16	AbsError: 4.27335e-17
number of equations 5085
Iteration: 0
  Device: "BenchmarkDiode"	RelError: 1.61774e-15	AbsError: 4.97793e+01
    Region: "SiRegion"	RelError: 1.61774e-15	AbsError: 4.97793e+01
      Equation: "ElectronContinuityEquation"	RelError: 7.39329e-16	AbsError: 2.20304e+01
      Equation: "HoleContinuityEquation"	RelError: 7.72310e-16	AbsError: 2.77489e+01
      Equation: "PotentialEquation"	RelError: 1.06099e-16	AbsError: 4.21863e-17
Charge Relative Error 3.20434e-09
number of equations 5085
Iteration: 0
  Device: "BenchmarkDiode"	RelError: 2.44999e-15	AbsError: 4.64112e+01
    Region: "SiRegion"	RelError: 2.44999e-15	AbsError: 4.64112e+01
      Equation: "ElectronContinuityEquation"	RelError: 8.70127e-16	AbsError: 2.01335e+01
      Equation: "HoleContinuityEquation"	RelError: 1.41225e-15	AbsError: 2.62776e+01
      Equation: "PotentialEquation"	RelError: 1.67617e-16	AbsError: 6.65186e-17
Charge Relative Error 3.20434e-09
number of equations 5085
Iteration: 0
  Device: "BenchmarkDiode"	RelError: 3.20766e-15	AbsError: 5.20598e+01
    Region: "SiRegion"	RelError: 3.20766e-15	AbsError: 5.20598e+01
      Equation: "ElectronContinuityEquation"	RelError: 7.12365e-16	AbsError: 3.00884e+01
      Equation: "HoleContinuityEquation"	RelError: 2.26808e-15	AbsError: 2.19714e+01
      Equation: "PotentialEquation"	RelError: 2.27208e-16	AbsError: 8.79734e-17
Charge Relative Error 3.20434e-09
number of equations 5085
Iteration: 0
  Device: "BenchmarkDiode"	RelError: 2.16966e-15	AbsError: 5.66070e+01
    Region: "SiRegion"	RelError: 2.16966e-15	AbsError: 5.66070e+01
      Equation: "ElectronContinuityEquation"	RelError: 9.96583e-16	AbsError: 3.05458e+01
      Equation: "HoleContinuityEquation"	RelError: 1.03936e-15	AbsError: 2.60612e+01
      Equation: "PotentialEquation"	RelError: 1.33717e-16	AbsError: 5.52104e-17
Charge Relative Error 3.20434e-09
number of equations 5085
Iteration: 0
  Device: "BenchmarkDiode"	RelError: 2.66601e-15	AbsError: 6.89231e+01
    Region: "SiRegion"	RelError: 2.66601e-15	AbsError: 6.89231e+01
      Equation: "ElectronContinuityEquation"	RelError: 1.57145e-15	AbsError: 2.82953e+01
      Equation: "HoleContinuityEquation"	RelError: 9.25156e-16	AbsError: 4.06279e+01
      Equation: "PotentialEquation"	RelError: 1.69405e-16	AbsError: 6.99538e-17
Charge Relative Error 3.20434e-09
number of equations 5085
Iteration: 0
  Device: "BenchmarkDiode"	RelError: 2.69987e-15	AbsError: 6.33378e+01
    Region: "SiRegion"	RelError: 2.69987e-15	AbsError: 6.33378e+01
      Equation: "ElectronContinuityEquation"	RelError: 1.08097e-15	AbsError: 2.98359e+01
      Equation: "HoleContinuityEquation"	RelError: 1.48035e-15	AbsError: 3.35020e+01
      Equation: "PotentialEquation"	RelError: 1.38544e-16	AbsError: 5.39597e-17
Charge Relative Error 3.20434e-09
number of equations 5085
Iteration: 0
  Device: "BenchmarkDiode"	RelError: 2.72599e-15	AbsError: 6.82414e+01
    Region: "SiRegion"	RelError: 2.72599e-15	AbsError: 6.82414e+01
      Equation: "ElectronContinuityEquation"	RelError: 1.15849e-15	AbsError: 3.19749e+01
      Equation: "HoleContinuityEquation"	RelError: 1.45482e-15	AbsError: 3.62665e+01
      Equation: "PotentialEquation"	RelError: 1.12683e-16	AbsError: 4.51951e-17
Charge Relative Error 3.20434e-09
number of equations 5085
Iteration: 0
  Device: "BenchmarkDiode"	RelError: 1.93915e-15	AbsError: 5.77812e+01
    Region: "SiRegion"	RelError: 1.93915e-15	AbsError: 5.77812e+01
      Equation: "ElectronContinuityEquation"	RelError: 1.00734e-15	AbsError: 2.15681e+01
      Equation: "HoleContinuityEquation"	RelError: 8.38028e-16	AbsError: 3.62130e+01
      Equation: "PotentialEquation"	RelError: 9.37816e-17	AbsError: 3.85067e-17
Charge Relative Error 3.20434e-09
number of equations 5085
Iteration: 0
  Device: "BenchmarkDiode"	RelError: 2.15301e-15	AbsError: 5.75026e+01
    Region: "SiRegion"	RelError: 2.15301e-15	AbsError: 5.75026e+01
      Equation: "ElectronContinuityEquation"	RelError: 1.12947e-15	AbsError: 2.45234e+01
      Equation: "HoleContinuityEquation"	RelError: 9.09643e-16	AbsError: 3.29792e+01
      Equation: "PotentialEquation"	RelError: 1.13898e-16	AbsError: 4.45462e-17
Charge Relative Error 3.20434e-09
number of equations 5085
Iteration: 0
  Device: "BenchmarkDiode"	RelError: 2.88897e-15	AbsError: 7.44948e+01
    Region: "SiRegion"	RelError: 2.88897e-15	AbsError: 7.44948e+01
      Equation: "ElectronContinuityEquation"	RelError: 1.59448e-15	AbsError: 3.16619e+01
      Equation: "HoleContinuityEquation"	RelError: 1.10005e-15	AbsError: 4.28330e+01
      Equation: "PotentialEquation"	RelError: 1.94443e-16	AbsError: 7.64844e-17
Charge Relative Error 3.20434e-09
number of equations 5085
Iteration: 0
  Device: "BenchmarkDiode"	RelError: 1.99840e+03	AbsError: 2.11768e+17
    Region: "SiRegion"	RelError: 1.99840e+03	AbsError: 2.11768e+17
      Equation: "ElectronContinuityEquation"	RelError: 9.99000e+02	AbsError: 1.05883e+17
      Equation: "HoleContinuityEquation"	RelError: 9.99000e+02	AbsError: 1.05886e+17
      Equation: "PotentialEquation"	RelError: 4.04434e-01	AbsError: 1.10220e-01
Iteration: 1
  Device: "BenchmarkDiode"	RelError: 2.66178e+00	AbsError: 2.24458e+17
    Region: "SiRegion"	RelError: 2.66178e+00	AbsError: 2.24458e+17
      Equation: "ElectronContinuityEquation"	RelError: 9.99256e-01	AbsError: 1.40562e+17
      Equation: "HoleContinuityEquation"	RelError: 9.98750e-01	AbsError: 8.38961e+16
      Equation: "PotentialEquation"	RelError: 6.63774e-01	AbsError: 1.36334e-01
Iteration: 2
  Device: "BenchmarkDiode"	RelError: 1.99988e+03	AbsError: 1.29329e+17
    Region: "SiRegion"	RelError: 1.99988e+03	AbsError: 1.29329e+17
      Equation: "ElectronContinuityEquation"	RelError: 9.99000e+02	AbsError: 6.25037e+16
      Equation: "HoleContinuityEquation"	RelError: 9.99000e+02	AbsError: 6.68253e+16
      Equation: "PotentialEquation"	RelError: 1.87543e+00	AbsError: 1.06913e-01
Iteration: 3
  Device: "BenchmarkDiode"	RelError: 3.75651e+02	AbsError: 1.47773e+17
    Region: "SiRegion"	RelError: 3.75651e+02	AbsError: 1.47773e+17
      Equation: "ElectronContinuityEquation"	RelError: 9.98826e-01	AbsError: 3.11997e+16
      Equation: "HoleContinuityEquation"	RelError: 9.99412e-01	AbsError: 1.16573e+17
      Equation: "PotentialEquation"	RelError: 3.73653e+02	AbsError: 1.27522e-01
Iteration: 4
  Device: "BenchmarkDiode"	RelError: 2.01883e+03	AbsError: 1.06878e+17
    Region: "SiRegion"	RelError: 2.01883e+03	AbsError: 1.06878e+17
      Equation: "ElectronContinuityEquation"	RelError: 9.99000e+02	AbsError: 1.46074e+16
      Equation: "HoleContinuityEquation"	RelError: 9.99000e+02	AbsError: 9.22703e+16
      Equation: "PotentialEquation"	RelError: 2.08329e+01	AbsError: 1.03412e-01
Iteration: 5
  Device: "BenchmarkDiode"	RelError: 2.69046e+02	AbsError: 7.06394e+16
    Region: "SiRegion"	RelError: 2.69046e+02	AbsError: 7.06394e+16
      Equation: "ElectronContinuityEquation"	RelError: 9.99584e-01	AbsError: 5.34255e+16
      Equation: "HoleContinuityEquation"	RelError: 9.99066e-01	AbsError: 1.72139e+16
      Equation: "PotentialEquation"	RelError: 2.67047e+02	AbsError: 1.07014e-01
Iteration: 6
  Device: "BenchmarkDiode"	RelError: 4.66589e+03	AbsError: 6.61586e+16
    Region: "SiRegion"	RelError: 4.66589e+03	AbsError: 6.61586e+16
      Equation: "ElectronContinuityEquation"	RelError: 9.99000e+02	AbsError: 4.96724e+16
      Equation: "HoleContinuityEquation"	RelError: 9.99000e+02	AbsError: 1.64862e+16
      Equation: "PotentialEquation"	RelError: 2.66789e+03	AbsError: 9.93149e-02
Iteration: 7
  Device: "BenchmarkDiode"	RelError: 6.89442e+01	AbsError: 3.43117e+16
    Region: "SiRegion"	RelError: 6.89442e+01	AbsError: 3.43117e+16
      Equation: "ElectronContinuityEquation"	RelError: 9.99172e-01	AbsError: 1.63573e+16
      Equation: "HoleContinuityEquation"	RelError: 9.99553e-01	AbsError: 1.79544e+16
      Equation: "PotentialEquation"	RelError: 6.69454e+01	AbsError: 9.81533e-02
Iteration: 8
  Device: "BenchmarkDiode"	RelError: 2.29480e+03	AbsError: 1.47320e+16
    Region: "SiRegion"	RelError: 2.29480e+03	AbsError: 1.47320e+16
      Equation: "ElectronContinuityEquation"	RelError: 9.99000e+02	AbsError: 8.35234e+15
      Equation: "HoleContinuityEquation"	RelError: 9.99000e+02	AbsError: 6.37971e+15
      Equation: "PotentialEquation"	RelError: 2.96802e+02	AbsError: 9.53990e-02
Iteration: 9
  Device: "BenchmarkDiode"	RelError: 1.52960e+02	AbsError: 1.92648e+16
    Region: "SiRegion"	RelError: 1.52960e+02	AbsError: 1.92648e+16
      Equation: "ElectronContinuityEquation"	RelError: 9.99268e-01	AbsError: 1.19512e+16
      Equation: "HoleContinuityEquation"	RelError: 5.96534e+01	AbsError: 7.31356e+15
      Equation: "PotentialEquation"	RelError: 9.23069e+01	AbsError: 9.22437e-02
Iteration: 10
  Device: "BenchmarkDiode"	RelError: 1.95873e+05	AbsError: 1.80217e+16
    Region: "SiRegion"	RelError: 1.95873e+05	AbsError: 1.80217e+16
      Equation: "ElectronContinuityEquation"	RelError: 1.38631e+03	AbsError: 9.88269e+15
      Equation: "HoleContinuityEquation"	RelError: 1.94410e+05	AbsError: 8.13897e+15
      Equation: "PotentialEquation"	RelError: 7.69402e+01	AbsError: 9.04072e-02
Iteration: 11
  Device: "BenchmarkDiode"	RelError: 7.65016e+02	AbsError: 8.39813e+15
    Region: "SiRegion"	RelError: 7.65016e+02	AbsError: 8.39813e+15
      Equation: "ElectronContinuityEquation"	RelError: 9.99036e-01	AbsError: 4.89656e+15
      Equation: "HoleContinuityEquation"	RelError: 5.05477e+02	AbsError: 3.50156e+15
      Equation: "PotentialEquation"	RelError: 2.58539e+02	AbsError: 8.77472e-02
Iteration: 12
  Device: "BenchmarkDiode"	RelError: 1.11857e+04	AbsError: 5.73790e+15
    Region: "SiRegion"	RelError: 1.11857e+04	AbsError: 5.73790e+15
      Equation: "ElectronContinuityEquation"	RelError: 9.83684e+03	AbsError: 2.78652e+15
      Equation: "HoleContinuityEquation"	RelError: 9.99000e+02	AbsError: 2.95138e+15
      Equation: "PotentialEquation"	RelError: 3.49906e+02	AbsError: 8.40130e-02
Iteration: 13
  Device: "BenchmarkDiode"	RelError: 1.67452e+03	AbsError: 4.52866e+15
    Region: "SiRegion"	RelError: 1.67452e+03	AbsError: 4.52866e+15
      Equation: "ElectronContinuityEquation"	RelError: 9.99774e-01	AbsError: 1.32105e+15
      Equation: "HoleContinuityEquation"	RelError: 4.68256e+00	AbsError: 3.20761e+15
      Equation: "PotentialEquation"	RelError: 1.66884e+03	AbsError: 8.13266e-02
Iteration: 14
  Device: "BenchmarkDiode"	RelError: 1.07789e+03	AbsError: 3.10139e+15
    Region: "SiRegion"	RelError: 1.07789e+03	AbsError: 3.10139e+15
      Equation: "ElectronContinuityEquation"	RelError: 9.99000e+02	AbsError: 1.01302e+15
      Equation: "HoleContinuityEquation"	RelError: 1.02667e+00	AbsError: 2.08837e+15
      Equation: "PotentialEquation"	RelError: 7.78673e+01	AbsError: 7.69153e-02
Iteration: 15
  Device: "BenchmarkDiode"	RelError: 5.35490e+01	AbsError: 1.92585e+15
    Region: "SiRegion"	RelError: 5.35490e+01	AbsError: 1.92585e+15
      Equation: "ElectronContinuityEquation"	RelError: 9.98907e-01	AbsError: 5.87535e+14
      Equation: "HoleContinuityEquation"	RelError: 9.85110e-01	AbsError: 1.33831e+15
      Equation: "PotentialEquation"	RelError: 5.15650e+01	AbsError: 7.31053e-02
Iteration: 16
  Device: "BenchmarkDiode"	RelError: 1.18133e+02	AbsError: 7.51843e+14
    Region: "SiRegion"	RelError: 1.18133e+02	AbsError: 7.51843e+14
      Equation: "ElectronContinuityEquation"	RelError: 5.37067e+00	AbsError: 2.72388e+14
      Equation: "HoleContinuityEquation"	RelError: 3.28457e-01	AbsError: 4.79455e+14
      Equation: "PotentialEquation"	RelError: 1.12434e+02	AbsError: 6.81413e-02
Iteration: 17
  Device: "BenchmarkDiode"	RelError: 1.80653e+01	AbsError: 2.36426e+14
    Region: "SiRegion"	RelError: 1.80653e+01	AbsError: 2.36426e+14
      Equation: "ElectronContinuityEquation"	RelError: 7.91199e-01	AbsError: 8.89985e+13
      Equation: "HoleContinuityEquation"	RelError: 1.69403e-01	AbsError: 1.47427e+14
      Equation: "PotentialEquation"	RelError: 1.71046e+01	AbsError: 6.27364e-02
Iteration: 18
  Device: "BenchmarkDiode"	RelError: 9.80240e-01	AbsError: 1.01442e+14
    Region: "SiRegion"	RelError: 9.80240e-01	AbsError: 1.01442e+14
      Equation: "ElectronContinuityEquation"	RelError: 8.10071e-01	AbsError: 2.51538e+13
      Equation: "HoleContinuityEquation"	RelError: 9.51841e-02	AbsError: 7.62883e+13
      Equation: "PotentialEquation"	RelError: 7.49851e-02	AbsError: 5.64922e-02
Iteration: 19
  Device: "BenchmarkDiode"	RelError: 9.60753e-01	AbsError: 4.12060e+13
    Region: "SiRegion"	RelError: 9.60753e-01	AbsError: 4.12060e+13
      Equation: "ElectronContinuityEquation"	RelError: 2.68516e-01	AbsError: 1.06544e+13
      Equation: "HoleContinuityEquation"	RelError: 3.65734e-02	AbsError: 3.05516e+13
      Equation: "PotentialEquation"	RelError: 6.55664e-01	AbsError: 4.91467e-02
Iteration: 20
  Device: "BenchmarkDiode"	RelError: 4.22080e-01	AbsError: 1.24756e+13
    Region: "SiRegion"	RelError: 4.22080e-01	AbsError: 1.24756e+13
      Equation: "ElectronContinuityEquation"	RelError: 1.05375e-01	AbsError: 3.57983e+12
      Equation: "HoleContinuityEquation"	RelError: 1.07173e-02	AbsError: 8.89574e+12
      Equation: "PotentialEquation"	RelError: 3.05987e-01	AbsError: 4.04848e-02
Iteration: 21
  Device: "BenchmarkDiode"	RelError: 8.67807e-02	AbsError: 2.82796e+12
    Region: "SiRegion"	RelError: 8.67807e-02	AbsError: 2.82796e+12
      Equation: "ElectronContinuityEquation"	RelError: 2.70856e-02	AbsError: 9.00653e+11
      Equation: "HoleContinuityEquation"	RelError: 2.29297e-03	AbsError: 1.92731e+12
      Equation: "PotentialEquation"	RelError: 5.74021e-02	AbsError: 3.02090e-02
Iteration: 22
  Device: "BenchmarkDiode"	RelError: 2.65529e-02	AbsError: 7.72755e+11
    Region: "SiRegion"	RelError: 2.65529e-02	AbsError: 7.72755e+11
      Equation: "ElectronContinuityEquation"	RelError: 4.92567e-03	AbsError: 1.56025e+11
      Equation: "HoleContinuityEquation"	RelError: 7.34279e-04	AbsError: 6.16730e+11
      Equation: "PotentialEquation"	RelError: 2.08929e-02	AbsError: 2.57079e-02
Iteration: 23
  Device: "BenchmarkDiode"	RelError: 7.51812e-03	AbsError: 3.04423e+11
    Region: "SiRegion"	RelError: 7.51812e-03	AbsError: 3.04423e+11
      Equation: "ElectronContinuityEquation"	RelError: 5.10706e-04	AbsError: 1.54018e+10
      Equation: "HoleContinuityEquation"	RelError: 2.26768e-04	AbsError: 2.89021e+11
      Equation: "PotentialEquation"	RelError: 6.78065e-03	AbsError: 8.52322e-03
Iteration: 24
  Device: "BenchmarkDiode"	RelError: 1.64777e-03	AbsError: 4.74868e+11
    Region: "SiRegion"	RelError: 1.64777e-03	AbsError: 4.74868e+11
      Equation: "ElectronContinuityEquation"	RelError: 1.55577e-04	AbsError: 4.30605e+09
      Equation: "HoleContinuityEquation"	RelError: 3.69070e-04	AbsError: 4.70562e+11
      Equation: "PotentialEquation"	RelError: 1.12312e-03	AbsError: 1.16935e-06
Iteration: 25
  Device: "BenchmarkDiode"	RelError: 4.88281e-09	AbsError: 1.03044e+06
    Region: "SiRegion"	RelError: 4.88281e-09	AbsError: 1.03044e+06
      Equation: "ElectronContinuityEquation"	RelError: 5.40868e-10	AbsError: 1.36748e+04
      Equation: "HoleContinuityEquation"	RelError: 1.01979e-09	AbsError: 1.01677e+06
      Equation: "PotentialEquation"	RelError: 3.32216e-09	AbsError: 3.40670e-12
Iteration: 26
  Device: "BenchmarkDiode"	RelError: 2.86256e-14	AbsError: 6.96568e+01
    Region: "SiRegion"	RelError: 2.86256e-14	AbsError: 6.96568e+01
      Equation: "ElectronContinuityEquation"	RelError: 1.16284e-15	AbsError: 3.77972e+01
      Equation: "HoleContinuityEquation"	RelError: 2.12204e-15	AbsError: 3.18596e+01
      Equation: "PotentialEquation"	RelError: 2.53407e-14	AbsError: 1.16828e-16
Charge Relative Error 9.98676e-01
number of equations 5085
Iteration: 0
  Device: "BenchmarkDiode"	RelError: 5.59247e+03	AbsError: 8.14711e+15
    Region: "SiRegion"	RelError: 5.59247e+03	AbsError: 8.14711e+15
      Equation: "ElectronContinuityEquation"	RelError: 9.99000e+02	AbsError: 1.05678e+15
      Equation: "HoleContinuityEquation"	RelError: 4.29502e+03	AbsError: 7.09034e+15
      Equation: "PotentialEquation"	RelError: 2.98447e+02	AbsError: 6.18528e-02
Iteration: 1
  Device: "BenchmarkDiode"	RelError: 5.67605e+01	AbsError: 1.43448e+15
    Region: "SiRegion"	RelError: 5.67605e+01	AbsError: 1.43448e+15
      Equation: "ElectronContinuityEquation"	RelError: 8.82361e+00	AbsError: 1.58276e+14
      Equation: "HoleContinuityEquation"	RelError: 2.25414e+00	AbsError: 1.27620e+15
      Equation: "PotentialEquation"	RelError: 4.56828e+01	AbsError: 5.90494e-02
Iteration: 2
  Device: "BenchmarkDiode"	RelError: 2.69844e+01	AbsError: 3.97304e+14
    Region: "SiRegion"	RelError: 2.69844e+01	AbsError: 3.97304e+14
      Equation: "ElectronContinuityEquation"	RelError: 5.84084e+00	AbsError: 5.47786e+13
      Equation: "HoleContinuityEquation"	RelError: 1.35938e+00	AbsError: 3.42526e+14
      Equation: "PotentialEquation"	RelError: 1.97841e+01	AbsError: 5.31590e-02
Iteration: 3
  Device: "BenchmarkDiode"	RelError: 6.88413e+00	AbsError: 7.68620e+13
    Region: "SiRegion"	RelError: 6.88413e+00	AbsError: 7.68620e+13
      Equation: "ElectronContinuityEquation"	RelError: 6.35038e+00	AbsError: 2.47785e+12
      Equation: "HoleContinuityEquation"	RelError: 3.79828e-01	AbsError: 7.43841e+13
      Equation: "PotentialEquation"	RelError: 1.53922e-01	AbsError: 4.54124e-02
Iteration: 4
  Device: "BenchmarkDiode"	RelError: 4.00715e+00	AbsError: 1.25967e+13
    Region: "SiRegion"	RelError: 4.00715e+00	AbsError: 1.25967e+13
      Equation: "ElectronContinuityEquation"	RelError: 3.45153e+00	AbsError: 3.83903e+12
      Equation: "HoleContinuityEquation"	RelError: 1.50685e-01	AbsError: 8.75766e+12
      Equation: "PotentialEquation"	RelError: 4.04935e-01	AbsError: 3.61430e-02
Iteration: 5
  Device: "BenchmarkDiode"	RelError: 9.24608e-01	AbsError: 1.89751e+12
    Region: "SiRegion"	RelError: 9.24608e-01	AbsError: 1.89751e+12
      Equation: "ElectronContinuityEquation"	RelError: 8.18128e-01	AbsError: 1.98473e+11
      Equation: "HoleContinuityEquation"	RelError: 5.06852e-02	AbsError: 1.69904e+12
      Equation: "PotentialEquation"	RelError: 5.57945e-02	AbsError: 2.58530e-02
Iteration: 6
  Device: "BenchmarkDiode"	RelError: 1.12897e-01	AbsError: 2.81422e+11
    Region: "SiRegion"	RelError: 1.12897e-01	AbsError: 2.81422e+11
      Equation: "ElectronContinuityEquation"	RelError: 8.13201e-02	AbsError: 5.48463e+10
      Equation: "HoleContinuityEquation"	RelError: 6.07396e-03	AbsError: 2.26576e+11
      Equation: "PotentialEquation"	RelError: 2.55033e-02	AbsError: 1.74009e-02
Iteration: 7
  Device: "BenchmarkDiode"	RelError: 1.90336e-03	AbsError: 2.23232e+10
    Region: "SiRegion"	RelError: 1.90336e-03	AbsError: 2.23232e+10
      Equation: "ElectronContinuityEquation"	RelError: 1.06718e-03	AbsError: 4.20138e+09
      Equation: "HoleContinuityEquation"	RelError: 4.96202e-04	AbsError: 1.81219e+10
      Equation: "PotentialEquation"	RelError: 3.39974e-04	AbsError: 5.23699e-07
Iteration: 8
  Device: "BenchmarkDiode"	RelError: 6.49818e-10	AbsError: 8.61155e+03
    Region: "SiRegion"	RelError: 6.49818e-10	AbsError: 8.61155e+03
      Equation: "ElectronContinuityEquation"	RelError: 3.58030e-10	AbsError: 1.45188e+03
      Equation: "HoleContinuityEquation"	RelError: 1.98834e-10	AbsError: 7.15968e+03
      Equation: "PotentialEquation"	RelError: 9.29546e-11	AbsError: 1.89247e-13
Iteration: 9
  Device: "BenchmarkDiode"	RelError: 1.16711e-14	AbsError: 6.34055e+01
    Region: "SiRegion"	RelError: 1.16711e-14	AbsError: 6.34055e+01
      Equation: "ElectronContinuityEquation"	RelError: 8.53061e-16	AbsError: 3.49610e+01
      Equation: "HoleContinuityEquation"	RelError: 1.24645e-15	AbsError: 2.84445e+01
      Equation: "PotentialEquation"	RelError: 9.57161e-15	AbsError: 1.41188e-16
Charge Relative Error 1.00000e+00
number of equations 5085
Iteration: 0
  Device: "BenchmarkDiode"	RelError: 3.20037e+04	AbsError: 3.55026e+14
    Region: "SiRegion"	RelError: 3.20037e+04	AbsError: 3.55026e+14
      Equation: "ElectronContinuityEquation"	RelError: 1.98289e+04	AbsError: 5.73444e+13
      Equation: "HoleContinuityEquation"	RelError: 1.21681e+04	AbsError: 2.97681e+14
      Equation: "PotentialEquation"	RelError: 6.70564e+00	AbsError: 1.41545e-02
Iteration: 1
  Device: "BenchmarkDiode"	RelError: 5.14429e+00	AbsError: 4.44006e+12
    Region: "SiRegion"	RelError: 5.14429e+00	AbsError: 4.44006e+12
      Equation: "ElectronContinuityEquation"	RelError: 4.08458e+00	AbsError: 1.00659e+12
      Equation: "HoleContinuityEquation"	RelError: 1.01672e+00	AbsError: 3.43347e+12
      Equation: "PotentialEquation"	RelError: 4.29786e-02	AbsError: 1.13609e-04
Iteration: 2
  Device: "BenchmarkDiode"	RelError: 2.49898e-03	AbsError: 9.12644e+08
    Region: "SiRegion"	RelError: 2.49898e-03	AbsError: 9.12644e+08
      Equation: "ElectronContinuityEquation"	RelError: 2.21850e-03	AbsError: 9.49711e+07
      Equation: "HoleContinuityEquation"	RelError: 2.74146e-04	AbsError: 8.17673e+08
      Equation: "PotentialEquation"	RelError: 6.32989e-06	AbsError: 1.66309e-08
Iteration: 3
  Device: "BenchmarkDiode"	RelError: 2.46637e-10	AbsError: 9.07600e+01
    Region: "SiRegion"	RelError: 2.46637e-10	AbsError: 9.07600e+01
      Equation: "ElectronContinuityEquation"	RelError: 2.30508e-10	AbsError: 4.09496e+01
      Equation: "HoleContinuityEquation"	RelError: 1.59426e-11	AbsError: 4.98104e+01
      Equation: "PotentialEquation"	RelError: 1.85548e-13	AbsError: 6.94508e-16
Iteration: 4
  Device: "BenchmarkDiode"	RelError: 8.85375e-15	AbsError: 4.63719e+01
    Region: "SiRegion"	RelError: 8.85375e-15	AbsError: 4.63719e+01
      Equation: "ElectronContinuityEquation"	RelError: 1.88131e-15	AbsError: 2.22324e+01
      Equation: "HoleContinuityEquation"	RelError: 1.73957e-15	AbsError: 2.41395e+01
      Equation: "PotentialEquation"	RelError: 5.23287e-15	AbsError: 1.36281e-16
Charge Relative Error 1.00000e+00
number of equations 5085
Iteration: 0
  Device: "BenchmarkDiode"	RelError: 2.80058e+02	AbsError: 7.63921e+12
    Region: "SiRegion"	RelError: 2.80058e+02	AbsError: 7.63921e+12
      Equation: "ElectronContinuityEquation"	RelError: 1.81870e+02	AbsError: 1.47412e+12
      Equation: "HoleContinuityEquation"	RelError: 9.80726e+01	AbsError: 6.16509e+12
      Equation: "PotentialEquation"	RelError: 1.15589e-01	AbsError: 2.66717e-04
Iteration: 1
  Device: "BenchmarkDiode"	RelError: 9.98463e-02	AbsError: 1.91580e+09
    Region: "SiRegion"	RelError: 9.98463e-02	AbsError: 1.91580e+09
      Equation: "ElectronContinuityEquation"	RelError: 6.88472e-02	AbsError: 3.69468e+08
      Equation: "HoleContinuityEquation"	RelError: 3.09860e-02	AbsError: 1.54633e+09
      Equation: "PotentialEquation"	RelError: 1.30853e-05	AbsError: 4.70317e-08
Iteration: 2
  Device: "BenchmarkDiode"	RelError: 1.70178e-08	AbsError: 2.07734e+02
    Region: "SiRegion"	RelError: 1.70178e-08	AbsError: 2.07734e+02
      Equation: "ElectronContinuityEquation"	RelError: 1.61811e-08	AbsError: 3.71450e+01
      Equation: "HoleContinuityEquation"	RelError: 8.35222e-10	AbsError: 1.70589e+02
      Equation: "PotentialEquation"	RelError: 1.41615e-12	AbsError: 3.14773e-15
Iteration: 3
  Device: "BenchmarkDiode"	RelError: 1.27223e-14	AbsError: 3.18460e+01
    Region: "SiRegion"	RelError: 1.27223e-14	AbsError: 3.18460e+01
      Equation: "ElectronContinuityEquation"	RelError: 1.07565e-15	AbsError: 1.92297e+01
      Equation: "HoleContinuityEquation"	RelError: 1.21669e-15	AbsError: 1.26163e+01
      Equation: "PotentialEquation"	RelError: 1.04300e-14	AbsError: 1.23654e-16
Charge Relative Error 1.00000e+00
number of equations 5085
Iteration: 0
  Device: "BenchmarkDiode"	RelError: 2.08785e+02	AbsError: 1.19850e+11
    Region: "SiRegion"	RelError: 2.08785e+02	AbsError: 1.19850e+11
      Equation: "ElectronContinuityEquation"	RelError: 1.28045e+02	AbsError: 2.41097e+10
      Equation: "HoleContinuityEquation"	RelError: 8.07374e+01	AbsError: 9.57405e+10
      Equation: "PotentialEquation"	RelError: 1.71236e-03	AbsError: 3.79042e-06
Iteration: 1
  Device: "BenchmarkDiode"	RelError: 6.91706e-03	AbsError: 4.76942e+05
    Region: "SiRegion"	RelError: 6.91706e-03	AbsError: 4.76942e+05
      Equation: "ElectronContinuityEquation"	RelError: 6.62758e-03	AbsError: 1.13363e+05
      Equation: "HoleContinuityEquation"	RelError: 2.89473e-04	AbsError: 3.63580e+05
      Equation: "PotentialEquation"	RelError: 4.43779e-09	AbsError: 9.81142e-12
Iteration: 2
  Device: "BenchmarkDiode"	RelError: 9.62808e-14	AbsError: 6.28313e+01
    Region: "SiRegion"	RelError: 9.62808e-14	AbsError: 6.28313e+01
      Equation: "ElectronContinuityEquation"	RelError: 7.59515e-14	AbsError: 3.00816e+01
      Equation: "HoleContinuityEquation"	RelError: 3.33076e-15	AbsError: 3.27497e+01
      Equation: "PotentialEquation"	RelError: 1.69986e-14	AbsError: 1.20752e-16
Charge Relative Error 1.00000e+00
number of equations 5085
Iteration: 0
  Device: "BenchmarkDiode"	RelError: 1.32866e+02	AbsError: 1.68487e+09
    Region: "SiRegion"	RelError: 1.32866e+02	AbsError: 1.68487e+09
      Equation: "ElectronContinuityEquation"	RelError: 8.13778e+01	AbsError: 3.67038e+08
      Equation: "HoleContinuityEquation"	RelError: 5.14887e+01	AbsError: 1.31784e+09
      Equation: "PotentialEquation"	RelError: 2.44569e-05	AbsError: 5.04168e-08
Iteration: 1
  Device: "BenchmarkDiode"	RelError: 2.87037e-05	AbsError: 1.07403e+02
    Region: "SiRegion"	RelError: 2.87037e-05	AbsError: 1.07403e+02
      Equation: "ElectronContinuityEquation"	RelError: 2.61165e-05	AbsError: 3.94987e+01
      Equation: "HoleContinuityEquation"	RelError: 2.58722e-06	AbsError: 6.79039e+01
      Equation: "PotentialEquation"	RelError: 9.62447e-13	AbsError: 1.82073e-15
Iteration: 2
  Device: "BenchmarkDiode"	RelError: 7.66712e-15	AbsError: 4.21715e+01
    Region: "SiRegion"	RelError: 7.66712e-15	AbsError: 4.21715e+01
      Equation: "ElectronContinuityEquation"	RelError: 1.27881e-15	AbsError: 2.04228e+01
      Equation: "HoleContinuityEquation"	RelError: 2.92007e-15	AbsError: 2.17487e+01
      Equation: "PotentialEquation"	RelError: 3.46824e-15	AbsError: 1.19103e-16
Charge Relative Error 9.99974e-01
number of equations 5085
Iteration: 0
  Device: "BenchmarkDiode"	RelError: 7.00217e+01	AbsError: 2.48837e+07
    Region: "SiRegion"	RelError: 7.00217e+01	AbsError: 2.48837e+07
      Equation: "ElectronContinuityEquation"	RelError: 2.91150e+01	AbsError: 6.24865e+06
      Equation: "HoleContinuityEquation"	RelError: 4.09066e+01	AbsError: 1.86350e+07
      Equation: "PotentialEquation"	RelError: 3.97288e-07	AbsError: 7.41263e-10
Iteration: 1
  Device: "BenchmarkDiode"	RelError: 1.08638e-07	AbsError: 6.50845e+01
    Region: "SiRegion"	RelError: 1.08638e-07	AbsError: 6.50845e+01
      Equation: "ElectronContinuityEquation"	RelError: 6.76761e-08	AbsError: 3.15931e+01
      Equation: "HoleContinuityEquation"	RelError: 4.09617e-08	AbsError: 3.34914e+01
      Equation: "PotentialEquation"	RelError: 2.58463e-14	AbsError: 1.34111e-16
Iteration: 2
  Device: "BenchmarkDiode"	RelError: 1.79101e-14	AbsError: 3.19851e+01
    Region: "SiRegion"	RelError: 1.79101e-14	AbsError: 3.19851e+01
      Equation: "ElectronContinuityEquation"	RelError: 3.13208e-15	AbsError: 1.51252e+01
      Equation: "HoleContinuityEquation"	RelError: 4.05685e-15	AbsError: 1.68600e+01
      Equation: "PotentialEquation"	RelError: 1.07212e-14	AbsError: 1.26537e-16
Charge Relative Error 9.97261e-01
number of equations 5085
Iteration: 0
  Device: "BenchmarkDiode"	RelError: 2.57090e+01	AbsError: 4.30149e+05
    Region: "SiRegion"	RelError: 2.57090e+01	AbsError: 4.30149e+05
      Equation: "ElectronContinuityEquation"	RelError: 5.29904e-01	AbsError: 1.24387e+05
      Equation: "HoleContinuityEquation"	RelError: 2.51791e+01	AbsError: 3.05762e+05
      Equation: "PotentialEquation"	RelError: 7.69146e-09	AbsError: 1.32646e-11
Iteration: 1
  Device: "BenchmarkDiode"	RelError: 5.07124e-10	AbsError: 6.86968e+01
    Region: "SiRegion"	RelError: 5.07124e-10	AbsError: 6.86968e+01
      Equation: "ElectronContinuityEquation"	RelError: 2.05413e-11	AbsError: 3.40015e+01
      Equation: "HoleContinuityEquation"	RelError: 4.86558e-10	AbsError: 3.46952e+01
      Equation: "PotentialEquation"	RelError: 2.44219e-14	AbsError: 1.62493e-16
Iteration: 2
  Device: "BenchmarkDiode"	RelError: 3.44713e-14	AbsError: 4.37512e+01
    Region: "SiRegion"	RelError: 3.44713e-14	AbsError: 4.37512e+01
      Equation: "ElectronContinuityEquation"	RelError: 1.86909e-15	AbsError: 2.56898e+01
      Equation: "HoleContinuityEquation"	RelError: 1.75630e-15	AbsError: 1.80614e+01
      Equation: "PotentialEquation"	RelError: 3.08459e-14	AbsError: 1.13848e-16
Charge Relative Error 7.83836e-01
number of equations 5085
Iteration: 0
  Device: "BenchmarkDiode"	RelError: 1.45880e+00	AbsError: 8.70773e+03
    Region: "SiRegion"	RelError: 1.45880e+00	AbsError: 8.70773e+03
      Equation: "ElectronContinuityEquation"	RelError: 6.34593e-03	AbsError: 2.74110e+03
      Equation: "HoleContinuityEquation"	RelError: 1.45245e+00	AbsError: 5.96663e+03
      Equation: "PotentialEquation"	RelError: 1.67514e-10	AbsError: 2.78139e-13
Iteration: 1
  Device: "BenchmarkDiode"	RelError: 7.13182e-13	AbsError: 4.65906e+01
    Region: "SiRegion"	RelError: 7.13182e-13	AbsError: 4.65906e+01
      Equation: "ElectronContinuityEquation"	RelError: 3.65390e-15	AbsError: 2.33689e+01
      Equation: "HoleContinuityEquation"	RelError: 6.89947e-13	AbsError: 2.32217e+01
      Equation: "PotentialEquation"	RelError: 1.95816e-14	AbsError: 1.19160e-16
Charge Relative Error 4.19635e-02
number of equations 5085
Iteration: 0
  Device: "BenchmarkDiode"	RelError: 3.54508e-02	AbsError: 1.91833e+02
    Region: "SiRegion"	RelError: 3.54508e-02	AbsError: 1.91833e+02
      Equation: "ElectronContinuityEquation"	RelError: 7.55286e-05	AbsError: 6.35339e+01
      Equation: "HoleContinuityEquation"	RelError: 3.53753e-02	AbsError: 1.28299e+02
      Equation: "PotentialEquation"	RelError: 3.86458e-12	AbsError: 6.34679e-15
Iteration: 1
  Device: "BenchmarkDiode"	RelError: 2.96699e-14	AbsError: 4.50201e+01
    Region: "SiRegion"	RelError: 2.96699e-14	AbsError: 4.50201e+01
      Equation: "ElectronContinuityEquation"	RelError: 3.45357e-15	AbsError: 2.03588e+01
      Equation: "HoleContinuityEquation"	RelError: 5.20577e-15	AbsError: 2.46613e+01
      Equation: "PotentialEquation"	RelError: 2.10105e-14	AbsError: 1.16114e-16
Charge Relative Error 1.02920e-03
number of equations 5085
Iteration: 0
  Device: "BenchmarkDiode"	RelError: 8.33757e-04	AbsError: 5.03613e+01
    Region: "SiRegion"	RelError: 8.33757e-04	AbsError: 5.03613e+01
      Equation: "ElectronContinuityEquation"	RelError: 8.98884e-07	AbsError: 2.74624e+01
      Equation: "HoleContinuityEquation"	RelError: 8.32858e-04	AbsError: 2.28989e+01
      Equation: "PotentialEquation"	RelError: 5.80665e-14	AbsError: 2.06325e-16
Iteration: 1
  Device: "BenchmarkDiode"	RelError: 2.33827e-14	AbsError: 3.34953e+01
    Region: "SiRegion"	RelError: 2.33827e-14	AbsError: 3.34953e+01
      Equation: "ElectronContinuityEquation"	RelError: 1.48017e-15	AbsError: 2.05733e+01
      Equation: "HoleContinuityEquation"	RelError: 2.61860e-15	AbsError: 1.29220e+01
      Equation: "PotentialEquation"	RelError: 1.92840e-14	AbsError: 1.14874e-16
Charge Relative Error 2.41866e-05
number of equations 5085
Iteration: 0
  Device: "BenchmarkDiode"	RelError: 1.96032e-05	AbsError: 3.99127e+01
    Region: "SiRegion"	RelError: 1.96032e-05	AbsError: 3.99127e+01
      Equation: "ElectronContinuityEquation"	RelError: 1.06979e-08	AbsError: 3.19838e+01
      Equation: "HoleContinuityEquation"	RelError: 1.95925e-05	AbsError: 7.92893e+00
      Equation: "PotentialEquation"	RelError: 3.43798e-15	AbsError: 1.11022e-16
Iteration: 1
  Device: "BenchmarkDiode"	RelError: 1.59419e-14	AbsError: 3.29115e+01
    Region: "SiRegion"	RelError: 1.59419e-14	AbsError: 3.29115e+01
      Equation: "ElectronContinuityEquation"	RelError: 1.72058e-15	AbsError: 2.49640e+01
      Equation: "HoleContinuityEquation"	RelError: 2.52995e-15	AbsError: 7.94757e+00
      Equation: "PotentialEquation"	RelError: 1.16913e-14	AbsError: 1.13425e-16
Charge Relative Error 5.68955e-07
number of equations 5085
Iteration: 0
  Device: "BenchmarkDiode"	RelError: 4.61024e-07	AbsError: 2.79777e+01
    Region: "SiRegion"	RelError: 4.61024e-07	AbsError: 2.79777e+01
      Equation: "ElectronContinuityEquation"	RelError: 1.27318e-10	AbsError: 2.00047e+01
      Equation: "HoleContinuityEquation"	RelError: 4.60896e-07	AbsError: 7.97296e+00
      Equation: "PotentialEquation"	RelError: 1.29904e-14	AbsError: 1.11967e-16
Iteration: 1
  Device: "BenchmarkDiode"	RelError: 2.13891e-14	AbsError: 2.16563e+01
    Region: "SiRegion"	RelError: 2.13891e-14	AbsError: 2.16563e+01
      Equation: "ElectronContinuityEquation"	RelError: 2.30688e-15	AbsError: 1.37274e+01
      Equation: "HoleContinuityEquation"	RelError: 3.99312e-15	AbsError: 7.92893e+00
      Equation: "PotentialEquation"	RelError: 1.50891e-14	AbsError: 1.12459e-16
Charge Relative Error 1.33856e-08
number of equations 5085
Iteration: 0
  Device: "BenchmarkDiode"	RelError: 1.08437e-08	AbsError: 3.08909e+01
    Region: "SiRegion"	RelError: 1.08437e-08	AbsError: 3.08909e+01
      Equation: "ElectronContinuityEquation"	RelError: 1.51603e-12	AbsError: 2.29574e+01
      Equation: "HoleContinuityEquation"	RelError: 1.08421e-08	AbsError: 7.93351e+00
      Equation: "PotentialEquation"	RelError: 2.18404e-14	AbsError: 1.13817e-16
Iteration: 1
  Device: "BenchmarkDiode"	RelError: 1.95327e-14	AbsError: 2.28420e+01
    Region: "SiRegion"	RelError: 1.95327e-14	AbsError: 2.28420e+01
      Equation: "ElectronContinuityEquation"	RelError: 1.43140e-15	AbsError: 1.49001e+01
      Equation: "HoleContinuityEquation"	RelError: 1.42858e-15	AbsError: 7.94188e+00
      Equation: "PotentialEquation"	RelError: 1.66727e-14	AbsError: 1.11747e-16
Charge Relative Error 4.57916e-09
number of equations 5085
Iteration: 0
  Device: "BenchmarkDiode"	RelError: 2.55079e-10	AbsError: 2.79898e+01
    Region: "SiRegion"	RelError: 2.55079e-10	AbsError: 2.79898e+01
      Equation: "ElectronContinuityEquation"	RelError: 1.94944e-14	AbsError: 2.00058e+01
      Equation: "HoleContinuityEquation"	RelError: 2.55053e-10	AbsError: 7.98404e+00
      Equation: "PotentialEquation"	RelError: 7.30958e-15	AbsError: 1.11965e-16
Iteration: 1
  Device: "BenchmarkDiode"	RelError: 1.58520e-14	AbsError: 2.16571e+01
    Region: "SiRegion"	RelError: 1.58520e-14	AbsError: 2.16571e+01
      Equation: "ElectronContinuityEquation"	RelError: 1.26801e-15	AbsError: 1.37281e+01
      Equation: "HoleContinuityEquation"	RelError: 1.77711e-15	AbsError: 7.92893e+00
      Equation: "PotentialEquation"	RelError: 1.28069e-14	AbsError: 1.12752e-16
Charge Relative Error 4.57916e-09
number of equations 5085
Iteration: 0
  Device: "BenchmarkDiode"	RelError: 6.02207e-12	AbsError: 3.09036e+01
    Region: "SiRegion"	RelError: 6.02207e-12	AbsError: 3.09036e+01
      Equation: "ElectronContinuityEquation"	RelError: 1.92354e-15	AbsError: 2.29701e+01
      Equation: "HoleContinuityEquation"	RelError: 5.99866e-12	AbsError: 7.93348e+00
      Equation: "PotentialEquation"	RelError: 2.14910e-14	AbsError: 1.13575e-16
Charge Relative Error 4.57916e-09
number of equations 5085
Iteration: 0
  Device: "BenchmarkDiode"	RelError: 1.58738e-13	AbsError: 2.28823e+01
    Region: "SiRegion"	RelError: 1.58738e-13	AbsError: 2.28823e+01
      Equation: "ElectronContinuityEquation"	RelError: 1.00766e-15	AbsError: 1.49394e+01
      Equation: "HoleContinuityEquation"	RelError: 1.41981e-13	AbsError: 7.94292e+00
      Equation: "PotentialEquation"	RelError: 1.57493e-14	AbsError: 1.11939e-16
Charge Relative Error 4.57916e-09
number of equations 5085
Iteration: 0
  Device: "BenchmarkDiode"	RelError: 1.38915e-14	AbsError: 2.79858e+01
    Region: "SiRegion"	RelError: 1.38915e-14	AbsError: 2.79858e+01
      Equation: "ElectronContinuityEquation"	RelError: 1.07552e-15	AbsError: 2.00040e+01
      Equation: "HoleContinuityEquation"	RelError: 3.31254e-15	AbsError: 7.98185e+00
      Equation: "PotentialEquation"	RelError: 9.50339e-15	AbsError: 1.11746e-16
Charge Relative Error 4.57916e-09
number of equations 5085
Iteration: 0
  Device: "BenchmarkDiode"	RelError: 1.59711e-14	AbsError: 2.16567e+01
    Region: "SiRegion"	RelError: 1.59711e-14	AbsError: 2.16567e+01
      Equation: "ElectronContinuityEquation"	RelError: 1.34206e-15	AbsError: 1.37277e+01
      Equation: "HoleContinuityEquation"	RelError: 1.36683e-15	AbsError: 7.92893e+00
      Equation: "PotentialEquation"	RelError: 1.32622e-14	AbsError: 1.12742e-16
Charge Relative Error 4.57916e-09
number of equations 5085
Iteration: 0
  Device: "BenchmarkDiode"	RelError: 2.48666e-14	AbsError: 3.08725e+01
    Region: "SiRegion"	RelError: 2.48666e-14	AbsError: 3.08725e+01
      Equation: "ElectronContinuityEquation"	RelError: 2.87581e-15	AbsError: 2.29393e+01
      Equation: "HoleContinuityEquation"	RelError: 1.41867e-15	AbsError: 7.93315e+00
      Equation: "PotentialEquation"	RelError: 2.05721e-14	AbsError: 1.11022e-16
Charge Relative Error 4.57916e-09
number of equations 5085
Iteration: 0
  Device: "BenchmarkDiode"	RelError: 2.11115e-14	AbsError: 2.28938e+01
    Region: "SiRegion"	RelError: 2.11115e-14	AbsError: 2.28938e+01
      Equation: "ElectronContinuityEquation"	RelError: 2.59380e-15	AbsError: 1.49510e+01
      Equation: "HoleContinuityEquation"	RelError: 1.45383e-15	AbsError: 7.94273e+00
      Equation: "PotentialEquation"	RelError: 1.70638e-14	AbsError: 1.12026e-16
Charge Relative Error 4.57916e-09
number of equations 5085
Iteration: 0
  Device: "BenchmarkDiode"	RelError: 9.85102e-15	AbsError: 2.80073e+01
    Region: "SiRegion"	RelError: 9.85102e-15	AbsError: 2.80073e+01
      Equation: "ElectronContinuityEquation"	RelError: 1.65795e-15	AbsError: 2.00230e+01
      Equation: "HoleContinuityEquation"	RelError: 1.50428e-15	AbsError: 7.98433e+00
      Equation: "PotentialEquation"	RelError: 6.68878e-15	AbsError: 1.11991e-16
Charge Relative Error 4.57916e-09
number of equations 5085
Iteration: 0
  Device: "BenchmarkDiode"	RelError: 1.17523e-14	AbsError: 2.17659e+01
    Region: "SiRegion"	RelError: 1.17523e-14	AbsError: 2.17659e+01
      Equation: "ElectronContinuityEquation"	RelError: 2.70366e-15	AbsError: 1.38369e+01
      Equation: "HoleContinuityEquation"	RelError: 1.29935e-15	AbsError: 7.92893e+00
      Equation: "PotentialEquation"	RelError: 7.74932e-15	AbsError: 1.12706e-16
Charge Relative Error 4.57916e-09
number of equations 5085
Iteration: 0
  Device: "BenchmarkDiode"	RelError: 2.53168e-14	AbsError: 3.03362e+01
    Region: "SiRegion"	RelError: 2.53168e-14	AbsError: 3.03362e+01
      Equation: "ElectronContinuityEquation"	RelError: 2.33938e-15	AbsError: 2.24031e+01
      Equation: "HoleContinuityEquation"	RelError: 1.62214e-15	AbsError: 7.93310e+00
      Equation: "PotentialEquation"	RelError: 2.13553e-14	AbsError: 1.11022e-16
Charge Relative Error 4.57916e-09
number of equations 5085
Iteration: 0
  Device: "BenchmarkDiode"	RelError: 2.91368e-14	AbsError: 2.22762e+01
    Region: "SiRegion"	RelError: 2.91368e-14	AbsError: 2.22762e+01
      Equation: "ElectronContinuityEquation"	RelError: 3.73090e-15	AbsError: 1.43328e+01
      Equation: "HoleContinuityEquation"	RelError: 1.86014e-15	AbsError: 7.94344e+00
      Equation: "PotentialEquation"	RelError: 2.35458e-14	AbsError: 1.12411e-16
Charge Relative Error 4.57916e-09
number of equations 5085
Iteration: 0
  Device: "BenchmarkDiode"	RelError: 1.60165e-14	AbsError: 2.79912e+01
    Region: "SiRegion"	RelError: 1.60165e-14	AbsError: 2.79912e+01
      Equation: "ElectronContinuityEquation"	RelError: 2.90248e-15	AbsError: 2.00075e+01
      Equation: "HoleContinuityEquation"	RelError: 1.44778e-15	AbsError: 7.98371e+00
      Equation: "PotentialEquation"	RelError: 1.16662e-14	AbsError: 1.11926e-16
Charge Relative Error 4.57916e-09
number of equations 5085
Iteration: 0
  Device: "BenchmarkDiode"	RelError: 1.91768e-14	AbsError: 2.16580e+01
    Region: "SiRegion"	RelError: 1.91768e-14	AbsError: 2.16580e+01
      Equation: "ElectronContinuityEquation"	RelError: 3.55872e-15	AbsError: 1.37291e+01
      Equation: "HoleContinuityEquation"	RelError: 1.56675e-15	AbsError: 7.92893e+00
      Equation: "PotentialEquation"	RelError: 1.40513e-14	AbsError: 1.12686e-16
Charge Relative Error 4.57916e-09
number of equations 5085
Iteration: 0
  Device: "BenchmarkDiode"	RelError: 2.80743e-14	AbsError: 3.07877e+01
    Region: "SiRegion"	RelError: 2.80743e-14	AbsError: 3.07877e+01
      Equation: "ElectronContinuityEquation"	RelError: 2.60785e-15	AbsError: 2.28547e+01
      Equation: "HoleContinuityEquation"	RelError: 2.18313e-15	AbsError: 7.93302e+00
      Equation: "PotentialEquation"	RelError: 2.32833e-14	AbsError: 1.14045e-16
Charge Relative Error 4.57916e-09
number of equations 5085
Iteration: 0
  Device: "BenchmarkDiode"	RelError: 2.32166e-14	AbsError: 2.29550e+01
    Region: "SiRegion"	RelError: 2.32166e-14	AbsError: 2.29550e+01
      Equation: "ElectronContinuityEquation"	RelError: 2.88114e-15	AbsError: 1.50126e+01
      Equation: "HoleContinuityEquation"	RelError: 2.47470e-15	AbsError: 7.94242e+00
      Equation: "PotentialEquation"	RelError: 1.78608e-14	AbsError: 1.11819e-16
Charge Relative Error 4.57916e-09
number of equations 5085
Iteration: 0
  Device: "BenchmarkDiode"	RelError: 1.37616e-14	AbsError: 2.79712e+01
    Region: "SiRegion"	RelError: 1.37616e-14	AbsError: 2.79712e+01
      Equation: "ElectronContinuityEquation"	RelError: 2.01869e-15	AbsError: 1.99876e+01
      Equation: "HoleContinuityEquation"	RelError: 1.29493e-15	AbsError: 7.98355e+00
      Equation: "PotentialEquation"	RelError: 1.04480e-14	AbsError: 1.11915e-16
Charge Relative Error 4.57916e-09
number of equations 5085
Iteration: 0
  Device: "BenchmarkDiode"	RelError: 1.12972e-14	AbsError: 2.15879e+01
    Region: "SiRegion"	RelError: 1.12972e-14	AbsError: 2.15879e+01
      Equation: "ElectronContinuityEquation"	RelError: 1.74619e-15	AbsError: 1.36589e+01
      Equation: "HoleContinuityEquation"	RelError: 7.21173e-16	AbsError: 7.92893e+00
      Equation: "PotentialEquation"	RelError: 8.82980e-15	AbsError: 1.12815e-16
Charge Relative Error 4.57916e-09
number of equations 5085
Iteration: 0
  Device: "BenchmarkDiode"	RelError: 1.28800e-14	AbsError: 2.79032e+01
    Region: "SiRegion"	RelError: 1.28800e-14	AbsError: 2.79032e+01
      Equation: "ElectronContinuityEquation"	RelError: 1.36124e-15	AbsError: 1.99692e+01
      Equation: "HoleContinuityEquation"	RelError: 1.42736e-15	AbsError: 7.93397e+00
      Equation: "PotentialEquation"	RelError: 1.00914e-14	AbsError: 1.11022e-16
Charge Relative Error 4.57916e-09
number of equations 5085
Iteration: 0
  Device: "BenchmarkDiode"	RelError: 1.61149e-14	AbsError: 2.16067e+01
    Region: "SiRegion"	RelError: 1.61149e-14	AbsError: 2.16067e+01
      Equation: "ElectronContinuityEquation"	RelError: 1.09836e-15	AbsError: 1.36635e+01
      Equation: "HoleContinuityEquation"	RelError: 1.90280e-15	AbsError: 7.94317e+00
      Equation: "PotentialEquation"	RelError: 1.31137e-14	AbsError: 1.12171e-16
Charge Relative Error 4.57916e-09
number of equations 5085
Iteration: 0
  Device: "BenchmarkDiode"	RelError: 1.56987e-14	AbsError: 2.79564e+01
    Region: "SiRegion"	RelError: 1.56987e-14	AbsError: 2.79564e+01
      Equation: "ElectronContinuityEquation"	RelError: 1.78612e-15	AbsError: 1.99731e+01
      Equation: "HoleContinuityEquation"	RelError: 2.27797e-15	AbsError: 7.98337e+00
      Equation: "PotentialEquation"	RelError: 1.16346e-14	AbsError: 1.11893e-16
Charge Relative Error 4.57916e-09
number of equations 5085
Iteration: 0
  Device: "BenchmarkDiode"	RelError: 1.41560e-14	AbsError: 2.15877e+01
    Region: "SiRegion"	RelError: 1.41560e-14	AbsError: 2.15877e+01
      Equation: "ElectronContinuityEquation"	RelError: 1.72271e-15	AbsError: 1.36588e+01
      Equation: "HoleContinuityEquation"	RelError: 3.01782e-15	AbsError: 7.92893e+00
      Equation: "PotentialEquation"	RelError: 9.41546e-15	AbsError: 1.12841e-16
Charge Relative Error 4.57916e-09
number of equations 5085
Iteration: 0
  Device: "BenchmarkDiode"	RelError: 1.34793e-14	AbsError: 2.79398e+01
    Region: "SiRegion"	RelError: 1.34793e-14	AbsError: 2.79398e+01
      Equation: "ElectronContinuityEquation"	RelError: 1.45629e-15	AbsError: 2.00051e+01
      Equation: "HoleContinuityEquation"	RelError: 2.83155e-15	AbsError: 7.93470e+00
      Equation: "PotentialEquation"	RelError: 9.19141e-15	AbsError: 1.11022e-16
Charge Relative Error 4.57916e-09
number of equations 5085
Iteration: 0
  Device: "BenchmarkDiode"	RelError: 1.91900e-14	AbsError: 2.16731e+01
    Region: "SiRegion"	RelError: 1.91900e-14	AbsError: 2.16731e+01
      Equation: "ElectronContinuityEquation"	RelError: 1.51555e-15	AbsError: 1.37296e+01
      Equation: "HoleContinuityEquation"	RelError: 2.23570e-15	AbsError: 7.94350e+00
      Equation: "PotentialEquation"	RelError: 1.54387e-14	AbsError: 1.12789e-16
Charge Relative Error 4.57916e-09
number of equations 5085
Iteration: 0
  Device: "BenchmarkDiode"	RelError: 2.77461e-14	AbsError: 3.08615e+01
    Region: "SiRegion"	RelError: 2.77461e-14	AbsError: 3.08615e+01
      Equation: "ElectronContinuityEquation"	RelError: 2.82378e-15	AbsError: 2.28792e+01
      Equation: "HoleContinuityEquation"	RelError: 1.97998e-15	AbsError: 7.98230e+00
      Equation: "PotentialEquation"	RelError: 2.29424e-14	AbsError: 1.12447e-16
Charge Relative Error 4.57916e-09
number of equations 5085
Iteration: 0
  Device: "BenchmarkDiode"	RelError: 2.22723e-14	AbsError: 2.26695e+01
    Region: "SiRegion"	RelError: 2.22723e-14	AbsError: 2.26695e+01
      Equation: "ElectronContinuityEquation"	RelError: 1.92497e-15	AbsError: 1.47405e+01
      Equation: "HoleContinuityEquation"	RelError: 2.63461e-15	AbsError: 7.92893e+00
      Equation: "PotentialEquation"	RelError: 1.77127e-14	AbsError: 1.12809e-16
Charge Relative Error 4.57916e-09
number of equations 5085
Iteration: 0
  Device: "BenchmarkDiode"	RelError: 1.33064e-14	AbsError: 2.79326e+01
    Region: "SiRegion"	RelError: 1.33064e-14	AbsError: 2.79326e+01
      Equation: "ElectronContinuityEquation"	RelError: 1.33269e-15	AbsError: 1.99982e+01
      Equation: "HoleContinuityEquation"	RelError: 2.73728e-15	AbsError: 7.93447e+00
      Equation: "PotentialEquation"	RelError: 9.23641e-15	AbsError: 1.11022e-16
Charge Relative Error 4.57916e-09
number of equations 5085
Iteration: 0
  Device: "BenchmarkDiode"	RelError: 1.51186e-14	AbsError: 2.17026e+01
    Region: "SiRegion"	RelError: 1.51186e-14	AbsError: 2.17026e+01
      Equation: "ElectronContinuityEquation"	RelError: 1.74109e-15	AbsError: 1.37591e+01
      Equation: "HoleContinuityEquation"	RelError: 2.20905e-15	AbsError: 7.94350e+00
      Equation: "PotentialEquation"	RelError: 1.11685e-14	AbsError: 1.12479e-16
Charge Relative Error 4.57916e-09
number of equations 5085
Iteration: 0
  Device: "BenchmarkDiode"	RelError: 1.50814e-14	AbsError: 2.79532e+01
    Region: "SiRegion"	RelError: 1.50814e-14	AbsError: 2.79532e+01
      Equation: "ElectronContinuityEquation"	RelError: 1.78533e-15	AbsError: 1.99696e+01
      Equation: "HoleContinuityEquation"	RelError: 2.51527e-15	AbsError: 7.98364e+00
      Equation: "PotentialEquation"	RelError: 1.07809e-14	AbsError: 1.11919e-16
Charge Relative Error 4.57916e-09
number of equations 5085
Iteration: 0
  Device: "BenchmarkDiode"	RelError: 1.30747e-14	AbsError: 2.15902e+01
    Region: "SiRegion"	RelError: 1.30747e-14	AbsError: 2.15902e+01
      Equation: "ElectronContinuityEquation"	RelError: 1.27111e-15	AbsError: 1.36613e+01
      Equation: "HoleContinuityEquation"	RelError: 3.15375e-15	AbsError: 7.92893e+00
      Equation: "PotentialEquation"	RelError: 8.64984e-15	AbsError: 1.12775e-16
Charge Relative Error 4.57916e-09
number of equations 5085
Iteration: 0
  Device: "BenchmarkDiode"	RelError: 1.75107e-14	AbsError: 2.78895e+01
    Region: "SiRegion"	RelError: 1.75107e-14	AbsError: 2.78895e+01
      Equation: "ElectronContinuityEquation"	RelError: 1.17882e-15	AbsError: 1.99553e+01
      Equation: "HoleContinuityEquation"	RelError: 2.31025e-15	AbsError: 7.93422e+00
      Equation: "PotentialEquation"	RelError: 1.40216e-14	AbsError: 1.11022e-16
Charge Relative Error 4.57916e-09
number of equations 5085
Iteration: 0
  Device: "BenchmarkDiode"	RelError: 2.01711e-14	AbsError: 2.16067e+01
    Region: "SiRegion"	RelError: 2.01711e-14	AbsError: 2.16067e+01
      Equation: "ElectronContinuityEquation"	RelError: 1.92316e-15	AbsError: 1.36637e+01
      Equation: "HoleContinuityEquation"	RelError: 1.95830e-15	AbsError: 7.94303e+00
      Equation: "PotentialEquation"	RelError: 1.62896e-14	AbsError: 1.12325e-16
Charge Relative Error 4.57916e-09
number of equations 5085
Iteration: 0
  Device: "BenchmarkDiode"	RelError: 1.52129e-14	AbsError: 2.79593e+01
    Region: "SiRegion"	RelError: 1.52129e-14	AbsError: 2.79593e+01
      Equation: "ElectronContinuityEquation"	RelError: 2.29356e-15	AbsError: 1.99754e+01
      Equation: "HoleContinuityEquation"	RelError: 1.52064e-15	AbsError: 7.98389e+00
      Equation: "PotentialEquation"	RelError: 1.13987e-14	AbsError: 1.11948e-16
Charge Relative Error 4.57916e-09
number of equations 5085
Iteration: 0
  Device: "BenchmarkDiode"	RelError: 1.37312e-14	AbsError: 2.15915e+01
    Region: "SiRegion"	RelError: 1.37312e-14	AbsError: 2.15915e+01
      Equation: "ElectronContinuityEquation"	RelError: 1.47325e-15	AbsError: 1.36626e+01
      Equation: "HoleContinuityEquation"	RelError: 2.33173e-15	AbsError: 7.92893e+00
      Equation: "PotentialEquation"	RelError: 9.92622e-15	AbsError: 1.12717e-16
Charge Relative Error 4.57916e-09
number of equations 5085
Iteration: 0
  Device: "BenchmarkDiode"	RelError: 1.34608e-14	AbsError: 2.79308e+01
    Region: "SiRegion"	RelError: 1.34608e-14	AbsError: 2.79308e+01
      Equation: "ElectronContinuityEquation"	RelError: 1.87434e-15	AbsError: 1.99960e+01
      Equation: "HoleContinuityEquation"	RelError: 2.67577e-15	AbsError: 7.93475e+00
      Equation: "PotentialEquation"	RelError: 8.91074e-15	AbsError: 1.12608e-16
Charge Relative Error 4.57916e-09
number of equations 5085
Iteration: 0
  Device: "BenchmarkDiode"	RelError: 1.34092e-14	AbsError: 2.19617e+01
    Region: "SiRegion"	RelError: 1.34092e-14	AbsError: 2.19617e+01
      Equation: "ElectronContinuityEquation"	RelError: 1.88793e-15	AbsError: 1.40182e+01
      Equation: "HoleContinuityEquation"	RelError: 2.11223e-15	AbsError: 7.94353e+00
      Equation: "PotentialEquation"	RelError: 9.40902e-15	AbsError: 1.12517e-16
Charge Relative Error 4.57916e-09
number of equations 5085
Iteration: 0
  Device: "BenchmarkDiode"	RelError: 1.54555e-14	AbsError: 2.79365e+01
    Region: "SiRegion"	RelError: 1.54555e-14	AbsError: 2.79365e+01
      Equation: "ElectronContinuityEquation"	RelError: 1.81405e-15	AbsError: 1.99532e+01
      Equation: "HoleContinuityEquation"	RelError: 1.71250e-15	AbsError: 7.98330e+00
      Equation: "PotentialEquation"	RelError: 1.19289e-14	AbsError: 1.11886e-16
Charge Relative Error 4.57916e-09
number of equations 5085
Iteration: 0
  Device: "BenchmarkDiode"	RelError: 1.44642e-14	AbsError: 2.15878e+01
    Region: "SiRegion"	RelError: 1.44642e-14	AbsError: 2.15878e+01
      Equation: "ElectronContinuityEquation"	RelError: 2.33609e-15	AbsError: 1.36589e+01
      Equation: "HoleContinuityEquation"	RelError: 2.52077e-15	AbsError: 7.92893e+00
      Equation: "PotentialEquation"	RelError: 9.60735e-15	AbsError: 1.12829e-16
Charge Relative Error 4.57916e-09
recovery_vfixed_tau_1e-06_dt_2e-09_mesh_2e-07: Qrr=4.614e-07 C, Irrm=4.524e+02 A, elapsed=2.45s
p_i
i_n
bot
 (region: SiRegion)
 (contact: top)
 (contact: bot)
number of equations 3001
Iteration: 0
  Device: "BenchmarkDiode"	RelError: 1.00000e+00	AbsError: 1.63862e-01
    Region: "SiRegion"	RelError: 1.00000e+00	AbsError: 1.63862e-01
      Equation: "PotentialEquation"	RelError: 1.00000e+00	AbsError: 1.63862e-01
Iteration: 1
  Device: "BenchmarkDiode"	RelError: 4.97946e-01	AbsError: 1.62392e-01
    Region: "SiRegion"	RelError: 4.97946e-01	AbsError: 1.62392e-01
      Equation: "PotentialEquation"	RelError: 4.97946e-01	AbsError: 1.62392e-01
Iteration: 2
  Device: "BenchmarkDiode"	RelError: 2.97562e+01	AbsError: 1.03438e-01
    Region: "SiRegion"	RelError: 2.97562e+01	AbsError: 1.03438e-01
      Equation: "PotentialEquation"	RelError: 2.97562e+01	AbsError: 1.03438e-01
Iteration: 3
  Device: "BenchmarkDiode"	RelError: 1.53739e+01	AbsError: 5.73651e-02
    Region: "SiRegion"	RelError: 1.53739e+01	AbsError: 5.73651e-02
      Equation: "PotentialEquation"	RelError: 1.53739e+01	AbsError: 5.73651e-02
Iteration: 4
  Device: "BenchmarkDiode"	RelError: 5.97625e+00	AbsError: 5.01960e-02
    Region: "SiRegion"	RelError: 5.97625e+00	AbsError: 5.01960e-02
      Equation: "PotentialEquation"	RelError: 5.97625e+00	AbsError: 5.01960e-02
Iteration: 5
  Device: "BenchmarkDiode"	RelError: 2.30448e+00	AbsError: 4.17220e-02
    Region: "SiRegion"	RelError: 2.30448e+00	AbsError: 4.17220e-02
      Equation: "PotentialEquation"	RelError: 2.30448e+00	AbsError: 4.17220e-02
Iteration: 6
  Device: "BenchmarkDiode"	RelError: 1.26986e+00	AbsError: 3.16681e-02
    Region: "SiRegion"	RelError: 1.26986e+00	AbsError: 3.16681e-02
      Equation: "PotentialEquation"	RelError: 1.26986e+00	AbsError: 3.16681e-02
Iteration: 7
  Device: "BenchmarkDiode"	RelError: 3.77488e-01	AbsError: 2.21597e-02
    Region: "SiRegion"	RelError: 3.77488e-01	AbsError: 2.21597e-02
      Equation: "PotentialEquation"	RelError: 3.77488e-01	AbsError: 2.21597e-02
Iteration: 8
  Device: "BenchmarkDiode"	RelError: 2.46584e-02	AbsError: 1.02888e-02
    Region: "SiRegion"	RelError: 2.46584e-02	AbsError: 1.02888e-02
      Equation: "PotentialEquation"	RelError: 2.46584e-02	AbsError: 1.02888e-02
Iteration: 9
  Device: "BenchmarkDiode"	RelError: 1.37934e-05	AbsError: 5.75532e-06
    Region: "SiRegion"	RelError: 1.37934e-05	AbsError: 5.75532e-06
      Equation: "PotentialEquation"	RelError: 1.37934e-05	AbsError: 5.75532e-06
Iteration: 10
  Device: "BenchmarkDiode"	RelError: 1.83344e-10	AbsError: 7.65006e-11
    Region: "SiRegion"	RelError: 1.83344e-10	AbsError: 7.65006e-11
      Equation: "PotentialEquation"	RelError: 1.83344e-10	AbsError: 7.65006e-11
Iteration: 11
  Device: "BenchmarkDiode"	RelError: 2.25842e-15	AbsError: 4.29588e-17
    Region: "SiRegion"	RelError: 2.25842e-15	AbsError: 4.29588e-17
      Equation: "PotentialEquation"	RelError: 2.25842e-15	AbsError: 4.29588e-17
Warning: Replacing equation with equation of the same name.
Region: SiRegion, Equation: PotentialEquation, Variable: Potential
number of equations 9003
Iteration: 0
  Device: "BenchmarkDiode"	RelError: 1.13545e-12	AbsError: 1.00800e+03
    Region: "SiRegion"	RelError: 1.13545e-12	AbsError: 1.00800e+03
      Equation: "ElectronContinuityEquation"	RelError: 8.97680e-15	AbsError: 4.96000e+02
      Equation: "HoleContinuityEquation"	RelError: 9.58855e-15	AbsError: 5.12000e+02
      Equation: "PotentialEquation"	RelError: 1.11689e-12	AbsError: 1.43496e-16
number of equations 9003
Iteration: 0
  Device: "BenchmarkDiode"	RelError: 6.20468e+02	AbsError: 2.64426e+15
    Region: "SiRegion"	RelError: 6.20468e+02	AbsError: 2.64426e+15
      Equation: "ElectronContinuityEquation"	RelError: 9.68302e-01	AbsError: 1.31664e+15
      Equation: "HoleContinuityEquation"	RelError: 9.68300e-01	AbsError: 1.32763e+15
      Equation: "PotentialEquation"	RelError: 6.18531e+02	AbsError: 8.96718e-02
Iteration: 1
  Device: "BenchmarkDiode"	RelError: 1.23617e+03	AbsError: 1.05884e+15
    Region: "SiRegion"	RelError: 1.23617e+03	AbsError: 1.05884e+15
      Equation: "ElectronContinuityEquation"	RelError: 9.64792e-01	AbsError: 5.15550e+14
      Equation: "HoleContinuityEquation"	RelError: 9.94407e-01	AbsError: 5.43287e+14
      Equation: "PotentialEquation"	RelError: 1.23421e+03	AbsError: 8.66950e-02
Iteration: 2
  Device: "BenchmarkDiode"	RelError: 3.43019e+03	AbsError: 4.73708e+14
    Region: "SiRegion"	RelError: 3.43019e+03	AbsError: 4.73708e+14
      Equation: "ElectronContinuityEquation"	RelError: 9.60128e-01	AbsError: 2.51248e+14
      Equation: "HoleContinuityEquation"	RelError: 9.94182e-01	AbsError: 2.22460e+14
      Equation: "PotentialEquation"	RelError: 3.42824e+03	AbsError: 8.34501e-02
Iteration: 3
  Device: "BenchmarkDiode"	RelError: 3.00008e+02	AbsError: 6.19363e+14
    Region: "SiRegion"	RelError: 3.00008e+02	AbsError: 6.19363e+14
      Equation: "ElectronContinuityEquation"	RelError: 9.54233e-01	AbsError: 3.41980e+14
      Equation: "HoleContinuityEquation"	RelError: 9.90928e-01	AbsError: 2.77383e+14
      Equation: "PotentialEquation"	RelError: 2.98063e+02	AbsError: 7.98885e-02
Iteration: 4
  Device: "BenchmarkDiode"	RelError: 2.11437e+03	AbsError: 1.47421e+15
    Region: "SiRegion"	RelError: 2.11437e+03	AbsError: 1.47421e+15
      Equation: "ElectronContinuityEquation"	RelError: 9.46724e-01	AbsError: 8.58293e+14
      Equation: "HoleContinuityEquation"	RelError: 9.84060e-01	AbsError: 6.15917e+14
      Equation: "PotentialEquation"	RelError: 2.11244e+03	AbsError: 7.59483e-02
Iteration: 5
  Device: "BenchmarkDiode"	RelError: 2.88582e+00	AbsError: 4.52292e+15
    Region: "SiRegion"	RelError: 2.88582e+00	AbsError: 4.52292e+15
      Equation: "ElectronContinuityEquation"	RelError: 9.36875e-01	AbsError: 2.05775e+15
      Equation: "HoleContinuityEquation"	RelError: 9.26088e-01	AbsError: 2.46517e+15
      Equation: "PotentialEquation"	RelError: 1.02285e+00	AbsError: 7.15491e-02
Iteration: 6
  Device: "BenchmarkDiode"	RelError: 2.08192e+00	AbsError: 3.28728e+15
    Region: "SiRegion"	RelError: 2.08192e+00	AbsError: 3.28728e+15
      Equation: "ElectronContinuityEquation"	RelError: 9.23505e-01	AbsError: 2.14727e+15
      Equation: "HoleContinuityEquation"	RelError: 6.70742e-01	AbsError: 1.14002e+15
      Equation: "PotentialEquation"	RelError: 4.87677e-01	AbsError: 6.65854e-02
Iteration: 7
  Device: "BenchmarkDiode"	RelError: 1.83376e+00	AbsError: 6.79699e+15
    Region: "SiRegion"	RelError: 1.83376e+00	AbsError: 6.79699e+15
      Equation: "ElectronContinuityEquation"	RelError: 9.04676e-01	AbsError: 3.94601e+15
      Equation: "HoleContinuityEquation"	RelError: 6.20577e-01	AbsError: 2.85099e+15
      Equation: "PotentialEquation"	RelError: 3.08511e-01	AbsError: 6.09160e-02
Iteration: 8
  Device: "BenchmarkDiode"	RelError: 1.79728e+00	AbsError: 1.27836e+16
    Region: "SiRegion"	RelError: 1.79728e+00	AbsError: 1.27836e+16
      Equation: "ElectronContinuityEquation"	RelError: 8.75315e-01	AbsError: 7.27546e+15
      Equation: "HoleContinuityEquation"	RelError: 7.06118e-01	AbsError: 5.50817e+15
      Equation: "PotentialEquation"	RelError: 2.15851e-01	AbsError: 5.43523e-02
Iteration: 9
  Device: "BenchmarkDiode"	RelError: 1.66464e+00	AbsError: 2.03180e+16
    Region: "SiRegion"	RelError: 1.66464e+00	AbsError: 2.03180e+16
      Equation: "ElectronContinuityEquation"	RelError: 8.22973e-01	AbsError: 1.15887e+16
      Equation: "HoleContinuityEquation"	RelError: 6.85368e-01	AbsError: 8.72925e+15
      Equation: "PotentialEquation"	RelError: 1.56294e-01	AbsError: 4.66461e-02
Iteration: 10
  Device: "BenchmarkDiode"	RelError: 1.39455e+00	AbsError: 2.14292e+16
    Region: "SiRegion"	RelError: 1.39455e+00	AbsError: 2.14292e+16
      Equation: "ElectronContinuityEquation"	RelError: 7.15507e-01	AbsError: 1.24335e+16
      Equation: "HoleContinuityEquation"	RelError: 5.67413e-01	AbsError: 8.99569e+15
      Equation: "PotentialEquation"	RelError: 1.11634e-01	AbsError: 3.75040e-02
Iteration: 11
  Device: "BenchmarkDiode"	RelError: 9.00090e-01	AbsError: 1.07495e+16
    Region: "SiRegion"	RelError: 9.00090e-01	AbsError: 1.07495e+16
      Equation: "ElectronContinuityEquation"	RelError: 4.87804e-01	AbsError: 6.33068e+15
      Equation: "HoleContinuityEquation"	RelError: 3.38588e-01	AbsError: 4.41879e+15
      Equation: "PotentialEquation"	RelError: 7.36980e-02	AbsError: 2.67290e-02
Iteration: 12
  Device: "BenchmarkDiode"	RelError: 2.96440e-01	AbsError: 1.79733e+15
    Region: "SiRegion"	RelError: 2.96440e-01	AbsError: 1.79733e+15
      Equation: "ElectronContinuityEquation"	RelError: 1.62502e-01	AbsError: 9.25625e+14
      Equation: "HoleContinuityEquation"	RelError: 8.15166e-02	AbsError: 8.71709e+14
      Equation: "PotentialEquation"	RelError: 5.24222e-02	AbsError: 2.00645e-02
Iteration: 13
  Device: "BenchmarkDiode"	RelError: 1.87801e-02	AbsError: 4.70559e+14
    Region: "SiRegion"	RelError: 1.87801e-02	AbsError: 4.70559e+14
      Equation: "ElectronContinuityEquation"	RelError: 1.22688e-02	AbsError: 2.72719e+14
      Equation: "HoleContinuityEquation"	RelError: 6.17330e-03	AbsError: 1.97840e+14
      Equation: "PotentialEquation"	RelError: 3.38062e-04	AbsError: 1.39466e-04
Iteration: 14
  Device: "BenchmarkDiode"	RelError: 2.92500e-05	AbsError: 6.76318e+11
    Region: "SiRegion"	RelError: 2.92500e-05	AbsError: 6.76318e+11
      Equation: "ElectronContinuityEquation"	RelError: 1.72006e-05	AbsError: 3.82592e+11
      Equation: "HoleContinuityEquation"	RelError: 1.06742e-05	AbsError: 2.93726e+11
      Equation: "PotentialEquation"	RelError: 1.37514e-06	AbsError: 5.67280e-07
Iteration: 15
  Device: "BenchmarkDiode"	RelError: 1.64548e-10	AbsError: 3.79989e+06
    Region: "SiRegion"	RelError: 1.64548e-10	AbsError: 3.79989e+06
      Equation: "ElectronContinuityEquation"	RelError: 7.77568e-11	AbsError: 2.00016e+06
      Equation: "HoleContinuityEquation"	RelError: 7.53438e-11	AbsError: 1.79973e+06
      Equation: "PotentialEquation"	RelError: 1.14478e-11	AbsError: 4.72184e-12
Iteration: 16
  Device: "BenchmarkDiode"	RelError: 6.29471e-15	AbsError: 1.49899e+02
    Region: "SiRegion"	RelError: 6.29471e-15	AbsError: 1.49899e+02
      Equation: "ElectronContinuityEquation"	RelError: 2.70020e-15	AbsError: 7.44954e+01
      Equation: "HoleContinuityEquation"	RelError: 3.42135e-15	AbsError: 7.54035e+01
      Equation: "PotentialEquation"	RelError: 1.73159e-16	AbsError: 6.81261e-17
number of equations 9003
Iteration: 0
  Device: "BenchmarkDiode"	RelError: 3.88485e-15	AbsError: 1.01453e+02
    Region: "SiRegion"	RelError: 3.88485e-15	AbsError: 1.01453e+02
      Equation: "ElectronContinuityEquation"	RelError: 1.87238e-15	AbsError: 5.16547e+01
      Equation: "HoleContinuityEquation"	RelError: 1.80515e-15	AbsError: 4.97978e+01
      Equation: "PotentialEquation"	RelError: 2.07324e-16	AbsError: 8.11379e-17
number of equations 9003
Iteration: 0
  Device: "BenchmarkDiode"	RelError: 3.15374e-15	AbsError: 8.23947e+01
    Region: "SiRegion"	RelError: 3.15374e-15	AbsError: 8.23947e+01
      Equation: "ElectronContinuityEquation"	RelError: 1.49973e-15	AbsError: 4.13741e+01
      Equation: "HoleContinuityEquation"	RelError: 1.48698e-15	AbsError: 4.10206e+01
      Equation: "PotentialEquation"	RelError: 1.67026e-16	AbsError: 6.76812e-17
Charge Relative Error 4.26075e-09
number of equations 9003
Iteration: 0
  Device: "BenchmarkDiode"	RelError: 3.84555e-15	AbsError: 8.97279e+01
    Region: "SiRegion"	RelError: 3.84555e-15	AbsError: 8.97279e+01
      Equation: "ElectronContinuityEquation"	RelError: 1.89660e-15	AbsError: 4.13029e+01
      Equation: "HoleContinuityEquation"	RelError: 1.75508e-15	AbsError: 4.84251e+01
      Equation: "PotentialEquation"	RelError: 1.93860e-16	AbsError: 7.73655e-17
Charge Relative Error 4.26075e-09
number of equations 9003
Iteration: 0
  Device: "BenchmarkDiode"	RelError: 3.62357e-15	AbsError: 8.77093e+01
    Region: "SiRegion"	RelError: 3.62357e-15	AbsError: 8.77093e+01
      Equation: "ElectronContinuityEquation"	RelError: 1.87857e-15	AbsError: 4.53437e+01
      Equation: "HoleContinuityEquation"	RelError: 1.52077e-15	AbsError: 4.23656e+01
      Equation: "PotentialEquation"	RelError: 2.24229e-16	AbsError: 8.81931e-17
Charge Relative Error 4.19146e-09
number of equations 9003
Iteration: 0
  Device: "BenchmarkDiode"	RelError: 3.58043e-15	AbsError: 8.88861e+01
    Region: "SiRegion"	RelError: 3.58043e-15	AbsError: 8.88861e+01
      Equation: "ElectronContinuityEquation"	RelError: 1.83798e-15	AbsError: 4.56702e+01
      Equation: "HoleContinuityEquation"	RelError: 1.55950e-15	AbsError: 4.32160e+01
      Equation: "PotentialEquation"	RelError: 1.82953e-16	AbsError: 7.16951e-17
Charge Relative Error 4.39413e-09
number of equations 9003
Iteration: 0
  Device: "BenchmarkDiode"	RelError: 4.01269e-15	AbsError: 8.24969e+01
    Region: "SiRegion"	RelError: 4.01269e-15	AbsError: 8.24969e+01
      Equation: "ElectronContinuityEquation"	RelError: 2.59395e-15	AbsError: 3.91180e+01
      Equation: "HoleContinuityEquation"	RelError: 1.15537e-15	AbsError: 4.33789e+01
      Equation: "PotentialEquation"	RelError: 2.63373e-16	AbsError: 1.05197e-16
Charge Relative Error 4.65282e-09
number of equations 9003
Iteration: 0
  Device: "BenchmarkDiode"	RelError: 3.27857e-15	AbsError: 8.75284e+01
    Region: "SiRegion"	RelError: 3.27857e-15	AbsError: 8.75284e+01
      Equation: "ElectronContinuityEquation"	RelError: 1.37702e-15	AbsError: 4.14013e+01
      Equation: "HoleContinuityEquation"	RelError: 1.69910e-15	AbsError: 4.61271e+01
      Equation: "PotentialEquation"	RelError: 2.02442e-16	AbsError: 8.10932e-17
Charge Relative Error 4.44115e-09
number of equations 9003
Iteration: 0
  Device: "BenchmarkDiode"	RelError: 2.82260e-15	AbsError: 7.86408e+01
    Region: "SiRegion"	RelError: 2.82260e-15	AbsError: 7.86408e+01
      Equation: "ElectronContinuityEquation"	RelError: 1.22498e-15	AbsError: 3.51122e+01
      Equation: "HoleContinuityEquation"	RelError: 1.40891e-15	AbsError: 4.35286e+01
      Equation: "PotentialEquation"	RelError: 1.88701e-16	AbsError: 7.87638e-17
Charge Relative Error 4.21551e-09
number of equations 9003
Iteration: 0
  Device: "BenchmarkDiode"	RelError: 3.92236e-15	AbsError: 7.69407e+01
    Region: "SiRegion"	RelError: 3.92236e-15	AbsError: 7.69407e+01
      Equation: "ElectronContinuityEquation"	RelError: 1.54562e-15	AbsError: 3.41950e+01
      Equation: "HoleContinuityEquation"	RelError: 2.14513e-15	AbsError: 4.27457e+01
      Equation: "PotentialEquation"	RelError: 2.31617e-16	AbsError: 9.24368e-17
Charge Relative Error 4.48776e-09
number of equations 9003
Iteration: 0
  Device: "BenchmarkDiode"	RelError: 2.67332e-15	AbsError: 8.49220e+01
    Region: "SiRegion"	RelError: 2.67332e-15	AbsError: 8.49220e+01
      Equation: "ElectronContinuityEquation"	RelError: 1.17962e-15	AbsError: 4.18012e+01
      Equation: "HoleContinuityEquation"	RelError: 1.17800e-15	AbsError: 4.31208e+01
      Equation: "PotentialEquation"	RelError: 3.15707e-16	AbsError: 1.25518e-16
Charge Relative Error 4.50260e-09
number of equations 9003
Iteration: 0
  Device: "BenchmarkDiode"	RelError: 3.63489e-15	AbsError: 9.72964e+01
    Region: "SiRegion"	RelError: 3.63489e-15	AbsError: 9.72964e+01
      Equation: "ElectronContinuityEquation"	RelError: 1.92186e-15	AbsError: 5.64024e+01
      Equation: "HoleContinuityEquation"	RelError: 1.46756e-15	AbsError: 4.08940e+01
      Equation: "PotentialEquation"	RelError: 2.45470e-16	AbsError: 9.66844e-17
Charge Relative Error 4.26075e-09
number of equations 9003
Iteration: 0
  Device: "BenchmarkDiode"	RelError: 1.99840e+03	AbsError: 2.11756e+17
    Region: "SiRegion"	RelError: 1.99840e+03	AbsError: 2.11756e+17
      Equation: "ElectronContinuityEquation"	RelError: 9.99000e+02	AbsError: 1.05877e+17
      Equation: "HoleContinuityEquation"	RelError: 9.99000e+02	AbsError: 1.05880e+17
      Equation: "PotentialEquation"	RelError: 4.04434e-01	AbsError: 1.10220e-01
Iteration: 1
  Device: "BenchmarkDiode"	RelError: 2.66178e+00	AbsError: 2.24526e+17
    Region: "SiRegion"	RelError: 2.66178e+00	AbsError: 2.24526e+17
      Equation: "ElectronContinuityEquation"	RelError: 9.99256e-01	AbsError: 1.40659e+17
      Equation: "HoleContinuityEquation"	RelError: 9.98750e-01	AbsError: 8.38675e+16
      Equation: "PotentialEquation"	RelError: 6.63776e-01	AbsError: 1.36324e-01
Iteration: 2
  Device: "BenchmarkDiode"	RelError: 1.45802e+04	AbsError: 1.29903e+17
    Region: "SiRegion"	RelError: 1.45802e+04	AbsError: 1.29903e+17
      Equation: "ElectronContinuityEquation"	RelError: 1.35793e+04	AbsError: 6.25305e+16
      Equation: "HoleContinuityEquation"	RelError: 9.99000e+02	AbsError: 6.73728e+16
      Equation: "PotentialEquation"	RelError: 1.87543e+00	AbsError: 1.06913e-01
Iteration: 3
  Device: "BenchmarkDiode"	RelError: 2.20240e+02	AbsError: 1.48021e+17
    Region: "SiRegion"	RelError: 2.20240e+02	AbsError: 1.48021e+17
      Equation: "ElectronContinuityEquation"	RelError: 9.99854e-01	AbsError: 3.11927e+16
      Equation: "HoleContinuityEquation"	RelError: 9.99417e-01	AbsError: 1.16828e+17
      Equation: "PotentialEquation"	RelError: 2.18241e+02	AbsError: 1.27555e-01
Iteration: 4
  Device: "BenchmarkDiode"	RelError: 2.02478e+03	AbsError: 1.06998e+17
    Region: "SiRegion"	RelError: 2.02478e+03	AbsError: 1.06998e+17
      Equation: "ElectronContinuityEquation"	RelError: 9.99000e+02	AbsError: 1.47321e+16
      Equation: "HoleContinuityEquation"	RelError: 9.99000e+02	AbsError: 9.22660e+16
      Equation: "PotentialEquation"	RelError: 2.67758e+01	AbsError: 1.03411e-01
Iteration: 5
  Device: "BenchmarkDiode"	RelError: 4.33007e+02	AbsError: 7.09564e+16
    Region: "SiRegion"	RelError: 4.33007e+02	AbsError: 7.09564e+16
      Equation: "ElectronContinuityEquation"	RelError: 9.99589e-01	AbsError: 5.34619e+16
      Equation: "HoleContinuityEquation"	RelError: 9.99066e-01	AbsError: 1.74945e+16
      Equation: "PotentialEquation"	RelError: 4.31008e+02	AbsError: 1.07037e-01
Iteration: 6
  Device: "BenchmarkDiode"	RelError: 2.69718e+03	AbsError: 7.00128e+16
    Region: "SiRegion"	RelError: 2.69718e+03	AbsError: 7.00128e+16
      Equation: "ElectronContinuityEquation"	RelError: 9.99000e+02	AbsError: 5.34561e+16
      Equation: "HoleContinuityEquation"	RelError: 9.99000e+02	AbsError: 1.65567e+16
      Equation: "PotentialEquation"	RelError: 6.99179e+02	AbsError: 9.93132e-02
Iteration: 7
  Device: "BenchmarkDiode"	RelError: 1.33718e+02	AbsError: 3.69611e+16
    Region: "SiRegion"	RelError: 1.33718e+02	AbsError: 3.69611e+16
      Equation: "ElectronContinuityEquation"	RelError: 9.99173e-01	AbsError: 1.90319e+16
      Equation: "HoleContinuityEquation"	RelError: 9.99553e-01	AbsError: 1.79292e+16
      Equation: "PotentialEquation"	RelError: 1.31719e+02	AbsError: 9.81436e-02
Iteration: 8
  Device: "BenchmarkDiode"	RelError: 1.57779e+04	AbsError: 1.48584e+16
    Region: "SiRegion"	RelError: 1.57779e+04	AbsError: 1.48584e+16
      Equation: "ElectronContinuityEquation"	RelError: 9.99000e+02	AbsError: 8.47673e+15
      Equation: "HoleContinuityEquation"	RelError: 1.39474e+04	AbsError: 6.38170e+15
      Equation: "PotentialEquation"	RelError: 8.31445e+02	AbsError: 9.53847e-02
Iteration: 9
  Device: "BenchmarkDiode"	RelError: 2.88422e+02	AbsError: 1.92419e+16
    Region: "SiRegion"	RelError: 2.88422e+02	AbsError: 1.92419e+16
      Equation: "ElectronContinuityEquation"	RelError: 9.99274e-01	AbsError: 1.19347e+16
      Equation: "HoleContinuityEquation"	RelError: 5.18149e+01	AbsError: 7.30727e+15
      Equation: "PotentialEquation"	RelError: 2.35608e+02	AbsError: 9.22413e-02
Iteration: 10
  Device: "BenchmarkDiode"	RelError: 2.97196e+03	AbsError: 1.79973e+16
    Region: "SiRegion"	RelError: 2.97196e+03	AbsError: 1.79973e+16
      Equation: "ElectronContinuityEquation"	RelError: 9.99000e+02	AbsError: 9.88144e+15
      Equation: "HoleContinuityEquation"	RelError: 1.17668e+03	AbsError: 8.11588e+15
      Equation: "PotentialEquation"	RelError: 7.96277e+02	AbsError: 9.03900e-02
Iteration: 11
  Device: "BenchmarkDiode"	RelError: 9.98581e+02	AbsError: 8.40342e+15
    Region: "SiRegion"	RelError: 9.98581e+02	AbsError: 8.40342e+15
      Equation: "ElectronContinuityEquation"	RelError: 9.99036e-01	AbsError: 4.89854e+15
      Equation: "HoleContinuityEquation"	RelError: 2.49653e+02	AbsError: 3.50488e+15
      Equation: "PotentialEquation"	RelError: 7.47929e+02	AbsError: 8.77319e-02
Iteration: 12
  Device: "BenchmarkDiode"	RelError: 1.06150e+04	AbsError: 5.74765e+15
    Region: "SiRegion"	RelError: 1.06150e+04	AbsError: 5.74765e+15
      Equation: "ElectronContinuityEquation"	RelError: 9.99000e+02	AbsError: 2.78659e+15
      Equation: "HoleContinuityEquation"	RelError: 9.99000e+02	AbsError: 2.96107e+15
      Equation: "PotentialEquation"	RelError: 8.61700e+03	AbsError: 8.39949e-02
Iteration: 13
  Device: "BenchmarkDiode"	RelError: 4.78024e+02	AbsError: 4.50251e+15
    Region: "SiRegion"	RelError: 4.78024e+02	AbsError: 4.50251e+15
      Equation: "ElectronContinuityEquation"	RelError: 9.98932e-01	AbsError: 1.32011e+15
      Equation: "HoleContinuityEquation"	RelError: 4.60932e+00	AbsError: 3.18239e+15
      Equation: "PotentialEquation"	RelError: 4.72415e+02	AbsError: 8.13071e-02
Iteration: 14
  Device: "BenchmarkDiode"	RelError: 2.12864e+03	AbsError: 3.08263e+15
    Region: "SiRegion"	RelError: 2.12864e+03	AbsError: 3.08263e+15
      Equation: "ElectronContinuityEquation"	RelError: 1.50024e+03	AbsError: 1.01252e+15
      Equation: "HoleContinuityEquation"	RelError: 1.03190e+00	AbsError: 2.07011e+15
      Equation: "PotentialEquation"	RelError: 6.27360e+02	AbsError: 7.68948e-02
Iteration: 15
  Device: "BenchmarkDiode"	RelError: 2.49010e+02	AbsError: 1.91433e+15
    Region: "SiRegion"	RelError: 2.49010e+02	AbsError: 1.91433e+15
      Equation: "ElectronContinuityEquation"	RelError: 9.99273e-01	AbsError: 5.87668e+14
      Equation: "HoleContinuityEquation"	RelError: 9.75627e-01	AbsError: 1.32667e+15
      Equation: "PotentialEquation"	RelError: 2.47035e+02	AbsError: 7.30818e-02
Iteration: 16
  Device: "BenchmarkDiode"	RelError: 6.60412e+01	AbsError: 7.46550e+14
    Region: "SiRegion"	RelError: 6.60412e+01	AbsError: 7.46550e+14
      Equation: "ElectronContinuityEquation"	RelError: 5.31923e+00	AbsError: 2.72552e+14
      Equation: "HoleContinuityEquation"	RelError: 3.26037e-01	AbsError: 4.73997e+14
      Equation: "PotentialEquation"	RelError: 6.03959e+01	AbsError: 6.81164e-02
Iteration: 17
  Device: "BenchmarkDiode"	RelError: 1.57051e+01	AbsError: 2.34332e+14
    Region: "SiRegion"	RelError: 1.57051e+01	AbsError: 2.34332e+14
      Equation: "ElectronContinuityEquation"	RelError: 7.89344e-01	AbsError: 8.81118e+13
      Equation: "HoleContinuityEquation"	RelError: 1.68113e-01	AbsError: 1.46221e+14
      Equation: "PotentialEquation"	RelError: 1.47477e+01	AbsError: 6.27074e-02
Iteration: 18
  Device: "BenchmarkDiode"	RelError: 9.73485e-01	AbsError: 1.00622e+14
    Region: "SiRegion"	RelError: 9.73485e-01	AbsError: 1.00622e+14
      Equation: "ElectronContinuityEquation"	RelError: 8.04311e-01	AbsError: 2.50337e+13
      Equation: "HoleContinuityEquation"	RelError: 9.42927e-02	AbsError: 7.55881e+13
      Equation: "PotentialEquation"	RelError: 7.48815e-02	AbsError: 5.64582e-02
Iteration: 19
  Device: "BenchmarkDiode"	RelError: 1.00432e+01	AbsError: 4.08190e+13
    Region: "SiRegion"	RelError: 1.00432e+01	AbsError: 4.08190e+13
      Equation: "ElectronContinuityEquation"	RelError: 2.66780e-01	AbsError: 1.05875e+13
      Equation: "HoleContinuityEquation"	RelError: 3.61996e-02	AbsError: 3.02315e+13
      Equation: "PotentialEquation"	RelError: 9.74017e+00	AbsError: 4.91072e-02
Iteration: 20
  Device: "BenchmarkDiode"	RelError: 8.91526e-01	AbsError: 1.23402e+13
    Region: "SiRegion"	RelError: 8.91526e-01	AbsError: 1.23402e+13
      Equation: "ElectronContinuityEquation"	RelError: 1.04414e-01	AbsError: 3.55101e+12
      Equation: "HoleContinuityEquation"	RelError: 1.05879e-02	AbsError: 8.78915e+12
      Equation: "PotentialEquation"	RelError: 7.76524e-01	AbsError: 4.04377e-02
Iteration: 21
  Device: "BenchmarkDiode"	RelError: 2.09677e-01	AbsError: 2.84567e+12
    Region: "SiRegion"	RelError: 2.09677e-01	AbsError: 2.84567e+12
      Equation: "ElectronContinuityEquation"	RelError: 2.67797e-02	AbsError: 8.91457e+11
      Equation: "HoleContinuityEquation"	RelError: 2.32613e-03	AbsError: 1.95422e+12
      Equation: "PotentialEquation"	RelError: 1.80571e-01	AbsError: 3.01539e-02
Iteration: 22
  Device: "BenchmarkDiode"	RelError: 2.65635e-02	AbsError: 7.91673e+11
    Region: "SiRegion"	RelError: 2.65635e-02	AbsError: 7.91673e+11
      Equation: "ElectronContinuityEquation"	RelError: 4.85909e-03	AbsError: 1.54049e+11
      Equation: "HoleContinuityEquation"	RelError: 7.59549e-04	AbsError: 6.37624e+11
      Equation: "PotentialEquation"	RelError: 2.09449e-02	AbsError: 2.58240e-02
Iteration: 23
  Device: "BenchmarkDiode"	RelError: 7.42861e-03	AbsError: 1.76937e+11
    Region: "SiRegion"	RelError: 7.42861e-03	AbsError: 1.76937e+11
      Equation: "ElectronContinuityEquation"	RelError: 5.65544e-04	AbsError: 1.57245e+10
      Equation: "HoleContinuityEquation"	RelError: 1.28023e-04	AbsError: 1.61212e+11
      Equation: "PotentialEquation"	RelError: 6.73505e-03	AbsError: 8.46122e-03
Iteration: 24
  Device: "BenchmarkDiode"	RelError: 1.94805e-03	AbsError: 2.20362e+11
    Region: "SiRegion"	RelError: 1.94805e-03	AbsError: 2.20362e+11
      Equation: "ElectronContinuityEquation"	RelError: 9.20562e-05	AbsError: 2.55931e+09
      Equation: "HoleContinuityEquation"	RelError: 1.72933e-04	AbsError: 2.17803e+11
      Equation: "PotentialEquation"	RelError: 1.68306e-03	AbsError: 5.58719e-07
Iteration: 25
  Device: "BenchmarkDiode"	RelError: 2.68799e-09	AbsError: 2.19968e+05
    Region: "SiRegion"	RelError: 2.68799e-09	AbsError: 2.19968e+05
      Equation: "ElectronContinuityEquation"	RelError: 1.23393e-10	AbsError: 3.05650e+03
      Equation: "HoleContinuityEquation"	RelError: 2.20967e-10	AbsError: 2.16912e+05
      Equation: "PotentialEquation"	RelError: 2.34363e-09	AbsError: 7.67341e-13
Iteration: 26
  Device: "BenchmarkDiode"	RelError: 5.80242e-13	AbsError: 9.25899e+01
    Region: "SiRegion"	RelError: 5.80242e-13	AbsError: 9.25899e+01
      Equation: "ElectronContinuityEquation"	RelError: 1.38924e-15	AbsError: 5.68401e+01
      Equation: "HoleContinuityEquation"	RelError: 1.17759e-15	AbsError: 3.57498e+01
      Equation: "PotentialEquation"	RelError: 5.77675e-13	AbsError: 1.45406e-16
Charge Relative Error 9.98678e-01
number of equations 9003
Iteration: 0
  Device: "BenchmarkDiode"	RelError: 9.12902e+03	AbsError: 8.15665e+15
    Region: "SiRegion"	RelError: 9.12902e+03	AbsError: 8.15665e+15
      Equation: "ElectronContinuityEquation"	RelError: 1.74679e+03	AbsError: 1.05820e+15
      Equation: "HoleContinuityEquation"	RelError: 6.64896e+03	AbsError: 7.09845e+15
      Equation: "PotentialEquation"	RelError: 7.33270e+02	AbsError: 6.18710e-02
Iteration: 1
  Device: "BenchmarkDiode"	RelError: 1.21622e+03	AbsError: 1.43424e+15
    Region: "SiRegion"	RelError: 1.21622e+03	AbsError: 1.43424e+15
      Equation: "ElectronContinuityEquation"	RelError: 8.81947e+00	AbsError: 1.57737e+14
      Equation: "HoleContinuityEquation"	RelError: 2.25173e+00	AbsError: 1.27650e+15
      Equation: "PotentialEquation"	RelError: 1.20515e+03	AbsError: 5.90771e-02
Iteration: 2
  Device: "BenchmarkDiode"	RelError: 6.10075e+01	AbsError: 4.07980e+14
    Region: "SiRegion"	RelError: 6.10075e+01	AbsError: 4.07980e+14
      Equation: "ElectronContinuityEquation"	RelError: 5.81342e+00	AbsError: 5.48420e+13
      Equation: "HoleContinuityEquation"	RelError: 1.36673e+00	AbsError: 3.53138e+14
      Equation: "PotentialEquation"	RelError: 5.38274e+01	AbsError: 5.31928e-02
Iteration: 3
  Device: "BenchmarkDiode"	RelError: 6.95054e+00	AbsError: 7.73797e+13
    Region: "SiRegion"	RelError: 6.95054e+00	AbsError: 7.73797e+13
      Equation: "ElectronContinuityEquation"	RelError: 6.41643e+00	AbsError: 2.49627e+12
      Equation: "HoleContinuityEquation"	RelError: 3.79748e-01	AbsError: 7.48835e+13
      Equation: "PotentialEquation"	RelError: 1.54365e-01	AbsError: 4.54523e-02
Iteration: 4
  Device: "BenchmarkDiode"	RelError: 4.39714e+00	AbsError: 1.26953e+13
    Region: "SiRegion"	RelError: 4.39714e+00	AbsError: 1.26953e+13
      Equation: "ElectronContinuityEquation"	RelError: 3.52246e+00	AbsError: 3.85618e+12
      Equation: "HoleContinuityEquation"	RelError: 1.52891e-01	AbsError: 8.83908e+12
      Equation: "PotentialEquation"	RelError: 7.21790e-01	AbsError: 3.61907e-02
Iteration: 5
  Device: "BenchmarkDiode"	RelError: 9.50264e-01	AbsError: 1.92019e+12
    Region: "SiRegion"	RelError: 9.50264e-01	AbsError: 1.92019e+12
      Equation: "ElectronContinuityEquation"	RelError: 8.42363e-01	AbsError: 2.05164e+11
      Equation: "HoleContinuityEquation"	RelError: 5.18762e-02	AbsError: 1.71503e+12
      Equation: "PotentialEquation"	RelError: 5.60248e-02	AbsError: 2.58862e-02
Iteration: 6
  Device: "BenchmarkDiode"	RelError: 1.15248e-01	AbsError: 2.86376e+11
    Region: "SiRegion"	RelError: 1.15248e-01	AbsError: 2.86376e+11
      Equation: "ElectronContinuityEquation"	RelError: 8.33329e-02	AbsError: 5.52422e+10
      Equation: "HoleContinuityEquation"	RelError: 6.27437e-03	AbsError: 2.31134e+11
      Equation: "PotentialEquation"	RelError: 2.56411e-02	AbsError: 1.74914e-02
Iteration: 7
  Device: "BenchmarkDiode"	RelError: 2.22273e-03	AbsError: 2.30365e+10
    Region: "SiRegion"	RelError: 2.22273e-03	AbsError: 2.30365e+10
      Equation: "ElectronContinuityEquation"	RelError: 1.07687e-03	AbsError: 4.25669e+09
      Equation: "HoleContinuityEquation"	RelError: 5.12856e-04	AbsError: 1.87799e+10
      Equation: "PotentialEquation"	RelError: 6.33009e-04	AbsError: 5.37821e-07
Iteration: 8
  Device: "BenchmarkDiode"	RelError: 7.81180e-10	AbsError: 9.07093e+03
    Region: "SiRegion"	RelError: 7.81180e-10	AbsError: 9.07093e+03
      Equation: "ElectronContinuityEquation"	RelError: 3.97626e-10	AbsError: 1.51995e+03
      Equation: "HoleContinuityEquation"	RelError: 2.09135e-10	AbsError: 7.55098e+03
      Equation: "PotentialEquation"	RelError: 1.74419e-10	AbsError: 1.99903e-13
Iteration: 9
  Device: "BenchmarkDiode"	RelError: 1.95650e-13	AbsError: 5.94903e+01
    Region: "SiRegion"	RelError: 1.95650e-13	AbsError: 5.94903e+01
      Equation: "ElectronContinuityEquation"	RelError: 1.97225e-15	AbsError: 2.64911e+01
      Equation: "HoleContinuityEquation"	RelError: 1.27042e-15	AbsError: 3.29992e+01
      Equation: "PotentialEquation"	RelError: 1.92407e-13	AbsError: 1.49478e-16
Charge Relative Error 1.00000e+00
number of equations 9003
Iteration: 0
  Device: "BenchmarkDiode"	RelError: 2.10508e+05	AbsError: 3.55426e+14
    Region: "SiRegion"	RelError: 2.10508e+05	AbsError: 3.55426e+14
      Equation: "ElectronContinuityEquation"	RelError: 4.50869e+04	AbsError: 5.73895e+13
      Equation: "HoleContinuityEquation"	RelError: 1.65359e+05	AbsError: 2.98036e+14
      Equation: "PotentialEquation"	RelError: 6.21249e+01	AbsError: 1.41934e-02
Iteration: 1
  Device: "BenchmarkDiode"	RelError: 5.42016e+00	AbsError: 4.45995e+12
    Region: "SiRegion"	RelError: 5.42016e+00	AbsError: 4.45995e+12
      Equation: "ElectronContinuityEquation"	RelError: 4.10686e+00	AbsError: 1.01149e+12
      Equation: "HoleContinuityEquation"	RelError: 1.01856e+00	AbsError: 3.44846e+12
      Equation: "PotentialEquation"	RelError: 2.94742e-01	AbsError: 1.14214e-04
Iteration: 2
  Device: "BenchmarkDiode"	RelError: 2.56235e-03	AbsError: 9.21295e+08
    Region: "SiRegion"	RelError: 2.56235e-03	AbsError: 9.21295e+08
      Equation: "ElectronContinuityEquation"	RelError: 2.24258e-03	AbsError: 9.57586e+07
      Equation: "HoleContinuityEquation"	RelError: 2.76239e-04	AbsError: 8.25537e+08
      Equation: "PotentialEquation"	RelError: 4.35239e-05	AbsError: 1.68005e-08
Iteration: 3
  Device: "BenchmarkDiode"	RelError: 2.53425e-10	AbsError: 1.12096e+02
    Region: "SiRegion"	RelError: 2.53425e-10	AbsError: 1.12096e+02
      Equation: "ElectronContinuityEquation"	RelError: 2.35497e-10	AbsError: 6.74503e+01
      Equation: "HoleContinuityEquation"	RelError: 1.62374e-11	AbsError: 4.46456e+01
      Equation: "PotentialEquation"	RelError: 1.69050e-12	AbsError: 7.46886e-16
Iteration: 4
  Device: "BenchmarkDiode"	RelError: 1.63595e-13	AbsError: 6.83291e+01
    Region: "SiRegion"	RelError: 1.63595e-13	AbsError: 6.83291e+01
      Equation: "ElectronContinuityEquation"	RelError: 1.87320e-15	AbsError: 3.38380e+01
      Equation: "HoleContinuityEquation"	RelError: 1.58000e-15	AbsError: 3.44911e+01
      Equation: "PotentialEquation"	RelError: 1.60142e-13	AbsError: 1.35398e-16
Charge Relative Error 1.00000e+00
number of equations 9003
Iteration: 0
  Device: "BenchmarkDiode"	RelError: 2.80825e+02	AbsError: 7.65503e+12
    Region: "SiRegion"	RelError: 2.80825e+02	AbsError: 7.65503e+12
      Equation: "ElectronContinuityEquation"	RelError: 1.82083e+02	AbsError: 1.47503e+12
      Equation: "HoleContinuityEquation"	RelError: 9.82703e+01	AbsError: 6.18001e+12
      Equation: "PotentialEquation"	RelError: 4.71766e-01	AbsError: 2.67658e-04
Iteration: 1
  Device: "BenchmarkDiode"	RelError: 1.00491e-01	AbsError: 1.92795e+09
    Region: "SiRegion"	RelError: 1.00491e-01	AbsError: 1.92795e+09
      Equation: "ElectronContinuityEquation"	RelError: 6.92522e-02	AbsError: 3.71909e+08
      Equation: "HoleContinuityEquation"	RelError: 3.11856e-02	AbsError: 1.55604e+09
      Equation: "PotentialEquation"	RelError: 5.36807e-05	AbsError: 4.73683e-08
Iteration: 2
  Device: "BenchmarkDiode"	RelError: 1.72725e-08	AbsError: 2.27709e+02
    Region: "SiRegion"	RelError: 1.72725e-08	AbsError: 2.27709e+02
      Equation: "ElectronContinuityEquation"	RelError: 1.64214e-08	AbsError: 5.46215e+01
      Equation: "HoleContinuityEquation"	RelError: 8.45291e-10	AbsError: 1.73088e+02
      Equation: "PotentialEquation"	RelError: 5.80068e-12	AbsError: 3.19699e-15
Iteration: 3
  Device: "BenchmarkDiode"	RelError: 6.51972e-15	AbsError: 5.11364e+01
    Region: "SiRegion"	RelError: 6.51972e-15	AbsError: 5.11364e+01
      Equation: "ElectronContinuityEquation"	RelError: 1.53338e-15	AbsError: 2.16735e+01
      Equation: "HoleContinuityEquation"	RelError: 1.92673e-15	AbsError: 2.94629e+01
      Equation: "PotentialEquation"	RelError: 3.05961e-15	AbsError: 1.19029e-16
Charge Relative Error 1.00000e+00
number of equations 9003
Iteration: 0
  Device: "BenchmarkDiode"	RelError: 2.09258e+02	AbsError: 1.20118e+11
    Region: "SiRegion"	RelError: 2.09258e+02	AbsError: 1.20118e+11
      Equation: "ElectronContinuityEquation"	RelError: 1.28352e+02	AbsError: 2.41118e+10
      Equation: "HoleContinuityEquation"	RelError: 8.08987e+01	AbsError: 9.60058e+10
      Equation: "PotentialEquation"	RelError: 6.95060e-03	AbsError: 3.80424e-06
Iteration: 1
  Device: "BenchmarkDiode"	RelError: 6.98652e-03	AbsError: 4.80286e+05
    Region: "SiRegion"	RelError: 6.98652e-03	AbsError: 4.80286e+05
      Equation: "ElectronContinuityEquation"	RelError: 6.69477e-03	AbsError: 1.14117e+05
      Equation: "HoleContinuityEquation"	RelError: 2.91723e-04	AbsError: 3.66169e+05
      Equation: "PotentialEquation"	RelError: 1.81151e-08	AbsError: 9.89012e-12
Iteration: 2
  Device: "BenchmarkDiode"	RelError: 1.40449e-13	AbsError: 6.23091e+01
    Region: "SiRegion"	RelError: 1.40449e-13	AbsError: 6.23091e+01
      Equation: "ElectronContinuityEquation"	RelError: 7.58698e-14	AbsError: 3.17568e+01
      Equation: "HoleContinuityEquation"	RelError: 3.38602e-15	AbsError: 3.05522e+01
      Equation: "PotentialEquation"	RelError: 6.11936e-14	AbsError: 1.66960e-16
Charge Relative Error 9.99999e-01
number of equations 9003
Iteration: 0
  Device: "BenchmarkDiode"	RelError: 1.33153e+02	AbsError: 1.68708e+09
    Region: "SiRegion"	RelError: 1.33153e+02	AbsError: 1.68708e+09
      Equation: "ElectronContinuityEquation"	RelError: 8.15171e+01	AbsError: 3.66395e+08
      Equation: "HoleContinuityEquation"	RelError: 5.16353e+01	AbsError: 1.32068e+09
      Equation: "PotentialEquation"	RelError: 9.90905e-05	AbsError: 5.05417e-08
Iteration: 1
  Device: "BenchmarkDiode"	RelError: 2.88776e-05	AbsError: 1.19459e+02
    Region: "SiRegion"	RelError: 2.88776e-05	AbsError: 1.19459e+02
      Equation: "ElectronContinuityEquation"	RelError: 2.62819e-05	AbsError: 4.97121e+01
      Equation: "HoleContinuityEquation"	RelError: 2.59576e-06	AbsError: 6.97466e+01
      Equation: "PotentialEquation"	RelError: 3.94643e-12	AbsError: 1.81564e-15
Iteration: 2
  Device: "BenchmarkDiode"	RelError: 6.19996e-14	AbsError: 5.36097e+01
    Region: "SiRegion"	RelError: 6.19996e-14	AbsError: 5.36097e+01
      Equation: "ElectronContinuityEquation"	RelError: 2.95098e-15	AbsError: 2.54748e+01
      Equation: "HoleContinuityEquation"	RelError: 2.77005e-15	AbsError: 2.81349e+01
      Equation: "PotentialEquation"	RelError: 5.62786e-14	AbsError: 1.35685e-16
Charge Relative Error 9.99947e-01
number of equations 9003
Iteration: 0
  Device: "BenchmarkDiode"	RelError: 6.98859e+01	AbsError: 2.48522e+07
    Region: "SiRegion"	RelError: 6.98859e+01	AbsError: 2.48522e+07
      Equation: "ElectronContinuityEquation"	RelError: 2.89073e+01	AbsError: 6.21742e+06
      Equation: "HoleContinuityEquation"	RelError: 4.09786e+01	AbsError: 1.86347e+07
      Equation: "PotentialEquation"	RelError: 1.60432e-06	AbsError: 7.40853e-10
Iteration: 1
  Device: "BenchmarkDiode"	RelError: 1.08107e-07	AbsError: 9.51039e+01
    Region: "SiRegion"	RelError: 1.08107e-07	AbsError: 9.51039e+01
      Equation: "ElectronContinuityEquation"	RelError: 6.72837e-08	AbsError: 5.07850e+01
      Equation: "HoleContinuityEquation"	RelError: 4.08231e-08	AbsError: 4.43188e+01
      Equation: "PotentialEquation"	RelError: 2.38216e-14	AbsError: 1.58593e-16
Iteration: 2
  Device: "BenchmarkDiode"	RelError: 2.38263e-14	AbsError: 5.16819e+01
    Region: "SiRegion"	RelError: 2.38263e-14	AbsError: 5.16819e+01
      Equation: "ElectronContinuityEquation"	RelError: 3.01878e-15	AbsError: 2.25522e+01
      Equation: "HoleContinuityEquation"	RelError: 2.38692e-15	AbsError: 2.91296e+01
      Equation: "PotentialEquation"	RelError: 1.84206e-14	AbsError: 1.18741e-16
Charge Relative Error 9.94546e-01
number of equations 9003
Iteration: 0
  Device: "BenchmarkDiode"	RelError: 2.55944e+01	AbsError: 4.28008e+05
    Region: "SiRegion"	RelError: 2.55944e+01	AbsError: 4.28008e+05
      Equation: "ElectronContinuityEquation"	RelError: 5.22589e-01	AbsError: 1.23343e+05
      Equation: "HoleContinuityEquation"	RelError: 2.50718e+01	AbsError: 3.04665e+05
      Equation: "PotentialEquation"	RelError: 3.09474e-08	AbsError: 1.32048e-11
Iteration: 1
  Device: "BenchmarkDiode"	RelError: 4.28223e-10	AbsError: 8.28444e+01
    Region: "SiRegion"	RelError: 4.28223e-10	AbsError: 8.28444e+01
      Equation: "ElectronContinuityEquation"	RelError: 2.06102e-11	AbsError: 4.62219e+01
      Equation: "HoleContinuityEquation"	RelError: 4.07611e-10	AbsError: 3.66225e+01
      Equation: "PotentialEquation"	RelError: 2.01886e-15	AbsError: 1.34118e-16
Iteration: 2
  Device: "BenchmarkDiode"	RelError: 2.73857e-14	AbsError: 3.70150e+01
    Region: "SiRegion"	RelError: 2.73857e-14	AbsError: 3.70150e+01
      Equation: "ElectronContinuityEquation"	RelError: 1.99989e-15	AbsError: 2.17729e+01
      Equation: "HoleContinuityEquation"	RelError: 2.14317e-15	AbsError: 1.52421e+01
      Equation: "PotentialEquation"	RelError: 2.32426e-14	AbsError: 1.16786e-16
Charge Relative Error 6.44013e-01
number of equations 9003
Iteration: 0
  Device: "BenchmarkDiode"	RelError: 1.43691e+00	AbsError: 8.63531e+03
    Region: "SiRegion"	RelError: 1.43691e+00	AbsError: 8.63531e+03
      Equation: "ElectronContinuityEquation"	RelError: 6.24554e-03	AbsError: 2.71202e+03
      Equation: "HoleContinuityEquation"	RelError: 1.43067e+00	AbsError: 5.92329e+03
      Equation: "PotentialEquation"	RelError: 6.72136e-10	AbsError: 2.75981e-13
Iteration: 1
  Device: "BenchmarkDiode"	RelError: 3.49126e-12	AbsError: 6.24120e+01
    Region: "SiRegion"	RelError: 3.49126e-12	AbsError: 6.24120e+01
      Equation: "ElectronContinuityEquation"	RelError: 1.04765e-14	AbsError: 2.78824e+01
      Equation: "HoleContinuityEquation"	RelError: 3.28124e-12	AbsError: 3.45296e+01
      Equation: "PotentialEquation"	RelError: 1.99546e-13	AbsError: 1.33144e-16
Charge Relative Error 2.74683e-02
number of equations 9003
Iteration: 0
  Device: "BenchmarkDiode"	RelError: 3.48312e-02	AbsError: 2.00853e+02
    Region: "SiRegion"	RelError: 3.48312e-02	AbsError: 2.00853e+02
      Equation: "ElectronContinuityEquation"	RelError: 7.41894e-05	AbsError: 6.86954e+01
      Equation: "HoleContinuityEquation"	RelError: 3.47571e-02	AbsError: 1.32157e+02
      Equation: "PotentialEquation"	RelError: 1.53536e-11	AbsError: 6.27475e-15
Iteration: 1
  Device: "BenchmarkDiode"	RelError: 2.44974e-13	AbsError: 6.30971e+01
    Region: "SiRegion"	RelError: 2.44974e-13	AbsError: 6.30971e+01
      Equation: "ElectronContinuityEquation"	RelError: 3.21264e-15	AbsError: 3.55797e+01
      Equation: "HoleContinuityEquation"	RelError: 9.32099e-14	AbsError: 2.75175e+01
      Equation: "PotentialEquation"	RelError: 1.48551e-13	AbsError: 1.55149e-16
Charge Relative Error 6.62522e-04
number of equations 9003
Iteration: 0
  Device: "BenchmarkDiode"	RelError: 8.17601e-04	AbsError: 3.97239e+01
    Region: "SiRegion"	RelError: 8.17601e-04	AbsError: 3.97239e+01
      Equation: "ElectronContinuityEquation"	RelError: 8.81231e-07	AbsError: 2.39573e+01
      Equation: "HoleContinuityEquation"	RelError: 8.16720e-04	AbsError: 1.57666e+01
      Equation: "PotentialEquation"	RelError: 3.21275e-13	AbsError: 2.03132e-16
Iteration: 1
  Device: "BenchmarkDiode"	RelError: 3.77144e-14	AbsError: 2.40344e+01
    Region: "SiRegion"	RelError: 3.77144e-14	AbsError: 2.40344e+01
      Equation: "ElectronContinuityEquation"	RelError: 3.06969e-15	AbsError: 1.09275e+01
      Equation: "HoleContinuityEquation"	RelError: 3.28342e-15	AbsError: 1.31069e+01
      Equation: "PotentialEquation"	RelError: 3.13613e-14	AbsError: 1.24776e-16
Charge Relative Error 1.55453e-05
number of equations 9003
Iteration: 0
  Device: "BenchmarkDiode"	RelError: 1.91865e-05	AbsError: 3.32660e+01
    Region: "SiRegion"	RelError: 1.91865e-05	AbsError: 3.32660e+01
      Equation: "ElectronContinuityEquation"	RelError: 1.04674e-08	AbsError: 1.64444e+01
      Equation: "HoleContinuityEquation"	RelError: 1.91761e-05	AbsError: 1.68216e+01
      Equation: "PotentialEquation"	RelError: 2.85602e-14	AbsError: 1.13437e-16
Iteration: 1
  Device: "BenchmarkDiode"	RelError: 1.61049e-14	AbsError: 2.84251e+01
    Region: "SiRegion"	RelError: 1.61049e-14	AbsError: 2.84251e+01
      Equation: "ElectronContinuityEquation"	RelError: 2.13020e-15	AbsError: 1.51294e+01
      Equation: "HoleContinuityEquation"	RelError: 3.87408e-15	AbsError: 1.32957e+01
      Equation: "PotentialEquation"	RelError: 1.01006e-14	AbsError: 1.15416e-16
Charge Relative Error 3.64981e-07
number of equations 9003
Iteration: 0
  Device: "BenchmarkDiode"	RelError: 4.50358e-07	AbsError: 2.26205e+01
    Region: "SiRegion"	RelError: 4.50358e-07	AbsError: 2.26205e+01
      Equation: "ElectronContinuityEquation"	RelError: 1.24333e-10	AbsError: 9.94532e+00
      Equation: "HoleContinuityEquation"	RelError: 4.50234e-07	AbsError: 1.26751e+01
      Equation: "PotentialEquation"	RelError: 1.17700e-14	AbsError: 1.14692e-16
Iteration: 1
  Device: "BenchmarkDiode"	RelError: 1.60082e-14	AbsError: 2.22953e+01
    Region: "SiRegion"	RelError: 1.60082e-14	AbsError: 2.22953e+01
      Equation: "ElectronContinuityEquation"	RelError: 1.31258e-15	AbsError: 7.99912e+00
      Equation: "HoleContinuityEquation"	RelError: 2.06597e-15	AbsError: 1.42962e+01
      Equation: "PotentialEquation"	RelError: 1.26296e-14	AbsError: 1.12417e-16
Charge Relative Error 8.57029e-09
number of equations 9003
Iteration: 0
  Device: "BenchmarkDiode"	RelError: 1.05725e-08	AbsError: 2.35324e+01
    Region: "SiRegion"	RelError: 1.05725e-08	AbsError: 2.35324e+01
      Equation: "ElectronContinuityEquation"	RelError: 1.47587e-12	AbsError: 7.99911e+00
      Equation: "HoleContinuityEquation"	RelError: 1.05710e-08	AbsError: 1.55333e+01
      Equation: "PotentialEquation"	RelError: 2.16715e-15	AbsError: 1.12230e-16
Iteration: 1
  Device: "BenchmarkDiode"	RelError: 5.88658e-15	AbsError: 2.20440e+01
    Region: "SiRegion"	RelError: 5.88658e-15	AbsError: 2.20440e+01
      Equation: "ElectronContinuityEquation"	RelError: 1.71658e-15	AbsError: 7.99911e+00
      Equation: "HoleContinuityEquation"	RelError: 1.94643e-15	AbsError: 1.40449e+01
      Equation: "PotentialEquation"	RelError: 2.22357e-15	AbsError: 1.12478e-16
Charge Relative Error 7.69764e-09
number of equations 9003
Iteration: 0
  Device: "BenchmarkDiode"	RelError: 2.48217e-10	AbsError: 2.36275e+01
    Region: "SiRegion"	RelError: 2.48217e-10	AbsError: 2.36275e+01
      Equation: "ElectronContinuityEquation"	RelError: 1.58270e-14	AbsError: 7.99911e+00
      Equation: "HoleContinuityEquation"	RelError: 2.48194e-10	AbsError: 1.56284e+01
      Equation: "PotentialEquation"	RelError: 7.06342e-15	AbsError: 1.11950e-16
Iteration: 1
  Device: "BenchmarkDiode"	RelError: 1.51846e-14	AbsError: 2.23860e+01
    Region: "SiRegion"	RelError: 1.51846e-14	AbsError: 2.23860e+01
      Equation: "ElectronContinuityEquation"	RelError: 1.82746e-15	AbsError: 7.99911e+00
      Equation: "HoleContinuityEquation"	RelError: 2.07429e-15	AbsError: 1.43869e+01
      Equation: "PotentialEquation"	RelError: 1.12828e-14	AbsError: 1.12406e-16
Charge Relative Error 7.77138e-09
number of equations 9003
Iteration: 0
  Device: "BenchmarkDiode"	RelError: 5.84030e-12	AbsError: 2.34415e+01
    Region: "SiRegion"	RelError: 5.84030e-12	AbsError: 2.34415e+01
      Equation: "ElectronContinuityEquation"	RelError: 2.95480e-15	AbsError: 7.99911e+00
      Equation: "HoleContinuityEquation"	RelError: 5.82765e-12	AbsError: 1.54424e+01
      Equation: "PotentialEquation"	RelError: 9.69740e-15	AbsError: 1.12008e-16
Charge Relative Error 7.65671e-09
number of equations 9003
Iteration: 0
  Device: "BenchmarkDiode"	RelError: 1.49258e-13	AbsError: 2.19998e+01
    Region: "SiRegion"	RelError: 1.49258e-13	AbsError: 2.19998e+01
      Equation: "ElectronContinuityEquation"	RelError: 2.66830e-15	AbsError: 7.99911e+00
      Equation: "HoleContinuityEquation"	RelError: 1.37552e-13	AbsError: 1.40007e+01
      Equation: "PotentialEquation"	RelError: 9.03804e-15	AbsError: 1.12508e-16
Charge Relative Error 7.69764e-09
number of equations 9003
Iteration: 0
  Device: "BenchmarkDiode"	RelError: 2.37191e-14	AbsError: 2.36321e+01
    Region: "SiRegion"	RelError: 2.37191e-14	AbsError: 2.36321e+01
      Equation: "ElectronContinuityEquation"	RelError: 1.05963e-15	AbsError: 7.99911e+00
      Equation: "HoleContinuityEquation"	RelError: 3.18119e-15	AbsError: 1.56330e+01
      Equation: "PotentialEquation"	RelError: 1.94783e-14	AbsError: 1.11974e-16
Charge Relative Error 7.65671e-09
number of equations 9003
Iteration: 0
  Device: "BenchmarkDiode"	RelError: 1.28734e-14	AbsError: 2.23272e+01
    Region: "SiRegion"	RelError: 1.28734e-14	AbsError: 2.23272e+01
      Equation: "ElectronContinuityEquation"	RelError: 1.59545e-15	AbsError: 7.99911e+00
      Equation: "HoleContinuityEquation"	RelError: 1.36148e-15	AbsError: 1.43281e+01
      Equation: "PotentialEquation"	RelError: 9.91644e-15	AbsError: 1.12414e-16
Charge Relative Error 7.77139e-09
number of equations 9003
Iteration: 0
  Device: "BenchmarkDiode"	RelError: 6.20837e-15	AbsError: 2.35035e+01
    Region: "SiRegion"	RelError: 6.20837e-15	AbsError: 2.35035e+01
      Equation: "ElectronContinuityEquation"	RelError: 2.18604e-15	AbsError: 7.99911e+00
      Equation: "HoleContinuityEquation"	RelError: 1.16093e-15	AbsError: 1.55043e+01
      Equation: "PotentialEquation"	RelError: 2.86141e-15	AbsError: 1.12612e-16
Charge Relative Error 7.65671e-09
number of equations 9003
Iteration: 0
  Device: "BenchmarkDiode"	RelError: 1.39130e-14	AbsError: 2.20329e+01
    Region: "SiRegion"	RelError: 1.39130e-14	AbsError: 2.20329e+01
      Equation: "ElectronContinuityEquation"	RelError: 3.51480e-15	AbsError: 7.99911e+00
      Equation: "HoleContinuityEquation"	RelError: 1.47620e-15	AbsError: 1.40338e+01
      Equation: "PotentialEquation"	RelError: 8.92202e-15	AbsError: 1.12475e-16
Charge Relative Error 7.47710e-09
number of equations 9003
Iteration: 0
  Device: "BenchmarkDiode"	RelError: 5.38441e-15	AbsError: 2.36119e+01
    Region: "SiRegion"	RelError: 5.38441e-15	AbsError: 2.36119e+01
      Equation: "ElectronContinuityEquation"	RelError: 2.11055e-15	AbsError: 7.99911e+00
      Equation: "HoleContinuityEquation"	RelError: 1.56839e-15	AbsError: 1.56127e+01
      Equation: "PotentialEquation"	RelError: 1.70547e-15	AbsError: 1.12120e-16
Charge Relative Error 7.77139e-09
number of equations 9003
Iteration: 0
  Device: "BenchmarkDiode"	RelError: 1.60883e-14	AbsError: 2.23289e+01
    Region: "SiRegion"	RelError: 1.60883e-14	AbsError: 2.23289e+01
      Equation: "ElectronContinuityEquation"	RelError: 1.96745e-15	AbsError: 7.99911e+00
      Equation: "HoleContinuityEquation"	RelError: 1.62555e-15	AbsError: 1.43298e+01
      Equation: "PotentialEquation"	RelError: 1.24953e-14	AbsError: 1.12414e-16
Charge Relative Error 7.62152e-09
number of equations 9003
Iteration: 0
  Device: "BenchmarkDiode"	RelError: 1.83544e-14	AbsError: 2.35545e+01
    Region: "SiRegion"	RelError: 1.83544e-14	AbsError: 2.35545e+01
      Equation: "ElectronContinuityEquation"	RelError: 1.75232e-15	AbsError: 7.99911e+00
      Equation: "HoleContinuityEquation"	RelError: 2.63612e-15	AbsError: 1.55554e+01
      Equation: "PotentialEquation"	RelError: 1.39660e-14	AbsError: 1.11975e-16
Charge Relative Error 7.65671e-09
number of equations 9003
Iteration: 0
  Device: "BenchmarkDiode"	RelError: 9.63372e-15	AbsError: 2.20434e+01
    Region: "SiRegion"	RelError: 9.63372e-15	AbsError: 2.20434e+01
      Equation: "ElectronContinuityEquation"	RelError: 1.96803e-15	AbsError: 7.99911e+00
      Equation: "HoleContinuityEquation"	RelError: 3.28934e-15	AbsError: 1.40443e+01
      Equation: "PotentialEquation"	RelError: 4.37635e-15	AbsError: 1.12473e-16
Charge Relative Error 7.54778e-09
number of equations 9003
Iteration: 0
  Device: "BenchmarkDiode"	RelError: 5.27291e-15	AbsError: 2.35722e+01
    Region: "SiRegion"	RelError: 5.27291e-15	AbsError: 2.35722e+01
      Equation: "ElectronContinuityEquation"	RelError: 1.69361e-15	AbsError: 7.99911e+00
      Equation: "HoleContinuityEquation"	RelError: 1.32969e-15	AbsError: 1.55731e+01
      Equation: "PotentialEquation"	RelError: 2.24961e-15	AbsError: 1.12626e-16
Charge Relative Error 7.77139e-09
number of equations 9003
Iteration: 0
  Device: "BenchmarkDiode"	RelError: 1.04529e-14	AbsError: 2.23287e+01
    Region: "SiRegion"	RelError: 1.04529e-14	AbsError: 2.23287e+01
      Equation: "ElectronContinuityEquation"	RelError: 1.44005e-15	AbsError: 7.99911e+00
      Equation: "HoleContinuityEquation"	RelError: 1.92094e-15	AbsError: 1.43296e+01
      Equation: "PotentialEquation"	RelError: 7.09192e-15	AbsError: 1.12414e-16
Charge Relative Error 7.69764e-09
number of equations 9003
Iteration: 0
  Device: "BenchmarkDiode"	RelError: 7.47601e-15	AbsError: 2.35378e+01
    Region: "SiRegion"	RelError: 7.47601e-15	AbsError: 2.35378e+01
      Equation: "ElectronContinuityEquation"	RelError: 1.57620e-15	AbsError: 7.99911e+00
      Equation: "HoleContinuityEquation"	RelError: 2.44171e-15	AbsError: 1.55387e+01
      Equation: "PotentialEquation"	RelError: 3.45811e-15	AbsError: 1.12103e-16
Charge Relative Error 7.65671e-09
number of equations 9003
Iteration: 0
  Device: "BenchmarkDiode"	RelError: 1.20301e-14	AbsError: 2.20424e+01
    Region: "SiRegion"	RelError: 1.20301e-14	AbsError: 2.20424e+01
      Equation: "ElectronContinuityEquation"	RelError: 1.55342e-15	AbsError: 7.99911e+00
      Equation: "HoleContinuityEquation"	RelError: 3.08372e-15	AbsError: 1.40433e+01
      Equation: "PotentialEquation"	RelError: 7.39292e-15	AbsError: 1.12473e-16
Charge Relative Error 7.77139e-09
number of equations 9003
Iteration: 0
  Device: "BenchmarkDiode"	RelError: 1.84552e-14	AbsError: 2.36240e+01
    Region: "SiRegion"	RelError: 1.84552e-14	AbsError: 2.36240e+01
      Equation: "ElectronContinuityEquation"	RelError: 2.06044e-15	AbsError: 7.99911e+00
      Equation: "HoleContinuityEquation"	RelError: 1.90312e-15	AbsError: 1.56249e+01
      Equation: "PotentialEquation"	RelError: 1.44917e-14	AbsError: 1.11960e-16
Charge Relative Error 7.65671e-09
number of equations 9003
Iteration: 0
  Device: "BenchmarkDiode"	RelError: 1.37314e-14	AbsError: 2.23279e+01
    Region: "SiRegion"	RelError: 1.37314e-14	AbsError: 2.23279e+01
      Equation: "ElectronContinuityEquation"	RelError: 1.47074e-15	AbsError: 7.99911e+00
      Equation: "HoleContinuityEquation"	RelError: 1.12456e-15	AbsError: 1.43288e+01
      Equation: "PotentialEquation"	RelError: 1.11361e-14	AbsError: 1.12414e-16
Charge Relative Error 7.69764e-09
number of equations 9003
Iteration: 0
  Device: "BenchmarkDiode"	RelError: 7.09121e-15	AbsError: 2.35037e+01
    Region: "SiRegion"	RelError: 7.09121e-15	AbsError: 2.35037e+01
      Equation: "ElectronContinuityEquation"	RelError: 9.40963e-16	AbsError: 7.99911e+00
      Equation: "HoleContinuityEquation"	RelError: 1.22176e-15	AbsError: 1.55046e+01
      Equation: "PotentialEquation"	RelError: 4.92848e-15	AbsError: 1.12601e-16
Charge Relative Error 7.69764e-09
number of equations 9003
Iteration: 0
  Device: "BenchmarkDiode"	RelError: 1.77605e-14	AbsError: 2.20351e+01
    Region: "SiRegion"	RelError: 1.77605e-14	AbsError: 2.20351e+01
      Equation: "ElectronContinuityEquation"	RelError: 1.11374e-15	AbsError: 7.99911e+00
      Equation: "HoleContinuityEquation"	RelError: 1.70261e-15	AbsError: 1.40360e+01
      Equation: "PotentialEquation"	RelError: 1.49442e-14	AbsError: 1.12474e-16
Charge Relative Error 7.62152e-09
number of equations 9003
Iteration: 0
  Device: "BenchmarkDiode"	RelError: 1.36814e-14	AbsError: 2.36141e+01
    Region: "SiRegion"	RelError: 1.36814e-14	AbsError: 2.36141e+01
      Equation: "ElectronContinuityEquation"	RelError: 1.56793e-15	AbsError: 7.99911e+00
      Equation: "HoleContinuityEquation"	RelError: 2.09377e-15	AbsError: 1.56150e+01
      Equation: "PotentialEquation"	RelError: 1.00197e-14	AbsError: 1.12091e-16
Charge Relative Error 7.77139e-09
number of equations 9003
Iteration: 0
  Device: "BenchmarkDiode"	RelError: 1.02279e-14	AbsError: 2.23282e+01
    Region: "SiRegion"	RelError: 1.02279e-14	AbsError: 2.23282e+01
      Equation: "ElectronContinuityEquation"	RelError: 1.65273e-15	AbsError: 7.99911e+00
      Equation: "HoleContinuityEquation"	RelError: 1.94910e-15	AbsError: 1.43291e+01
      Equation: "PotentialEquation"	RelError: 6.62609e-15	AbsError: 1.12414e-16
Charge Relative Error 7.54778e-09
number of equations 9003
Iteration: 0
  Device: "BenchmarkDiode"	RelError: 1.94904e-14	AbsError: 2.35539e+01
    Region: "SiRegion"	RelError: 1.94904e-14	AbsError: 2.35539e+01
      Equation: "ElectronContinuityEquation"	RelError: 1.59869e-15	AbsError: 7.99911e+00
      Equation: "HoleContinuityEquation"	RelError: 1.25217e-15	AbsError: 1.55548e+01
      Equation: "PotentialEquation"	RelError: 1.66395e-14	AbsError: 1.11976e-16
Charge Relative Error 7.69764e-09
number of equations 9003
Iteration: 0
  Device: "BenchmarkDiode"	RelError: 1.08739e-14	AbsError: 2.20904e+01
    Region: "SiRegion"	RelError: 1.08739e-14	AbsError: 2.20904e+01
      Equation: "ElectronContinuityEquation"	RelError: 1.57230e-15	AbsError: 7.99911e+00
      Equation: "HoleContinuityEquation"	RelError: 1.75883e-15	AbsError: 1.40913e+01
      Equation: "PotentialEquation"	RelError: 7.54277e-15	AbsError: 1.12464e-16
Charge Relative Error 7.62152e-09
number of equations 9003
Iteration: 0
  Device: "BenchmarkDiode"	RelError: 8.43573e-15	AbsError: 2.35801e+01
    Region: "SiRegion"	RelError: 8.43573e-15	AbsError: 2.35801e+01
      Equation: "ElectronContinuityEquation"	RelError: 2.34417e-15	AbsError: 7.99911e+00
      Equation: "HoleContinuityEquation"	RelError: 1.76454e-15	AbsError: 1.55810e+01
      Equation: "PotentialEquation"	RelError: 4.32703e-15	AbsError: 1.11968e-16
Charge Relative Error 7.65671e-09
number of equations 9003
Iteration: 0
  Device: "BenchmarkDiode"	RelError: 1.63180e-14	AbsError: 2.23586e+01
    Region: "SiRegion"	RelError: 1.63180e-14	AbsError: 2.23586e+01
      Equation: "ElectronContinuityEquation"	RelError: 2.07062e-15	AbsError: 7.99911e+00
      Equation: "HoleContinuityEquation"	RelError: 1.01128e-15	AbsError: 1.43595e+01
      Equation: "PotentialEquation"	RelError: 1.32361e-14	AbsError: 1.12407e-16
Charge Relative Error 7.69764e-09
number of equations 9003
Iteration: 0
  Device: "BenchmarkDiode"	RelError: 9.89116e-15	AbsError: 2.35341e+01
    Region: "SiRegion"	RelError: 9.89116e-15	AbsError: 2.35341e+01
      Equation: "ElectronContinuityEquation"	RelError: 1.76442e-15	AbsError: 7.99911e+00
      Equation: "HoleContinuityEquation"	RelError: 1.92484e-15	AbsError: 1.55350e+01
      Equation: "PotentialEquation"	RelError: 6.20190e-15	AbsError: 1.12329e-16
Charge Relative Error 7.69764e-09
number of equations 9003
Iteration: 0
  Device: "BenchmarkDiode"	RelError: 1.22038e-14	AbsError: 2.20619e+01
    Region: "SiRegion"	RelError: 1.22038e-14	AbsError: 2.20619e+01
      Equation: "ElectronContinuityEquation"	RelError: 2.19908e-15	AbsError: 7.99911e+00
      Equation: "HoleContinuityEquation"	RelError: 1.88292e-15	AbsError: 1.40628e+01
      Equation: "PotentialEquation"	RelError: 8.12184e-15	AbsError: 1.12469e-16
Charge Relative Error 7.62390e-09
number of equations 9003
Iteration: 0
  Device: "BenchmarkDiode"	RelError: 1.83739e-14	AbsError: 2.35929e+01
    Region: "SiRegion"	RelError: 1.83739e-14	AbsError: 2.35929e+01
      Equation: "ElectronContinuityEquation"	RelError: 1.29578e-15	AbsError: 7.99911e+00
      Equation: "HoleContinuityEquation"	RelError: 1.60467e-15	AbsError: 1.55938e+01
      Equation: "PotentialEquation"	RelError: 1.54734e-14	AbsError: 1.12867e-16
Charge Relative Error 7.69764e-09
number of equations 9003
Iteration: 0
  Device: "BenchmarkDiode"	RelError: 1.06250e-14	AbsError: 2.23839e+01
    Region: "SiRegion"	RelError: 1.06250e-14	AbsError: 2.23839e+01
      Equation: "ElectronContinuityEquation"	RelError: 1.52875e-15	AbsError: 7.99911e+00
      Equation: "HoleContinuityEquation"	RelError: 1.72976e-15	AbsError: 1.43848e+01
      Equation: "PotentialEquation"	RelError: 7.36654e-15	AbsError: 1.12402e-16
Charge Relative Error 7.62152e-09
number of equations 9003
Iteration: 0
  Device: "BenchmarkDiode"	RelError: 9.80540e-15	AbsError: 2.34482e+01
    Region: "SiRegion"	RelError: 9.80540e-15	AbsError: 2.34482e+01
      Equation: "ElectronContinuityEquation"	RelError: 1.36852e-15	AbsError: 7.99911e+00
      Equation: "HoleContinuityEquation"	RelError: 2.24802e-15	AbsError: 1.54491e+01
      Equation: "PotentialEquation"	RelError: 6.18886e-15	AbsError: 1.12006e-16
Charge Relative Error 7.69764e-09
number of equations 9003
Iteration: 0
  Device: "BenchmarkDiode"	RelError: 1.65101e-14	AbsError: 2.20134e+01
    Region: "SiRegion"	RelError: 1.65101e-14	AbsError: 2.20134e+01
      Equation: "ElectronContinuityEquation"	RelError: 1.96801e-15	AbsError: 7.99911e+00
      Equation: "HoleContinuityEquation"	RelError: 2.46173e-15	AbsError: 1.40143e+01
      Equation: "PotentialEquation"	RelError: 1.20804e-14	AbsError: 1.12505e-16
Charge Relative Error 7.47710e-09
number of equations 9003
Iteration: 0
  Device: "BenchmarkDiode"	RelError: 1.17958e-14	AbsError: 2.36178e+01
    Region: "SiRegion"	RelError: 1.17958e-14	AbsError: 2.36178e+01
      Equation: "ElectronContinuityEquation"	RelError: 1.88492e-15	AbsError: 7.99911e+00
      Equation: "HoleContinuityEquation"	RelError: 3.51065e-15	AbsError: 1.56186e+01
      Equation: "PotentialEquation"	RelError: 6.40026e-15	AbsError: 1.12256e-16
Charge Relative Error 7.77139e-09
number of equations 9003
Iteration: 0
  Device: "BenchmarkDiode"	RelError: 1.30818e-14	AbsError: 2.23592e+01
    Region: "SiRegion"	RelError: 1.30818e-14	AbsError: 2.23592e+01
      Equation: "ElectronContinuityEquation"	RelError: 2.62513e-15	AbsError: 7.99911e+00
      Equation: "HoleContinuityEquation"	RelError: 3.46806e-15	AbsError: 1.43601e+01
      Equation: "PotentialEquation"	RelError: 6.98862e-15	AbsError: 1.12408e-16
Charge Relative Error 7.69764e-09
number of equations 9003
Iteration: 0
  Device: "BenchmarkDiode"	RelError: 1.90935e-14	AbsError: 2.35108e+01
    Region: "SiRegion"	RelError: 1.90935e-14	AbsError: 2.35108e+01
      Equation: "ElectronContinuityEquation"	RelError: 2.21034e-15	AbsError: 7.99911e+00
      Equation: "HoleContinuityEquation"	RelError: 3.14717e-15	AbsError: 1.55117e+01
      Equation: "PotentialEquation"	RelError: 1.37360e-14	AbsError: 1.12860e-16
Charge Relative Error 7.77139e-09
number of equations 9003
Iteration: 0
  Device: "BenchmarkDiode"	RelError: 1.20677e-14	AbsError: 2.20947e+01
    Region: "SiRegion"	RelError: 1.20677e-14	AbsError: 2.20947e+01
      Equation: "ElectronContinuityEquation"	RelError: 2.31393e-15	AbsError: 7.99911e+00
      Equation: "HoleContinuityEquation"	RelError: 3.50929e-15	AbsError: 1.40956e+01
      Equation: "PotentialEquation"	RelError: 6.24444e-15	AbsError: 1.12462e-16
Charge Relative Error 7.54778e-09
number of equations 9003
Iteration: 0
  Device: "BenchmarkDiode"	RelError: 1.03909e-14	AbsError: 2.35806e+01
    Region: "SiRegion"	RelError: 1.03909e-14	AbsError: 2.35806e+01
      Equation: "ElectronContinuityEquation"	RelError: 2.41354e-15	AbsError: 7.99911e+00
      Equation: "HoleContinuityEquation"	RelError: 2.15728e-15	AbsError: 1.55815e+01
      Equation: "PotentialEquation"	RelError: 5.82010e-15	AbsError: 1.11968e-16
Charge Relative Error 7.77139e-09
number of equations 9003
Iteration: 0
  Device: "BenchmarkDiode"	RelError: 1.39517e-14	AbsError: 2.23615e+01
    Region: "SiRegion"	RelError: 1.39517e-14	AbsError: 2.23615e+01
      Equation: "ElectronContinuityEquation"	RelError: 1.23616e-15	AbsError: 7.99911e+00
      Equation: "HoleContinuityEquation"	RelError: 1.23401e-15	AbsError: 1.43623e+01
      Equation: "PotentialEquation"	RelError: 1.14816e-14	AbsError: 1.12407e-16
Charge Relative Error 7.69764e-09
recovery_vfixed_tau_1e-06_dt_2e-09_mesh_1e-07: Qrr=4.614e-07 C, Irrm=4.523e+02 A, elapsed=4.48s
