Searching DEVSIM_MATH_LIBS="libopenblas.dylib:liblapack.dylib:libblas.dylib"
Loading "libopenblas.dylib": MISSING DLL
Loading "liblapack.dylib": ALL BLAS/LAPACK LOADED
Skipping libblas.dylib
loading UMFPACK 5.1 as direct solver
p_i
i_n
bot
 (region: SiRegion)
 (contact: top)
 (contact: bot)
number of equations 1695
Iteration: 0
  Device: "BenchmarkDiode"	RelError: 1.00000e+00	AbsError: 1.63902e-01
    Region: "SiRegion"	RelError: 1.00000e+00	AbsError: 1.63902e-01
      Equation: "PotentialEquation"	RelError: 1.00000e+00	AbsError: 1.63902e-01
Iteration: 1
  Device: "BenchmarkDiode"	RelError: 4.97944e-01	AbsError: 1.62430e-01
    Region: "SiRegion"	RelError: 4.97944e-01	AbsError: 1.62430e-01
      Equation: "PotentialEquation"	RelError: 4.97944e-01	AbsError: 1.62430e-01
Iteration: 2
  Device: "BenchmarkDiode"	RelError: 2.39824e+01	AbsError: 1.03408e-01
    Region: "SiRegion"	RelError: 2.39824e+01	AbsError: 1.03408e-01
      Equation: "PotentialEquation"	RelError: 2.39824e+01	AbsError: 1.03408e-01
Iteration: 3
  Device: "BenchmarkDiode"	RelError: 1.53991e+01	AbsError: 5.73651e-02
    Region: "SiRegion"	RelError: 1.53991e+01	AbsError: 5.73651e-02
      Equation: "PotentialEquation"	RelError: 1.53991e+01	AbsError: 5.73651e-02
Iteration: 4
  Device: "BenchmarkDiode"	RelError: 5.98642e+00	AbsError: 5.01960e-02
    Region: "SiRegion"	RelError: 5.98642e+00	AbsError: 5.01960e-02
      Equation: "PotentialEquation"	RelError: 5.98642e+00	AbsError: 5.01960e-02
Iteration: 5
  Device: "BenchmarkDiode"	RelError: 2.30820e+00	AbsError: 4.17220e-02
    Region: "SiRegion"	RelError: 2.30820e+00	AbsError: 4.17220e-02
      Equation: "PotentialEquation"	RelError: 2.30820e+00	AbsError: 4.17220e-02
Iteration: 6
  Device: "BenchmarkDiode"	RelError: 1.27440e+00	AbsError: 3.16681e-02
    Region: "SiRegion"	RelError: 1.27440e+00	AbsError: 3.16681e-02
      Equation: "PotentialEquation"	RelError: 1.27440e+00	AbsError: 3.16681e-02
Iteration: 7
  Device: "BenchmarkDiode"	RelError: 3.45009e-01	AbsError: 2.38740e-02
    Region: "SiRegion"	RelError: 3.45009e-01	AbsError: 2.38740e-02
      Equation: "PotentialEquation"	RelError: 3.45009e-01	AbsError: 2.38740e-02
Iteration: 8
  Device: "BenchmarkDiode"	RelError: 2.46584e-02	AbsError: 1.02888e-02
    Region: "SiRegion"	RelError: 2.46584e-02	AbsError: 1.02888e-02
      Equation: "PotentialEquation"	RelError: 2.46584e-02	AbsError: 1.02888e-02
Iteration: 9
  Device: "BenchmarkDiode"	RelError: 1.38055e-05	AbsError: 5.76038e-06
    Region: "SiRegion"	RelError: 1.38055e-05	AbsError: 5.76038e-06
      Equation: "PotentialEquation"	RelError: 1.38055e-05	AbsError: 5.76038e-06
Iteration: 10
  Device: "BenchmarkDiode"	RelError: 1.83872e-10	AbsError: 7.67209e-11
    Region: "SiRegion"	RelError: 1.83872e-10	AbsError: 7.67209e-11
      Equation: "PotentialEquation"	RelError: 1.83872e-10	AbsError: 7.67209e-11
Iteration: 11
  Device: "BenchmarkDiode"	RelError: 4.22940e-15	AbsError: 3.95529e-17
    Region: "SiRegion"	RelError: 4.22940e-15	AbsError: 3.95529e-17
      Equation: "PotentialEquation"	RelError: 4.22940e-15	AbsError: 3.95529e-17
Warning: Replacing equation with equation of the same name.
Region: SiRegion, Equation: PotentialEquation, Variable: Potential
number of equations 5085
Iteration: 0
  Device: "BenchmarkDiode"	RelError: 1.81124e-13	AbsError: 1.00800e+03
    Region: "SiRegion"	RelError: 1.81124e-13	AbsError: 1.00800e+03
      Equation: "ElectronContinuityEquation"	RelError: 1.00400e-14	AbsError: 4.96000e+02
      Equation: "HoleContinuityEquation"	RelError: 7.70527e-15	AbsError: 5.12000e+02
      Equation: "PotentialEquation"	RelError: 1.63379e-13	AbsError: 1.33092e-16
number of equations 5085
Iteration: 0
  Device: "BenchmarkDiode"	RelError: 2.36675e-13	AbsError: 3.87972e+01
    Region: "SiRegion"	RelError: 2.36675e-13	AbsError: 3.87972e+01
      Equation: "ElectronContinuityEquation"	RelError: 2.12625e-15	AbsError: 2.11253e+01
      Equation: "HoleContinuityEquation"	RelError: 2.97243e-15	AbsError: 1.76718e+01
      Equation: "PotentialEquation"	RelError: 2.31577e-13	AbsError: 4.16863e-17
number of equations 5085
Iteration: 0
  Device: "BenchmarkDiode"	RelError: 7.03528e+01	AbsError: 1.65527e+14
    Region: "SiRegion"	RelError: 7.03528e+01	AbsError: 1.65527e+14
      Equation: "ElectronContinuityEquation"	RelError: 6.56267e-01	AbsError: 8.23446e+13
      Equation: "HoleContinuityEquation"	RelError: 6.56254e-01	AbsError: 8.31824e+13
      Equation: "PotentialEquation"	RelError: 6.90402e+01	AbsError: 2.78470e-02
Iteration: 1
  Device: "BenchmarkDiode"	RelError: 4.51430e+01	AbsError: 5.70563e+12
    Region: "SiRegion"	RelError: 4.51430e+01	AbsError: 5.70563e+12
      Equation: "ElectronContinuityEquation"	RelError: 4.46441e-01	AbsError: 2.89315e+12
      Equation: "HoleContinuityEquation"	RelError: 5.29451e-01	AbsError: 2.81249e+12
      Equation: "PotentialEquation"	RelError: 4.41671e+01	AbsError: 2.21530e-02
Iteration: 2
  Device: "BenchmarkDiode"	RelError: 3.52282e-01	AbsError: 7.91824e+10
    Region: "SiRegion"	RelError: 3.52282e-01	AbsError: 7.91824e+10
      Equation: "ElectronContinuityEquation"	RelError: 2.28717e-01	AbsError: 1.64536e+10
      Equation: "HoleContinuityEquation"	RelError: 9.46082e-02	AbsError: 6.27288e+10
      Equation: "PotentialEquation"	RelError: 2.89571e-02	AbsError: 7.18102e-06
Iteration: 3
  Device: "BenchmarkDiode"	RelError: 6.94390e-05	AbsError: 2.14898e+06
    Region: "SiRegion"	RelError: 6.94390e-05	AbsError: 2.14898e+06
      Equation: "ElectronContinuityEquation"	RelError: 4.74645e-05	AbsError: 3.42738e+05
      Equation: "HoleContinuityEquation"	RelError: 2.16003e-05	AbsError: 1.80624e+06
      Equation: "PotentialEquation"	RelError: 3.74170e-07	AbsError: 1.07455e-10
Iteration: 4
  Device: "BenchmarkDiode"	RelError: 2.57072e-13	AbsError: 6.19053e+01
    Region: "SiRegion"	RelError: 2.57072e-13	AbsError: 6.19053e+01
      Equation: "ElectronContinuityEquation"	RelError: 4.66947e-14	AbsError: 3.56983e+01
      Equation: "HoleContinuityEquation"	RelError: 3.97689e-14	AbsError: 2.62070e+01
      Equation: "PotentialEquation"	RelError: 1.70608e-13	AbsError: 6.97365e-17
number of equations 5085
Iteration: 0
  Device: "BenchmarkDiode"	RelError: 1.34666e+02	AbsError: 1.53996e+14
    Region: "SiRegion"	RelError: 1.34666e+02	AbsError: 1.53996e+14
      Equation: "ElectronContinuityEquation"	RelError: 6.58018e-01	AbsError: 7.65771e+13
      Equation: "HoleContinuityEquation"	RelError: 6.58016e-01	AbsError: 7.74190e+13
      Equation: "PotentialEquation"	RelError: 1.33350e+02	AbsError: 2.78470e-02
Iteration: 1
  Device: "BenchmarkDiode"	RelError: 4.73148e+01	AbsError: 5.78900e+12
    Region: "SiRegion"	RelError: 4.73148e+01	AbsError: 5.78900e+12
      Equation: "ElectronContinuityEquation"	RelError: 4.47625e-01	AbsError: 2.94095e+12
      Equation: "HoleContinuityEquation"	RelError: 5.31106e-01	AbsError: 2.84805e+12
      Equation: "PotentialEquation"	RelError: 4.63361e+01	AbsError: 2.21530e-02
Iteration: 2
  Device: "BenchmarkDiode"	RelError: 3.65806e-01	AbsError: 9.27329e+10
    Region: "SiRegion"	RelError: 3.65806e-01	AbsError: 9.27329e+10
      Equation: "ElectronContinuityEquation"	RelError: 2.29568e-01	AbsError: 2.13268e+10
      Equation: "HoleContinuityEquation"	RelError: 9.46352e-02	AbsError: 7.14060e+10
      Equation: "PotentialEquation"	RelError: 4.16027e-02	AbsError: 9.60942e-06
Iteration: 3
  Device: "BenchmarkDiode"	RelError: 9.46245e-05	AbsError: 3.36612e+06
    Region: "SiRegion"	RelError: 9.46245e-05	AbsError: 3.36612e+06
      Equation: "ElectronContinuityEquation"	RelError: 6.40872e-05	AbsError: 5.90309e+05
      Equation: "HoleContinuityEquation"	RelError: 2.98236e-05	AbsError: 2.77581e+06
      Equation: "PotentialEquation"	RelError: 7.13629e-07	AbsError: 1.86414e-10
Iteration: 4
  Device: "BenchmarkDiode"	RelError: 2.10955e-13	AbsError: 7.06386e+01
    Region: "SiRegion"	RelError: 2.10955e-13	AbsError: 7.06386e+01
      Equation: "ElectronContinuityEquation"	RelError: 1.28581e-13	AbsError: 2.99949e+01
      Equation: "HoleContinuityEquation"	RelError: 8.15061e-14	AbsError: 4.06437e+01
      Equation: "PotentialEquation"	RelError: 8.68296e-16	AbsError: 5.10878e-17
number of equations 5085
Iteration: 0
  Device: "BenchmarkDiode"	RelError: 1.17149e+02	AbsError: 1.42290e+14
    Region: "SiRegion"	RelError: 1.17149e+02	AbsError: 1.42290e+14
      Equation: "ElectronContinuityEquation"	RelError: 6.58577e-01	AbsError: 7.07232e+13
      Equation: "HoleContinuityEquation"	RelError: 6.58577e-01	AbsError: 7.15664e+13
      Equation: "PotentialEquation"	RelError: 1.15832e+02	AbsError: 2.78470e-02
Iteration: 1
  Device: "BenchmarkDiode"	RelError: 7.82391e+01	AbsError: 5.87489e+12
    Region: "SiRegion"	RelError: 7.82391e+01	AbsError: 5.87489e+12
      Equation: "ElectronContinuityEquation"	RelError: 4.47954e-01	AbsError: 2.99265e+12
      Equation: "HoleContinuityEquation"	RelError: 5.31789e-01	AbsError: 2.88223e+12
      Equation: "PotentialEquation"	RelError: 7.72594e+01	AbsError: 2.21530e-02
Iteration: 2
  Device: "BenchmarkDiode"	RelError: 4.00335e-01	AbsError: 1.11447e+11
    Region: "SiRegion"	RelError: 4.00335e-01	AbsError: 1.11447e+11
      Equation: "ElectronContinuityEquation"	RelError: 2.29933e-01	AbsError: 2.87899e+10
      Equation: "HoleContinuityEquation"	RelError: 9.46606e-02	AbsError: 8.26572e+10
      Equation: "PotentialEquation"	RelError: 7.57412e-02	AbsError: 1.32580e-05
Iteration: 3
  Device: "BenchmarkDiode"	RelError: 1.33324e-04	AbsError: 5.56742e+06
    Region: "SiRegion"	RelError: 1.33324e-04	AbsError: 5.56742e+06
      Equation: "ElectronContinuityEquation"	RelError: 8.88787e-05	AbsError: 1.07272e+06
      Equation: "HoleContinuityEquation"	RelError: 4.25258e-05	AbsError: 4.49470e+06
      Equation: "PotentialEquation"	RelError: 1.91981e-06	AbsError: 3.43093e-10
Iteration: 4
  Device: "BenchmarkDiode"	RelError: 5.32711e-13	AbsError: 5.71234e+01
    Region: "SiRegion"	RelError: 5.32711e-13	AbsError: 5.71234e+01
      Equation: "ElectronContinuityEquation"	RelError: 3.14760e-13	AbsError: 2.90801e+01
      Equation: "HoleContinuityEquation"	RelError: 2.10276e-13	AbsError: 2.80433e+01
      Equation: "PotentialEquation"	RelError: 7.67407e-15	AbsError: 3.93768e-17
number of equations 5085
Iteration: 0
  Device: "BenchmarkDiode"	RelError: 1.42545e+02	AbsError: 1.30404e+14
    Region: "SiRegion"	RelError: 1.42545e+02	AbsError: 1.30404e+14
      Equation: "ElectronContinuityEquation"	RelError: 6.58760e-01	AbsError: 6.47808e+13
      Equation: "HoleContinuityEquation"	RelError: 6.58759e-01	AbsError: 6.56228e+13
      Equation: "PotentialEquation"	RelError: 1.41227e+02	AbsError: 2.78470e-02
Iteration: 1
  Device: "BenchmarkDiode"	RelError: 4.16355e+02	AbsError: 5.95826e+12
    Region: "SiRegion"	RelError: 4.16355e+02	AbsError: 5.95826e+12
      Equation: "ElectronContinuityEquation"	RelError: 4.47974e-01	AbsError: 3.04708e+12
      Equation: "HoleContinuityEquation"	RelError: 5.32167e-01	AbsError: 2.91118e+12
      Equation: "PotentialEquation"	RelError: 4.15375e+02	AbsError: 2.21530e-02
Iteration: 2
  Device: "BenchmarkDiode"	RelError: 1.10372e+00	AbsError: 1.38102e+11
    Region: "SiRegion"	RelError: 1.10372e+00	AbsError: 1.38102e+11
      Equation: "ElectronContinuityEquation"	RelError: 2.30159e-01	AbsError: 4.09466e+10
      Equation: "HoleContinuityEquation"	RelError: 9.46761e-02	AbsError: 9.71552e+10
      Equation: "PotentialEquation"	RelError: 7.78884e-01	AbsError: 1.88544e-05
Iteration: 3
  Device: "BenchmarkDiode"	RelError: 2.15788e-04	AbsError: 9.73325e+06
    Region: "SiRegion"	RelError: 2.15788e-04	AbsError: 9.73325e+06
      Equation: "ElectronContinuityEquation"	RelError: 1.27021e-04	AbsError: 2.05164e+06
      Equation: "HoleContinuityEquation"	RelError: 6.27569e-05	AbsError: 7.68161e+06
      Equation: "PotentialEquation"	RelError: 2.60098e-05	AbsError: 6.77853e-10
Iteration: 4
  Device: "BenchmarkDiode"	RelError: 3.01865e-12	AbsError: 6.92101e+01
    Region: "SiRegion"	RelError: 3.01865e-12	AbsError: 6.92101e+01
      Equation: "ElectronContinuityEquation"	RelError: 8.93525e-13	AbsError: 3.76874e+01
      Equation: "HoleContinuityEquation"	RelError: 5.62681e-13	AbsError: 3.15228e+01
      Equation: "PotentialEquation"	RelError: 1.56244e-12	AbsError: 5.42508e-17
number of equations 5085
Iteration: 0
  Device: "BenchmarkDiode"	RelError: 1.22998e+02	AbsError: 1.18351e+14
    Region: "SiRegion"	RelError: 1.22998e+02	AbsError: 1.18351e+14
      Equation: "ElectronContinuityEquation"	RelError: 6.58810e-01	AbsError: 5.87563e+13
      Equation: "HoleContinuityEquation"	RelError: 6.58809e-01	AbsError: 5.95946e+13
      Equation: "PotentialEquation"	RelError: 1.21681e+02	AbsError: 2.78470e-02
Iteration: 1
  Device: "BenchmarkDiode"	RelError: 6.36336e+02	AbsError: 6.02086e+12
    Region: "SiRegion"	RelError: 6.36336e+02	AbsError: 6.02086e+12
      Equation: "ElectronContinuityEquation"	RelError: 4.47976e-01	AbsError: 3.09645e+12
      Equation: "HoleContinuityEquation"	RelError: 5.32372e-01	AbsError: 2.92441e+12
      Equation: "PotentialEquation"	RelError: 6.35356e+02	AbsError: 2.21530e-02
Iteration: 2
  Device: "BenchmarkDiode"	RelError: 5.86887e-01	AbsError: 2.12031e+11
    Region: "SiRegion"	RelError: 5.86887e-01	AbsError: 2.12031e+11
      Equation: "ElectronContinuityEquation"	RelError: 2.30243e-01	AbsError: 7.44858e+10
      Equation: "HoleContinuityEquation"	RelError: 9.48987e-02	AbsError: 1.37545e+11
      Equation: "PotentialEquation"	RelError: 2.61746e-01	AbsError: 2.73444e-05
Iteration: 3
  Device: "BenchmarkDiode"	RelError: 2.81559e-04	AbsError: 1.87517e+07
    Region: "SiRegion"	RelError: 2.81559e-04	AbsError: 1.87517e+07
      Equation: "ElectronContinuityEquation"	RelError: 1.84653e-04	AbsError: 4.16926e+06
      Equation: "HoleContinuityEquation"	RelError: 9.50234e-05	AbsError: 1.45825e+07
      Equation: "PotentialEquation"	RelError: 1.88247e-06	AbsError: 1.47023e-09
Iteration: 4
  Device: "BenchmarkDiode"	RelError: 5.27814e-12	AbsError: 6.43643e+01
    Region: "SiRegion"	RelError: 5.27814e-12	AbsError: 6.43643e+01
      Equation: "ElectronContinuityEquation"	RelError: 2.79743e-12	AbsError: 2.96371e+01
      Equation: "HoleContinuityEquation"	RelError: 1.67949e-12	AbsError: 3.47272e+01
      Equation: "PotentialEquation"	RelError: 8.01221e-13	AbsError: 4.22694e-17
number of equations 5085
Iteration: 0
  Device: "BenchmarkDiode"	RelError: 4.06462e+02	AbsError: 1.06211e+14
    Region: "SiRegion"	RelError: 4.06462e+02	AbsError: 1.06211e+14
      Equation: "ElectronContinuityEquation"	RelError: 6.58819e-01	AbsError: 5.26911e+13
      Equation: "HoleContinuityEquation"	RelError: 6.58817e-01	AbsError: 5.35194e+13
      Equation: "PotentialEquation"	RelError: 4.05145e+02	AbsError: 2.78470e-02
Iteration: 1
  Device: "BenchmarkDiode"	RelError: 8.50207e+01	AbsError: 5.99587e+12
    Region: "SiRegion"	RelError: 8.50207e+01	AbsError: 5.99587e+12
      Equation: "ElectronContinuityEquation"	RelError: 4.47830e-01	AbsError: 3.10794e+12
      Equation: "HoleContinuityEquation"	RelError: 5.32717e-01	AbsError: 2.88793e+12
      Equation: "PotentialEquation"	RelError: 8.40401e+01	AbsError: 2.21530e-02
Iteration: 2
  Device: "BenchmarkDiode"	RelError: 3.34884e-01	AbsError: 5.52266e+11
    Region: "SiRegion"	RelError: 3.34884e-01	AbsError: 5.52266e+11
      Equation: "ElectronContinuityEquation"	RelError: 2.30499e-01	AbsError: 2.05765e+11
      Equation: "HoleContinuityEquation"	RelError: 9.47549e-02	AbsError: 3.46501e+11
      Equation: "PotentialEquation"	RelError: 9.63042e-03	AbsError: 4.22987e-05
Iteration: 3
  Device: "BenchmarkDiode"	RelError: 4.12382e-04	AbsError: 5.27475e+07
    Region: "SiRegion"	RelError: 4.12382e-04	AbsError: 5.27475e+07
      Equation: "ElectronContinuityEquation"	RelError: 2.66805e-04	AbsError: 1.62338e+07
      Equation: "HoleContinuityEquation"	RelError: 1.44777e-04	AbsError: 3.65138e+07
      Equation: "PotentialEquation"	RelError: 7.99927e-07	AbsError: 4.32074e-09
Iteration: 4
  Device: "BenchmarkDiode"	RelError: 1.99887e-11	AbsError: 7.04272e+01
    Region: "SiRegion"	RelError: 1.99887e-11	AbsError: 7.04272e+01
      Equation: "ElectronContinuityEquation"	RelError: 1.07184e-11	AbsError: 3.14664e+01
      Equation: "HoleContinuityEquation"	RelError: 9.18049e-12	AbsError: 3.89608e+01
      Equation: "PotentialEquation"	RelError: 8.98205e-14	AbsError: 8.13389e-17
number of equations 5085
Iteration: 0
  Device: "BenchmarkDiode"	RelError: 6.83610e+01	AbsError: 9.42888e+13
    Region: "SiRegion"	RelError: 6.83610e+01	AbsError: 9.42888e+13
      Equation: "ElectronContinuityEquation"	RelError: 6.58816e-01	AbsError: 4.67380e+13
      Equation: "HoleContinuityEquation"	RelError: 6.58812e-01	AbsError: 4.75508e+13
      Equation: "PotentialEquation"	RelError: 6.70433e+01	AbsError: 2.78470e-02
Iteration: 1
  Device: "BenchmarkDiode"	RelError: 3.77090e+01	AbsError: 6.07569e+12
    Region: "SiRegion"	RelError: 3.77090e+01	AbsError: 6.07569e+12
      Equation: "ElectronContinuityEquation"	RelError: 4.47812e-01	AbsError: 3.12942e+12
      Equation: "HoleContinuityEquation"	RelError: 5.32830e-01	AbsError: 2.94627e+12
      Equation: "PotentialEquation"	RelError: 3.67284e+01	AbsError: 2.21530e-02
Iteration: 2
  Device: "BenchmarkDiode"	RelError: 3.25346e-01	AbsError: 1.43698e+12
    Region: "SiRegion"	RelError: 3.25346e-01	AbsError: 1.43698e+12
      Equation: "ElectronContinuityEquation"	RelError: 2.30540e-01	AbsError: 5.71109e+11
      Equation: "HoleContinuityEquation"	RelError: 9.44116e-02	AbsError: 8.65867e+11
      Equation: "PotentialEquation"	RelError: 3.94798e-04	AbsError: 7.21337e-05
Iteration: 3
  Device: "BenchmarkDiode"	RelError: 5.51671e-04	AbsError: 5.71806e+08
    Region: "SiRegion"	RelError: 5.51671e-04	AbsError: 5.71806e+08
      Equation: "ElectronContinuityEquation"	RelError: 3.42978e-04	AbsError: 2.39310e+08
      Equation: "HoleContinuityEquation"	RelError: 2.08258e-04	AbsError: 3.32495e+08
      Equation: "PotentialEquation"	RelError: 4.35506e-07	AbsError: 3.32167e-08
Iteration: 4
  Device: "BenchmarkDiode"	RelError: 2.11200e-10	AbsError: 2.30180e+02
    Region: "SiRegion"	RelError: 2.11200e-10	AbsError: 2.30180e+02
      Equation: "ElectronContinuityEquation"	RelError: 9.73086e-11	AbsError: 1.11767e+02
      Equation: "HoleContinuityEquation"	RelError: 1.13600e-10	AbsError: 1.18413e+02
      Equation: "PotentialEquation"	RelError: 2.91679e-13	AbsError: 8.39013e-15
Iteration: 5
  Device: "BenchmarkDiode"	RelError: 6.61733e-14	AbsError: 5.24074e+01
    Region: "SiRegion"	RelError: 6.61733e-14	AbsError: 5.24074e+01
      Equation: "ElectronContinuityEquation"	RelError: 4.03730e-15	AbsError: 1.81619e+01
      Equation: "HoleContinuityEquation"	RelError: 4.34738e-15	AbsError: 3.42455e+01
      Equation: "PotentialEquation"	RelError: 5.77886e-14	AbsError: 4.28034e-17
number of equations 5085
Iteration: 0
  Device: "BenchmarkDiode"	RelError: 7.46105e+01	AbsError: 8.38369e+13
    Region: "SiRegion"	RelError: 7.46105e+01	AbsError: 8.38369e+13
      Equation: "ElectronContinuityEquation"	RelError: 6.58803e-01	AbsError: 4.15181e+13
      Equation: "HoleContinuityEquation"	RelError: 6.58798e-01	AbsError: 4.23188e+13
      Equation: "PotentialEquation"	RelError: 7.32929e+01	AbsError: 2.78470e-02
Iteration: 1
  Device: "BenchmarkDiode"	RelError: 7.03509e+01	AbsError: 1.08233e+13
    Region: "SiRegion"	RelError: 7.03509e+01	AbsError: 1.08233e+13
      Equation: "ElectronContinuityEquation"	RelError: 4.47906e-01	AbsError: 5.73560e+12
      Equation: "HoleContinuityEquation"	RelError: 5.32398e-01	AbsError: 5.08767e+12
      Equation: "PotentialEquation"	RelError: 6.93706e+01	AbsError: 2.21530e-02
Iteration: 2
  Device: "BenchmarkDiode"	RelError: 3.23087e-01	AbsError: 3.75779e+12
    Region: "SiRegion"	RelError: 3.23087e-01	AbsError: 3.75779e+12
      Equation: "ElectronContinuityEquation"	RelError: 2.30237e-01	AbsError: 1.57042e+12
      Equation: "HoleContinuityEquation"	RelError: 9.21703e-02	AbsError: 2.18737e+12
      Equation: "PotentialEquation"	RelError: 6.79773e-04	AbsError: 1.44205e-04
Iteration: 3
  Device: "BenchmarkDiode"	RelError: 7.37625e-04	AbsError: 7.23666e+09
    Region: "SiRegion"	RelError: 7.37625e-04	AbsError: 7.23666e+09
      Equation: "ElectronContinuityEquation"	RelError: 4.85201e-04	AbsError: 3.38055e+09
      Equation: "HoleContinuityEquation"	RelError: 2.50661e-04	AbsError: 3.85611e+09
      Equation: "PotentialEquation"	RelError: 1.76246e-06	AbsError: 3.74478e-07
Iteration: 4
  Device: "BenchmarkDiode"	RelError: 4.22413e-09	AbsError: 3.99875e+04
    Region: "SiRegion"	RelError: 4.22413e-09	AbsError: 3.99875e+04
      Equation: "ElectronContinuityEquation"	RelError: 2.81761e-09	AbsError: 1.98993e+04
      Equation: "HoleContinuityEquation"	RelError: 1.39566e-09	AbsError: 2.00881e+04
      Equation: "PotentialEquation"	RelError: 1.08512e-11	AbsError: 1.75345e-12
Iteration: 5
  Device: "BenchmarkDiode"	RelError: 2.54388e-14	AbsError: 6.15874e+01
    Region: "SiRegion"	RelError: 2.54388e-14	AbsError: 6.15874e+01
      Equation: "ElectronContinuityEquation"	RelError: 2.13294e-15	AbsError: 2.78587e+01
      Equation: "HoleContinuityEquation"	RelError: 4.03051e-15	AbsError: 3.37287e+01
      Equation: "PotentialEquation"	RelError: 1.92753e-14	AbsError: 3.64046e-17
number of equations 5085
Iteration: 0
  Device: "BenchmarkDiode"	RelError: 3.94591e+00	AbsError: 8.02429e+13
    Region: "SiRegion"	RelError: 3.94591e+00	AbsError: 8.02429e+13
      Equation: "ElectronContinuityEquation"	RelError: 6.58768e-01	AbsError: 3.97219e+13
      Equation: "HoleContinuityEquation"	RelError: 6.58759e-01	AbsError: 4.05210e+13
      Equation: "PotentialEquation"	RelError: 2.62838e+00	AbsError: 2.78470e-02
Iteration: 1
  Device: "BenchmarkDiode"	RelError: 1.65457e+00	AbsError: 2.72792e+13
    Region: "SiRegion"	RelError: 1.65457e+00	AbsError: 2.72792e+13
      Equation: "ElectronContinuityEquation"	RelError: 4.48951e-01	AbsError: 1.49380e+13
      Equation: "HoleContinuityEquation"	RelError: 5.29142e-01	AbsError: 1.23412e+13
      Equation: "PotentialEquation"	RelError: 6.76474e-01	AbsError: 2.21530e-02
Iteration: 2
  Device: "BenchmarkDiode"	RelError: 3.26022e-01	AbsError: 9.90263e+12
    Region: "SiRegion"	RelError: 3.26022e-01	AbsError: 9.90263e+12
      Equation: "ElectronContinuityEquation"	RelError: 2.28000e-01	AbsError: 4.27648e+12
      Equation: "HoleContinuityEquation"	RelError: 9.65102e-02	AbsError: 5.62615e+12
      Equation: "PotentialEquation"	RelError: 1.51181e-03	AbsError: 3.53155e-04
Iteration: 3
  Device: "BenchmarkDiode"	RelError: 2.07400e-03	AbsError: 7.61683e+10
    Region: "SiRegion"	RelError: 2.07400e-03	AbsError: 7.61683e+10
      Equation: "ElectronContinuityEquation"	RelError: 1.21236e-03	AbsError: 3.76254e+10
      Equation: "HoleContinuityEquation"	RelError: 8.45443e-04	AbsError: 3.85429e+10
      Equation: "PotentialEquation"	RelError: 1.62039e-05	AbsError: 3.79375e-06
Iteration: 4
  Device: "BenchmarkDiode"	RelError: 1.33911e-07	AbsError: 4.77092e+06
    Region: "SiRegion"	RelError: 1.33911e-07	AbsError: 4.77092e+06
      Equation: "ElectronContinuityEquation"	RelError: 7.78430e-08	AbsError: 2.39002e+06
      Equation: "HoleContinuityEquation"	RelError: 5.50778e-08	AbsError: 2.38090e+06
      Equation: "PotentialEquation"	RelError: 9.90192e-10	AbsError: 2.31986e-10
Iteration: 5
  Device: "BenchmarkDiode"	RelError: 6.70031e-15	AbsError: 5.52039e+01
    Region: "SiRegion"	RelError: 6.70031e-15	AbsError: 5.52039e+01
      Equation: "ElectronContinuityEquation"	RelError: 3.40294e-15	AbsError: 2.60744e+01
      Equation: "HoleContinuityEquation"	RelError: 2.68077e-15	AbsError: 2.91295e+01
      Equation: "PotentialEquation"	RelError: 6.16602e-16	AbsError: 8.46303e-17
number of equations 5085
Iteration: 0
  Device: "BenchmarkDiode"	RelError: 5.79837e+01	AbsError: 5.74219e+13
    Region: "SiRegion"	RelError: 5.79837e+01	AbsError: 5.74219e+13
      Equation: "ElectronContinuityEquation"	RelError: 2.74041e+01	AbsError: 2.87743e+13
      Equation: "HoleContinuityEquation"	RelError: 2.73528e+01	AbsError: 2.86475e+13
      Equation: "PotentialEquation"	RelError: 3.22675e+00	AbsError: 2.50000e-02
Iteration: 1
  Device: "BenchmarkDiode"	RelError: 1.81580e+00	AbsError: 1.35398e+13
    Region: "SiRegion"	RelError: 1.81580e+00	AbsError: 1.35398e+13
      Equation: "ElectronContinuityEquation"	RelError: 9.07176e-01	AbsError: 6.77793e+12
      Equation: "HoleContinuityEquation"	RelError: 9.07014e-01	AbsError: 6.76187e+12
      Equation: "PotentialEquation"	RelError: 1.60530e-03	AbsError: 2.99668e-04
Iteration: 2
  Device: "BenchmarkDiode"	RelError: 9.02708e-03	AbsError: 1.31749e+11
    Region: "SiRegion"	RelError: 9.02708e-03	AbsError: 1.31749e+11
      Equation: "ElectronContinuityEquation"	RelError: 4.50412e-03	AbsError: 6.58406e+10
      Equation: "HoleContinuityEquation"	RelError: 4.49601e-03	AbsError: 6.59084e+10
      Equation: "PotentialEquation"	RelError: 2.69605e-05	AbsError: 5.15460e-06
Iteration: 3
  Device: "BenchmarkDiode"	RelError: 9.81658e-07	AbsError: 1.81159e+07
    Region: "SiRegion"	RelError: 9.81658e-07	AbsError: 1.81159e+07
      Equation: "ElectronContinuityEquation"	RelError: 4.85683e-07	AbsError: 9.04794e+06
      Equation: "HoleContinuityEquation"	RelError: 4.92542e-07	AbsError: 9.06793e+06
      Equation: "PotentialEquation"	RelError: 3.43215e-09	AbsError: 6.63422e-10
Iteration: 4
  Device: "BenchmarkDiode"	RelError: 1.70875e-14	AbsError: 6.53737e+01
    Region: "SiRegion"	RelError: 1.70875e-14	AbsError: 6.53737e+01
      Equation: "ElectronContinuityEquation"	RelError: 5.41068e-15	AbsError: 2.40022e+01
      Equation: "HoleContinuityEquation"	RelError: 1.05459e-14	AbsError: 4.13715e+01
      Equation: "PotentialEquation"	RelError: 1.13087e-15	AbsError: 6.14710e-17
number of equations 5085
Iteration: 0
  Device: "BenchmarkDiode"	RelError: 1.26832e+00	AbsError: 2.16291e+13
    Region: "SiRegion"	RelError: 1.26832e+00	AbsError: 2.16291e+13
      Equation: "ElectronContinuityEquation"	RelError: 3.25488e-01	AbsError: 1.07135e+13
      Equation: "HoleContinuityEquation"	RelError: 3.25477e-01	AbsError: 1.09157e+13
      Equation: "PotentialEquation"	RelError: 6.17353e-01	AbsError: 1.25000e-02
Iteration: 1
  Device: "BenchmarkDiode"	RelError: 1.70016e-01	AbsError: 2.52227e+12
    Region: "SiRegion"	RelError: 1.70016e-01	AbsError: 2.52227e+12
      Equation: "ElectronContinuityEquation"	RelError: 8.48897e-02	AbsError: 1.26316e+12
      Equation: "HoleContinuityEquation"	RelError: 8.48815e-02	AbsError: 1.25911e+12
      Equation: "PotentialEquation"	RelError: 2.44695e-04	AbsError: 4.81746e-05
Iteration: 2
  Device: "BenchmarkDiode"	RelError: 1.75342e-04	AbsError: 4.33223e+09
    Region: "SiRegion"	RelError: 1.75342e-04	AbsError: 4.33223e+09
      Equation: "ElectronContinuityEquation"	RelError: 8.66965e-05	AbsError: 2.16501e+09
      Equation: "HoleContinuityEquation"	RelError: 8.78191e-05	AbsError: 2.16722e+09
      Equation: "PotentialEquation"	RelError: 8.26172e-07	AbsError: 1.65562e-07
Iteration: 3
  Device: "BenchmarkDiode"	RelError: 7.62696e-10	AbsError: 1.97480e+04
    Region: "SiRegion"	RelError: 7.62696e-10	AbsError: 1.97480e+04
      Equation: "ElectronContinuityEquation"	RelError: 3.76759e-10	AbsError: 9.86253e+03
      Equation: "HoleContinuityEquation"	RelError: 3.82313e-10	AbsError: 9.88550e+03
      Equation: "PotentialEquation"	RelError: 3.62402e-12	AbsError: 7.32207e-13
Iteration: 4
  Device: "BenchmarkDiode"	RelError: 7.19274e-15	AbsError: 5.58419e+01
    Region: "SiRegion"	RelError: 7.19274e-15	AbsError: 5.58419e+01
      Equation: "ElectronContinuityEquation"	RelError: 4.02205e-15	AbsError: 2.56257e+01
      Equation: "HoleContinuityEquation"	RelError: 2.35231e-15	AbsError: 3.02162e+01
      Equation: "PotentialEquation"	RelError: 8.18383e-16	AbsError: 6.37626e-17
number of equations 5085
Iteration: 0
  Device: "BenchmarkDiode"	RelError: 1.08237e+00	AbsError: 1.17355e+13
    Region: "SiRegion"	RelError: 1.08237e+00	AbsError: 1.17355e+13
      Equation: "ElectronContinuityEquation"	RelError: 3.17946e-01	AbsError: 5.81658e+12
      Equation: "HoleContinuityEquation"	RelError: 3.17921e-01	AbsError: 5.91897e+12
      Equation: "PotentialEquation"	RelError: 4.46501e-01	AbsError: 6.25000e-03
Iteration: 1
  Device: "BenchmarkDiode"	RelError: 6.85042e-02	AbsError: 7.24144e+11
    Region: "SiRegion"	RelError: 6.85042e-02	AbsError: 7.24144e+11
      Equation: "ElectronContinuityEquation"	RelError: 3.42154e-02	AbsError: 3.62582e+11
      Equation: "HoleContinuityEquation"	RelError: 3.42106e-02	AbsError: 3.61562e+11
      Equation: "PotentialEquation"	RelError: 7.81318e-05	AbsError: 1.49879e-05
Iteration: 2
  Device: "BenchmarkDiode"	RelError: 1.79684e-05	AbsError: 3.70394e+08
    Region: "SiRegion"	RelError: 1.79684e-05	AbsError: 3.70394e+08
      Equation: "ElectronContinuityEquation"	RelError: 8.89232e-06	AbsError: 1.85098e+08
      Equation: "HoleContinuityEquation"	RelError: 9.00303e-06	AbsError: 1.85296e+08
      Equation: "PotentialEquation"	RelError: 7.30787e-08	AbsError: 1.43105e-08
Iteration: 3
  Device: "BenchmarkDiode"	RelError: 6.57660e-12	AbsError: 1.43879e+02
    Region: "SiRegion"	RelError: 6.57660e-12	AbsError: 1.43879e+02
      Equation: "ElectronContinuityEquation"	RelError: 3.25122e-12	AbsError: 7.18608e+01
      Equation: "HoleContinuityEquation"	RelError: 3.29844e-12	AbsError: 7.20184e+01
      Equation: "PotentialEquation"	RelError: 2.69338e-14	AbsError: 5.29981e-15
number of equations 5085
Iteration: 0
  Device: "BenchmarkDiode"	RelError: 5.61765e-01	AbsError: 5.60915e+12
    Region: "SiRegion"	RelError: 5.61765e-01	AbsError: 5.60915e+12
      Equation: "ElectronContinuityEquation"	RelError: 1.37179e-01	AbsError: 2.77916e+12
      Equation: "HoleContinuityEquation"	RelError: 1.37170e-01	AbsError: 2.83000e+12
      Equation: "PotentialEquation"	RelError: 2.87416e-01	AbsError: 3.12500e-03
Iteration: 1
  Device: "BenchmarkDiode"	RelError: 1.57875e-02	AbsError: 1.60858e+11
    Region: "SiRegion"	RelError: 1.57875e-02	AbsError: 1.60858e+11
      Equation: "ElectronContinuityEquation"	RelError: 7.88603e-03	AbsError: 8.05558e+10
      Equation: "HoleContinuityEquation"	RelError: 7.88501e-03	AbsError: 8.03022e+10
      Equation: "PotentialEquation"	RelError: 1.64364e-05	AbsError: 3.11159e-06
Iteration: 2
  Device: "BenchmarkDiode"	RelError: 8.98695e-07	AbsError: 1.71760e+07
    Region: "SiRegion"	RelError: 8.98695e-07	AbsError: 1.71760e+07
      Equation: "ElectronContinuityEquation"	RelError: 4.44597e-07	AbsError: 8.58418e+06
      Equation: "HoleContinuityEquation"	RelError: 4.50691e-07	AbsError: 8.59184e+06
      Equation: "PotentialEquation"	RelError: 3.40597e-09	AbsError: 6.58650e-10
Iteration: 3
  Device: "BenchmarkDiode"	RelError: 1.80538e-14	AbsError: 5.87376e+01
    Region: "SiRegion"	RelError: 1.80538e-14	AbsError: 5.87376e+01
      Equation: "ElectronContinuityEquation"	RelError: 6.96920e-15	AbsError: 2.99645e+01
      Equation: "HoleContinuityEquation"	RelError: 7.61424e-15	AbsError: 2.87730e+01
      Equation: "PotentialEquation"	RelError: 3.47034e-15	AbsError: 7.76457e-17
number of equations 5085
Iteration: 0
  Device: "BenchmarkDiode"	RelError: 2.96200e-01	AbsError: 2.75084e+12
    Region: "SiRegion"	RelError: 2.96200e-01	AbsError: 2.75084e+12
      Equation: "ElectronContinuityEquation"	RelError: 6.41891e-02	AbsError: 1.36275e+12
      Equation: "HoleContinuityEquation"	RelError: 6.41854e-02	AbsError: 1.38809e+12
      Equation: "PotentialEquation"	RelError: 1.67826e-01	AbsError: 1.56250e-03
Iteration: 1
  Device: "BenchmarkDiode"	RelError: 3.79038e-03	AbsError: 3.79162e+10
    Region: "SiRegion"	RelError: 3.79038e-03	AbsError: 3.79162e+10
      Equation: "ElectronContinuityEquation"	RelError: 1.89343e-03	AbsError: 1.89896e+10
      Equation: "HoleContinuityEquation"	RelError: 1.89320e-03	AbsError: 1.89266e+10
      Equation: "PotentialEquation"	RelError: 3.74482e-06	AbsError: 7.04630e-07
Iteration: 2
  Device: "BenchmarkDiode"	RelError: 4.99005e-08	AbsError: 9.18262e+05
    Region: "SiRegion"	RelError: 4.99005e-08	AbsError: 9.18262e+05
      Equation: "ElectronContinuityEquation"	RelError: 2.46802e-08	AbsError: 4.58952e+05
      Equation: "HoleContinuityEquation"	RelError: 2.50378e-08	AbsError: 4.59311e+05
      Equation: "PotentialEquation"	RelError: 1.82552e-10	AbsError: 3.50977e-11
Iteration: 3
  Device: "BenchmarkDiode"	RelError: 8.16109e-15	AbsError: 6.02568e+01
    Region: "SiRegion"	RelError: 8.16109e-15	AbsError: 6.02568e+01
      Equation: "ElectronContinuityEquation"	RelError: 1.69634e-15	AbsError: 3.26605e+01
      Equation: "HoleContinuityEquation"	RelError: 5.31372e-15	AbsError: 2.75963e+01
      Equation: "PotentialEquation"	RelError: 1.15104e-15	AbsError: 6.44559e-17
number of equations 5085
Iteration: 0
  Device: "BenchmarkDiode"	RelError: 1.53792e-01	AbsError: 1.36323e+12
    Region: "SiRegion"	RelError: 1.53792e-01	AbsError: 1.36323e+12
      Equation: "ElectronContinuityEquation"	RelError: 3.10970e-02	AbsError: 6.75286e+11
      Equation: "HoleContinuityEquation"	RelError: 3.10953e-02	AbsError: 6.87941e+11
      Equation: "PotentialEquation"	RelError: 9.15993e-02	AbsError: 7.81250e-04
Iteration: 1
  Device: "BenchmarkDiode"	RelError: 9.28676e-04	AbsError: 9.20495e+09
    Region: "SiRegion"	RelError: 9.28676e-04	AbsError: 9.20495e+09
      Equation: "ElectronContinuityEquation"	RelError: 4.63920e-04	AbsError: 4.61032e+09
      Equation: "HoleContinuityEquation"	RelError: 4.63864e-04	AbsError: 4.59463e+09
      Equation: "PotentialEquation"	RelError: 8.92101e-07	AbsError: 1.67346e-07
Iteration: 2
  Device: "BenchmarkDiode"	RelError: 2.93390e-09	AbsError: 5.29765e+04
    Region: "SiRegion"	RelError: 2.93390e-09	AbsError: 5.29765e+04
      Equation: "ElectronContinuityEquation"	RelError: 1.45085e-09	AbsError: 2.64786e+04
      Equation: "HoleContinuityEquation"	RelError: 1.47251e-09	AbsError: 2.64979e+04
      Equation: "PotentialEquation"	RelError: 1.05453e-11	AbsError: 2.02156e-12
Iteration: 3
  Device: "BenchmarkDiode"	RelError: 7.32915e-15	AbsError: 5.05374e+01
    Region: "SiRegion"	RelError: 7.32915e-15	AbsError: 5.05374e+01
      Equation: "ElectronContinuityEquation"	RelError: 2.54162e-15	AbsError: 2.23740e+01
      Equation: "HoleContinuityEquation"	RelError: 3.45387e-15	AbsError: 2.81634e+01
      Equation: "PotentialEquation"	RelError: 1.33366e-15	AbsError: 2.97292e-17
number of equations 5085
Iteration: 0
  Device: "BenchmarkDiode"	RelError: 7.86183e-02	AbsError: 6.78714e+11
    Region: "SiRegion"	RelError: 7.86183e-02	AbsError: 6.78714e+11
      Equation: "ElectronContinuityEquation"	RelError: 1.53106e-02	AbsError: 3.36195e+11
      Equation: "HoleContinuityEquation"	RelError: 1.53098e-02	AbsError: 3.42519e+11
      Equation: "PotentialEquation"	RelError: 4.79980e-02	AbsError: 3.90625e-04
Iteration: 1
  Device: "BenchmarkDiode"	RelError: 2.29843e-04	AbsError: 2.26777e+09
    Region: "SiRegion"	RelError: 2.29843e-04	AbsError: 2.26777e+09
      Equation: "ElectronContinuityEquation"	RelError: 1.14820e-04	AbsError: 1.13584e+09
      Equation: "HoleContinuityEquation"	RelError: 1.14806e-04	AbsError: 1.13193e+09
      Equation: "PotentialEquation"	RelError: 2.17601e-07	AbsError: 4.07562e-08
Iteration: 2
  Device: "BenchmarkDiode"	RelError: 1.77755e-10	AbsError: 3.17938e+03
    Region: "SiRegion"	RelError: 1.77755e-10	AbsError: 3.17938e+03
      Equation: "ElectronContinuityEquation"	RelError: 8.78936e-11	AbsError: 1.58911e+03
      Equation: "HoleContinuityEquation"	RelError: 8.92278e-11	AbsError: 1.59027e+03
      Equation: "PotentialEquation"	RelError: 6.33230e-13	AbsError: 1.21213e-13
Iteration: 3
  Device: "BenchmarkDiode"	RelError: 7.69559e-15	AbsError: 4.88643e+01
    Region: "SiRegion"	RelError: 7.69559e-15	AbsError: 4.88643e+01
      Equation: "ElectronContinuityEquation"	RelError: 2.81325e-15	AbsError: 2.56615e+01
      Equation: "HoleContinuityEquation"	RelError: 3.89773e-15	AbsError: 2.32027e+01
      Equation: "PotentialEquation"	RelError: 9.84619e-16	AbsError: 4.72660e-17
number of equations 5085
Iteration: 0
  Device: "BenchmarkDiode"	RelError: 3.84030e-02	AbsError: 3.38650e+11
    Region: "SiRegion"	RelError: 3.84030e-02	AbsError: 3.38650e+11
      Equation: "ElectronContinuityEquation"	RelError: 7.48346e-03	AbsError: 1.67745e+11
      Equation: "HoleContinuityEquation"	RelError: 7.48306e-03	AbsError: 1.70905e+11
      Equation: "PotentialEquation"	RelError: 2.34365e-02	AbsError: 1.95313e-04
Iteration: 1
  Device: "BenchmarkDiode"	RelError: 5.66013e-05	AbsError: 5.64459e+08
    Region: "SiRegion"	RelError: 5.66013e-05	AbsError: 5.64459e+08
      Equation: "ElectronContinuityEquation"	RelError: 2.82754e-05	AbsError: 2.82719e+08
      Equation: "HoleContinuityEquation"	RelError: 2.82720e-05	AbsError: 2.81741e+08
      Equation: "PotentialEquation"	RelError: 5.39236e-08	AbsError: 1.01087e-08
Iteration: 2
  Device: "BenchmarkDiode"	RelError: 1.09187e-11	AbsError: 1.96385e+02
    Region: "SiRegion"	RelError: 1.09187e-11	AbsError: 1.96385e+02
      Equation: "ElectronContinuityEquation"	RelError: 5.39703e-12	AbsError: 9.81215e+01
      Equation: "HoleContinuityEquation"	RelError: 5.48259e-12	AbsError: 9.82640e+01
      Equation: "PotentialEquation"	RelError: 3.90908e-14	AbsError: 7.51216e-15
number of equations 5085
Iteration: 0
  Device: "BenchmarkDiode"	RelError: 1.90939e-02	AbsError: 1.69501e+11
    Region: "SiRegion"	RelError: 1.90939e-02	AbsError: 1.69501e+11
      Equation: "ElectronContinuityEquation"	RelError: 3.75577e-03	AbsError: 8.39602e+10
      Equation: "HoleContinuityEquation"	RelError: 3.75558e-03	AbsError: 8.55408e+10
      Equation: "PotentialEquation"	RelError: 1.15825e-02	AbsError: 9.76563e-05
Iteration: 1
  Device: "BenchmarkDiode"	RelError: 1.41859e-05	AbsError: 1.41632e+08
    Region: "SiRegion"	RelError: 1.41859e-05	AbsError: 1.41632e+08
      Equation: "ElectronContinuityEquation"	RelError: 7.08659e-06	AbsError: 7.09383e+07
      Equation: "HoleContinuityEquation"	RelError: 7.08574e-06	AbsError: 7.06936e+07
      Equation: "PotentialEquation"	RelError: 1.35649e-08	AbsError: 2.54390e-09
Iteration: 2
  Device: "BenchmarkDiode"	RelError: 6.86492e-13	AbsError: 7.87824e+01
    Region: "SiRegion"	RelError: 6.86492e-13	AbsError: 7.87824e+01
      Equation: "ElectronContinuityEquation"	RelError: 3.37752e-13	AbsError: 4.39956e+01
      Equation: "HoleContinuityEquation"	RelError: 3.44320e-13	AbsError: 3.47869e+01
      Equation: "PotentialEquation"	RelError: 4.42100e-15	AbsError: 5.27478e-16
number of equations 5085
Iteration: 0
  Device: "BenchmarkDiode"	RelError: 9.52066e-03	AbsError: 8.47948e+10
    Region: "SiRegion"	RelError: 9.52066e-03	AbsError: 8.47948e+10
      Equation: "ElectronContinuityEquation"	RelError: 1.88142e-03	AbsError: 4.20022e+10
      Equation: "HoleContinuityEquation"	RelError: 1.88132e-03	AbsError: 4.27926e+10
      Equation: "PotentialEquation"	RelError: 5.75792e-03	AbsError: 4.88281e-05
Iteration: 1
  Device: "BenchmarkDiode"	RelError: 3.55093e-06	AbsError: 3.54728e+07
    Region: "SiRegion"	RelError: 3.55093e-06	AbsError: 3.54728e+07
      Equation: "ElectronContinuityEquation"	RelError: 1.77387e-06	AbsError: 1.77670e+07
      Equation: "HoleContinuityEquation"	RelError: 1.77366e-06	AbsError: 1.77058e+07
      Equation: "PotentialEquation"	RelError: 3.40173e-09	AbsError: 6.38070e-10
Iteration: 2
  Device: "BenchmarkDiode"	RelError: 4.27763e-14	AbsError: 6.22145e+01
    Region: "SiRegion"	RelError: 4.27763e-14	AbsError: 6.22145e+01
      Equation: "ElectronContinuityEquation"	RelError: 1.96008e-14	AbsError: 3.58126e+01
      Equation: "HoleContinuityEquation"	RelError: 1.95605e-14	AbsError: 2.64019e+01
      Equation: "PotentialEquation"	RelError: 3.61503e-15	AbsError: 1.13037e-16
number of equations 5085
Iteration: 0
  Device: "BenchmarkDiode"	RelError: 8.15332e-15	AbsError: 3.75404e+01
    Region: "SiRegion"	RelError: 8.15332e-15	AbsError: 3.75404e+01
      Equation: "ElectronContinuityEquation"	RelError: 4.22158e-15	AbsError: 1.79365e+01
      Equation: "HoleContinuityEquation"	RelError: 2.36062e-15	AbsError: 1.96039e+01
      Equation: "PotentialEquation"	RelError: 1.57112e-15	AbsError: 4.31856e-17
number of equations 5085
Iteration: 0
  Device: "BenchmarkDiode"	RelError: 8.29284e-15	AbsError: 3.48422e+01
    Region: "SiRegion"	RelError: 8.29284e-15	AbsError: 3.48422e+01
      Equation: "ElectronContinuityEquation"	RelError: 4.86794e-15	AbsError: 1.58784e+01
      Equation: "HoleContinuityEquation"	RelError: 2.46586e-15	AbsError: 1.89639e+01
      Equation: "PotentialEquation"	RelError: 9.59044e-16	AbsError: 3.90644e-17
number of equations 5085
Iteration: 0
  Device: "BenchmarkDiode"	RelError: 4.96454e-15	AbsError: 3.65197e+01
    Region: "SiRegion"	RelError: 4.96454e-15	AbsError: 3.65197e+01
      Equation: "ElectronContinuityEquation"	RelError: 2.46227e-15	AbsError: 1.61418e+01
      Equation: "HoleContinuityEquation"	RelError: 1.71375e-15	AbsError: 2.03779e+01
      Equation: "PotentialEquation"	RelError: 7.88518e-16	AbsError: 3.75342e-17
Charge Relative Error 6.47171e-09
number of equations 5085
Iteration: 0
  Device: "BenchmarkDiode"	RelError: 6.76195e-15	AbsError: 3.50911e+01
    Region: "SiRegion"	RelError: 6.76195e-15	AbsError: 3.50911e+01
      Equation: "ElectronContinuityEquation"	RelError: 1.37306e-15	AbsError: 1.82672e+01
      Equation: "HoleContinuityEquation"	RelError: 4.86940e-15	AbsError: 1.68239e+01
      Equation: "PotentialEquation"	RelError: 5.19493e-16	AbsError: 4.76688e-17
Charge Relative Error 6.47171e-09
number of equations 5085
Iteration: 0
  Device: "BenchmarkDiode"	RelError: 8.12360e-15	AbsError: 4.17581e+01
    Region: "SiRegion"	RelError: 8.12360e-15	AbsError: 4.17581e+01
      Equation: "ElectronContinuityEquation"	RelError: 5.63008e-15	AbsError: 1.65511e+01
      Equation: "HoleContinuityEquation"	RelError: 1.91957e-15	AbsError: 2.52070e+01
      Equation: "PotentialEquation"	RelError: 5.73960e-16	AbsError: 6.76813e-17
Charge Relative Error 6.47171e-09
number of equations 5085
Iteration: 0
  Device: "BenchmarkDiode"	RelError: 1.15803e-14	AbsError: 3.22769e+01
    Region: "SiRegion"	RelError: 1.15803e-14	AbsError: 3.22769e+01
      Equation: "ElectronContinuityEquation"	RelError: 5.97901e-15	AbsError: 1.21824e+01
      Equation: "HoleContinuityEquation"	RelError: 4.09934e-15	AbsError: 2.00945e+01
      Equation: "PotentialEquation"	RelError: 1.50193e-15	AbsError: 6.86536e-17
Charge Relative Error 6.47171e-09
number of equations 5085
Iteration: 0
  Device: "BenchmarkDiode"	RelError: 8.91325e-15	AbsError: 3.30441e+01
    Region: "SiRegion"	RelError: 8.91325e-15	AbsError: 3.30441e+01
      Equation: "ElectronContinuityEquation"	RelError: 3.97096e-15	AbsError: 1.62530e+01
      Equation: "HoleContinuityEquation"	RelError: 4.00675e-15	AbsError: 1.67911e+01
      Equation: "PotentialEquation"	RelError: 9.35540e-16	AbsError: 6.18159e-17
Charge Relative Error 6.47171e-09
number of equations 5085
Iteration: 0
  Device: "BenchmarkDiode"	RelError: 9.54793e-15	AbsError: 4.44407e+01
    Region: "SiRegion"	RelError: 9.54793e-15	AbsError: 4.44407e+01
      Equation: "ElectronContinuityEquation"	RelError: 4.03318e-15	AbsError: 1.92707e+01
      Equation: "HoleContinuityEquation"	RelError: 4.28007e-15	AbsError: 2.51700e+01
      Equation: "PotentialEquation"	RelError: 1.23469e-15	AbsError: 5.30903e-17
Charge Relative Error 6.47171e-09
number of equations 5085
Iteration: 0
  Device: "BenchmarkDiode"	RelError: 5.32124e-15	AbsError: 3.64030e+01
    Region: "SiRegion"	RelError: 5.32124e-15	AbsError: 3.64030e+01
      Equation: "ElectronContinuityEquation"	RelError: 2.65420e-15	AbsError: 1.64241e+01
      Equation: "HoleContinuityEquation"	RelError: 1.63593e-15	AbsError: 1.99789e+01
      Equation: "PotentialEquation"	RelError: 1.03111e-15	AbsError: 3.56029e-17
Charge Relative Error 6.47171e-09
number of equations 5085
Iteration: 0
  Device: "BenchmarkDiode"	RelError: 4.71160e-15	AbsError: 3.04596e+01
    Region: "SiRegion"	RelError: 4.71160e-15	AbsError: 3.04596e+01
      Equation: "ElectronContinuityEquation"	RelError: 2.86284e-15	AbsError: 1.36357e+01
      Equation: "HoleContinuityEquation"	RelError: 1.32651e-15	AbsError: 1.68239e+01
      Equation: "PotentialEquation"	RelError: 5.22239e-16	AbsError: 3.61716e-17
Charge Relative Error 6.47171e-09
number of equations 5085
Iteration: 0
  Device: "BenchmarkDiode"	RelError: 4.20906e-15	AbsError: 4.15799e+01
    Region: "SiRegion"	RelError: 4.20906e-15	AbsError: 4.15799e+01
      Equation: "ElectronContinuityEquation"	RelError: 1.46954e-15	AbsError: 1.63729e+01
      Equation: "HoleContinuityEquation"	RelError: 1.79386e-15	AbsError: 2.52070e+01
      Equation: "PotentialEquation"	RelError: 9.45664e-16	AbsError: 4.29983e-17
Charge Relative Error 6.47171e-09
number of equations 5085
Iteration: 0
  Device: "BenchmarkDiode"	RelError: 4.85576e-15	AbsError: 3.33547e+01
    Region: "SiRegion"	RelError: 4.85576e-15	AbsError: 3.33547e+01
      Equation: "ElectronContinuityEquation"	RelError: 1.34282e-15	AbsError: 1.32595e+01
      Equation: "HoleContinuityEquation"	RelError: 1.39905e-15	AbsError: 2.00952e+01
      Equation: "PotentialEquation"	RelError: 2.11389e-15	AbsError: 4.16616e-17
Charge Relative Error 6.47171e-09
number of equations 5085
Iteration: 0
  Device: "BenchmarkDiode"	RelError: 2.27451e+03	AbsError: 2.53439e+15
    Region: "SiRegion"	RelError: 2.27451e+03	AbsError: 2.53439e+15
      Equation: "ElectronContinuityEquation"	RelError: 9.99000e+02	AbsError: 1.21779e+15
      Equation: "HoleContinuityEquation"	RelError: 9.99000e+02	AbsError: 1.31659e+15
      Equation: "PotentialEquation"	RelError: 2.76513e+02	AbsError: 1.04279e-01
Iteration: 1
  Device: "BenchmarkDiode"	RelError: 2.08568e+03	AbsError: 3.22479e+15
    Region: "SiRegion"	RelError: 2.08568e+03	AbsError: 3.22479e+15
      Equation: "ElectronContinuityEquation"	RelError: 2.18302e+00	AbsError: 1.75282e+15
      Equation: "HoleContinuityEquation"	RelError: 9.99000e+02	AbsError: 1.47197e+15
      Equation: "PotentialEquation"	RelError: 1.08450e+03	AbsError: 1.02348e-01
Iteration: 2
  Device: "BenchmarkDiode"	RelError: 2.99019e+03	AbsError: 9.11483e+14
    Region: "SiRegion"	RelError: 2.99019e+03	AbsError: 9.11483e+14
      Equation: "ElectronContinuityEquation"	RelError: 9.99000e+02	AbsError: 2.16634e+14
      Equation: "HoleContinuityEquation"	RelError: 9.99000e+02	AbsError: 6.94849e+14
      Equation: "PotentialEquation"	RelError: 9.92190e+02	AbsError: 1.00302e-01
Iteration: 3
  Device: "BenchmarkDiode"	RelError: 2.16754e+03	AbsError: 8.89814e+14
    Region: "SiRegion"	RelError: 2.16754e+03	AbsError: 8.89814e+14
      Equation: "ElectronContinuityEquation"	RelError: 9.99000e+02	AbsError: 2.09692e+14
      Equation: "HoleContinuityEquation"	RelError: 9.99000e+02	AbsError: 6.80122e+14
      Equation: "PotentialEquation"	RelError: 1.69537e+02	AbsError: 9.81263e-02
Iteration: 4
  Device: "BenchmarkDiode"	RelError: 2.06159e+03	AbsError: 4.97161e+14
    Region: "SiRegion"	RelError: 2.06159e+03	AbsError: 4.97161e+14
      Equation: "ElectronContinuityEquation"	RelError: 9.99000e+02	AbsError: 1.84512e+14
      Equation: "HoleContinuityEquation"	RelError: 9.99000e+02	AbsError: 3.12649e+14
      Equation: "PotentialEquation"	RelError: 6.35915e+01	AbsError: 9.58051e-02
Iteration: 5
  Device: "BenchmarkDiode"	RelError: 1.34080e+03	AbsError: 3.80282e+14
    Region: "SiRegion"	RelError: 1.34080e+03	AbsError: 3.80282e+14
      Equation: "ElectronContinuityEquation"	RelError: 1.81165e+00	AbsError: 2.95233e+13
      Equation: "HoleContinuityEquation"	RelError: 9.99000e+02	AbsError: 3.50758e+14
      Equation: "PotentialEquation"	RelError: 3.39986e+02	AbsError: 9.33185e-02
Iteration: 6
  Device: "BenchmarkDiode"	RelError: 2.00668e+03	AbsError: 2.78359e+14
    Region: "SiRegion"	RelError: 2.00668e+03	AbsError: 2.78359e+14
      Equation: "ElectronContinuityEquation"	RelError: 9.99000e+02	AbsError: 6.96238e+13
      Equation: "HoleContinuityEquation"	RelError: 9.99000e+02	AbsError: 2.08735e+14
      Equation: "PotentialEquation"	RelError: 8.68387e+00	AbsError: 9.06429e-02
Iteration: 7
  Device: "BenchmarkDiode"	RelError: 1.00441e+03	AbsError: 1.73823e+14
    Region: "SiRegion"	RelError: 1.00441e+03	AbsError: 1.73823e+14
      Equation: "ElectronContinuityEquation"	RelError: 9.98762e-01	AbsError: 5.12872e+13
      Equation: "HoleContinuityEquation"	RelError: 9.99000e+02	AbsError: 1.22536e+14
      Equation: "PotentialEquation"	RelError: 4.41315e+00	AbsError: 8.77491e-02
Iteration: 8
  Device: "BenchmarkDiode"	RelError: 1.99889e+03	AbsError: 1.34633e+14
    Region: "SiRegion"	RelError: 1.99889e+03	AbsError: 1.34633e+14
      Equation: "ElectronContinuityEquation"	RelError: 9.99000e+02	AbsError: 9.11516e+12
      Equation: "HoleContinuityEquation"	RelError: 9.99000e+02	AbsError: 1.25518e+14
      Equation: "PotentialEquation"	RelError: 8.90149e-01	AbsError: 8.46016e-02
Iteration: 9
  Device: "BenchmarkDiode"	RelError: 1.00634e+03	AbsError: 1.03138e+14
    Region: "SiRegion"	RelError: 1.00634e+03	AbsError: 1.03138e+14
      Equation: "ElectronContinuityEquation"	RelError: 9.98856e-01	AbsError: 1.80219e+13
      Equation: "HoleContinuityEquation"	RelError: 9.99000e+02	AbsError: 8.51160e+13
      Equation: "PotentialEquation"	RelError: 6.33952e+00	AbsError: 8.11554e-02
Iteration: 10
  Device: "BenchmarkDiode"	RelError: 3.41186e+03	AbsError: 5.56346e+13
    Region: "SiRegion"	RelError: 3.41186e+03	AbsError: 5.56346e+13
      Equation: "ElectronContinuityEquation"	RelError: 3.39251e+03	AbsError: 1.36054e+13
      Equation: "HoleContinuityEquation"	RelError: 1.84340e+01	AbsError: 4.20292e+13
      Equation: "PotentialEquation"	RelError: 9.17265e-01	AbsError: 7.73537e-02
Iteration: 11
  Device: "BenchmarkDiode"	RelError: 1.00007e+03	AbsError: 2.52355e+13
    Region: "SiRegion"	RelError: 1.00007e+03	AbsError: 2.52355e+13
      Equation: "ElectronContinuityEquation"	RelError: 9.99676e-01	AbsError: 1.11052e+12
      Equation: "HoleContinuityEquation"	RelError: 9.99000e+02	AbsError: 2.41250e+13
      Equation: "PotentialEquation"	RelError: 7.50015e-02	AbsError: 7.31232e-02
Iteration: 12
  Device: "BenchmarkDiode"	RelError: 2.02001e+03	AbsError: 1.53644e+13
    Region: "SiRegion"	RelError: 2.02001e+03	AbsError: 1.53644e+13
      Equation: "ElectronContinuityEquation"	RelError: 1.02095e+03	AbsError: 1.10857e+11
      Equation: "HoleContinuityEquation"	RelError: 9.99000e+02	AbsError: 1.52535e+13
      Equation: "PotentialEquation"	RelError: 6.47936e-02	AbsError: 6.83679e-02
Iteration: 13
  Device: "BenchmarkDiode"	RelError: 4.44058e+00	AbsError: 1.03133e+13
    Region: "SiRegion"	RelError: 4.44058e+00	AbsError: 1.03133e+13
      Equation: "ElectronContinuityEquation"	RelError: 9.98857e-01	AbsError: 1.02099e+12
      Equation: "HoleContinuityEquation"	RelError: 3.37275e+00	AbsError: 9.29235e+12
      Equation: "PotentialEquation"	RelError: 6.89697e-02	AbsError: 6.29604e-02
Iteration: 14
  Device: "BenchmarkDiode"	RelError: 2.00237e+03	AbsError: 5.26408e+12
    Region: "SiRegion"	RelError: 2.00237e+03	AbsError: 5.26408e+12
      Equation: "ElectronContinuityEquation"	RelError: 9.99000e+02	AbsError: 8.28131e+11
      Equation: "HoleContinuityEquation"	RelError: 1.00332e+03	AbsError: 4.43595e+12
      Equation: "PotentialEquation"	RelError: 5.29839e-02	AbsError: 5.67298e-02
Iteration: 15
  Device: "BenchmarkDiode"	RelError: 2.03683e+00	AbsError: 2.60209e+12
    Region: "SiRegion"	RelError: 2.03683e+00	AbsError: 2.60209e+12
      Equation: "ElectronContinuityEquation"	RelError: 9.98761e-01	AbsError: 5.39846e+11
      Equation: "HoleContinuityEquation"	RelError: 9.98834e-01	AbsError: 2.06225e+12
      Equation: "PotentialEquation"	RelError: 3.92332e-02	AbsError: 4.94491e-02
Iteration: 16
  Device: "BenchmarkDiode"	RelError: 6.35145e+00	AbsError: 8.47912e+11
    Region: "SiRegion"	RelError: 6.35145e+00	AbsError: 8.47912e+11
      Equation: "ElectronContinuityEquation"	RelError: 5.53021e+00	AbsError: 1.82523e+11
      Equation: "HoleContinuityEquation"	RelError: 7.90178e-01	AbsError: 6.65389e+11
      Equation: "PotentialEquation"	RelError: 3.10625e-02	AbsError: 4.08350e-02
Iteration: 17
  Device: "BenchmarkDiode"	RelError: 9.66071e-01	AbsError: 2.21798e+11
    Region: "SiRegion"	RelError: 9.66071e-01	AbsError: 2.21798e+11
      Equation: "ElectronContinuityEquation"	RelError: 7.52155e-01	AbsError: 3.20160e+10
      Equation: "HoleContinuityEquation"	RelError: 1.91407e-01	AbsError: 1.89782e+11
      Equation: "PotentialEquation"	RelError: 2.25092e-02	AbsError: 3.06228e-02
Iteration: 18
  Device: "BenchmarkDiode"	RelError: 4.19633e-01	AbsError: 6.10229e+10
    Region: "SiRegion"	RelError: 4.19633e-01	AbsError: 6.10229e+10
      Equation: "ElectronContinuityEquation"	RelError: 3.35756e-01	AbsError: 8.22910e+08
      Equation: "HoleContinuityEquation"	RelError: 6.46400e-02	AbsError: 6.02000e+10
      Equation: "PotentialEquation"	RelError: 1.92366e-02	AbsError: 2.58795e-02
Iteration: 19
  Device: "BenchmarkDiode"	RelError: 7.82981e-02	AbsError: 3.61573e+12
    Region: "SiRegion"	RelError: 7.82981e-02	AbsError: 3.61573e+12
      Equation: "ElectronContinuityEquation"	RelError: 7.03519e-02	AbsError: 2.97697e+10
      Equation: "HoleContinuityEquation"	RelError: 1.59639e-03	AbsError: 3.58596e+12
      Equation: "PotentialEquation"	RelError: 6.34985e-03	AbsError: 8.99934e-03
Iteration: 20
  Device: "BenchmarkDiode"	RelError: 2.09634e-02	AbsError: 3.62280e+12
    Region: "SiRegion"	RelError: 2.09634e-02	AbsError: 3.62280e+12
      Equation: "ElectronContinuityEquation"	RelError: 1.84475e-02	AbsError: 2.95370e+10
      Equation: "HoleContinuityEquation"	RelError: 5.77525e-04	AbsError: 3.59326e+12
      Equation: "PotentialEquation"	RelError: 1.93836e-03	AbsError: 7.54486e-06
Iteration: 21
  Device: "BenchmarkDiode"	RelError: 1.61744e-06	AbsError: 1.08561e+08
    Region: "SiRegion"	RelError: 1.61744e-06	AbsError: 1.08561e+08
      Equation: "ElectronContinuityEquation"	RelError: 1.51200e-06	AbsError: 1.07422e+06
      Equation: "HoleContinuityEquation"	RelError: 3.82466e-08	AbsError: 1.07487e+08
      Equation: "PotentialEquation"	RelError: 6.72030e-08	AbsError: 2.56123e-10
Iteration: 22
  Device: "BenchmarkDiode"	RelError: 2.34712e-14	AbsError: 6.40585e+01
    Region: "SiRegion"	RelError: 2.34712e-14	AbsError: 6.40585e+01
      Equation: "ElectronContinuityEquation"	RelError: 1.52001e-15	AbsError: 3.29568e+01
      Equation: "HoleContinuityEquation"	RelError: 1.29388e-15	AbsError: 3.11017e+01
      Equation: "PotentialEquation"	RelError: 2.06573e-14	AbsError: 1.21885e-16
Charge Relative Error 9.99013e-01
number of equations 5085
Iteration: 0
  Device: "BenchmarkDiode"	RelError: 1.83206e+03	AbsError: 1.07371e+13
    Region: "SiRegion"	RelError: 1.83206e+03	AbsError: 1.07371e+13
      Equation: "ElectronContinuityEquation"	RelError: 1.07063e+03	AbsError: 2.71776e+12
      Equation: "HoleContinuityEquation"	RelError: 7.61384e+02	AbsError: 8.01931e+12
      Equation: "PotentialEquation"	RelError: 3.87093e-02	AbsError: 2.09533e-04
Iteration: 1
  Device: "BenchmarkDiode"	RelError: 2.25146e+00	AbsError: 2.42797e+09
    Region: "SiRegion"	RelError: 2.25146e+00	AbsError: 2.42797e+09
      Equation: "ElectronContinuityEquation"	RelError: 1.99017e+00	AbsError: 2.09950e+08
      Equation: "HoleContinuityEquation"	RelError: 2.61267e-01	AbsError: 2.21802e+09
      Equation: "PotentialEquation"	RelError: 1.65022e-05	AbsError: 3.89422e-08
Iteration: 2
  Device: "BenchmarkDiode"	RelError: 7.34141e-07	AbsError: 3.04428e+02
    Region: "SiRegion"	RelError: 7.34141e-07	AbsError: 3.04428e+02
      Equation: "ElectronContinuityEquation"	RelError: 7.26882e-07	AbsError: 3.43923e+01
      Equation: "HoleContinuityEquation"	RelError: 7.25822e-09	AbsError: 2.70035e+02
      Equation: "PotentialEquation"	RelError: 7.69616e-13	AbsError: 3.17755e-15
Iteration: 3
  Device: "BenchmarkDiode"	RelError: 6.35565e-15	AbsError: 3.92876e+01
    Region: "SiRegion"	RelError: 6.35565e-15	AbsError: 3.92876e+01
      Equation: "ElectronContinuityEquation"	RelError: 2.65647e-15	AbsError: 1.97691e+01
      Equation: "HoleContinuityEquation"	RelError: 1.98527e-15	AbsError: 1.95185e+01
      Equation: "PotentialEquation"	RelError: 1.71391e-15	AbsError: 1.27129e-16
Charge Relative Error 1.00000e+00
number of equations 5085
Iteration: 0
  Device: "BenchmarkDiode"	RelError: 1.68097e+03	AbsError: 3.16287e+10
    Region: "SiRegion"	RelError: 1.68097e+03	AbsError: 3.16287e+10
      Equation: "ElectronContinuityEquation"	RelError: 1.07836e+03	AbsError: 1.88557e+09
      Equation: "HoleContinuityEquation"	RelError: 6.02607e+02	AbsError: 2.97431e+10
      Equation: "PotentialEquation"	RelError: 1.45181e-04	AbsError: 8.95022e-07
Iteration: 1
  Device: "BenchmarkDiode"	RelError: 6.74120e-03	AbsError: 4.16853e+04
    Region: "SiRegion"	RelError: 6.74120e-03	AbsError: 4.16853e+04
      Equation: "ElectronContinuityEquation"	RelError: 6.09593e-03	AbsError: 8.78690e+03
      Equation: "HoleContinuityEquation"	RelError: 6.45266e-04	AbsError: 3.28984e+04
      Equation: "PotentialEquation"	RelError: 4.94323e-10	AbsError: 7.17137e-13
Iteration: 2
  Device: "BenchmarkDiode"	RelError: 2.38983e-14	AbsError: 5.73923e+01
    Region: "SiRegion"	RelError: 2.38983e-14	AbsError: 5.73923e+01
      Equation: "ElectronContinuityEquation"	RelError: 1.98377e-14	AbsError: 2.54270e+01
      Equation: "HoleContinuityEquation"	RelError: 2.07855e-15	AbsError: 3.19653e+01
      Equation: "PotentialEquation"	RelError: 1.98208e-15	AbsError: 1.21856e-16
Charge Relative Error 1.00000e+00
number of equations 5085
Iteration: 0
  Device: "BenchmarkDiode"	RelError: 5.16973e+01	AbsError: 1.25846e+08
    Region: "SiRegion"	RelError: 5.16973e+01	AbsError: 1.25846e+08
      Equation: "ElectronContinuityEquation"	RelError: 8.35721e+00	AbsError: 7.88724e+06
      Equation: "HoleContinuityEquation"	RelError: 4.33401e+01	AbsError: 1.17959e+08
      Equation: "PotentialEquation"	RelError: 1.03416e-06	AbsError: 3.67286e-09
Iteration: 1
  Device: "BenchmarkDiode"	RelError: 3.76875e-07	AbsError: 5.49240e+01
    Region: "SiRegion"	RelError: 3.76875e-07	AbsError: 5.49240e+01
      Equation: "ElectronContinuityEquation"	RelError: 2.14301e-07	AbsError: 2.50845e+01
      Equation: "HoleContinuityEquation"	RelError: 1.62574e-07	AbsError: 2.98396e+01
      Equation: "PotentialEquation"	RelError: 2.37044e-14	AbsError: 1.51928e-16
Iteration: 2
  Device: "BenchmarkDiode"	RelError: 1.24977e-14	AbsError: 4.66444e+01
    Region: "SiRegion"	RelError: 1.24977e-14	AbsError: 4.66444e+01
      Equation: "ElectronContinuityEquation"	RelError: 1.54600e-15	AbsError: 3.35219e+01
      Equation: "HoleContinuityEquation"	RelError: 2.00516e-15	AbsError: 1.31225e+01
      Equation: "PotentialEquation"	RelError: 8.94655e-15	AbsError: 1.18400e-16
Charge Relative Error 9.99895e-01
number of equations 5085
Iteration: 0
  Device: "BenchmarkDiode"	RelError: 3.10682e-01	AbsError: 4.90960e+05
    Region: "SiRegion"	RelError: 3.10682e-01	AbsError: 4.90960e+05
      Equation: "ElectronContinuityEquation"	RelError: 1.97253e-02	AbsError: 4.98250e+04
      Equation: "HoleContinuityEquation"	RelError: 2.90957e-01	AbsError: 4.41135e+05
      Equation: "PotentialEquation"	RelError: 4.40535e-09	AbsError: 1.33451e-11
Iteration: 1
  Device: "BenchmarkDiode"	RelError: 6.01518e-12	AbsError: 7.63908e+01
    Region: "SiRegion"	RelError: 6.01518e-12	AbsError: 7.63908e+01
      Equation: "ElectronContinuityEquation"	RelError: 2.74762e-12	AbsError: 3.91620e+01
      Equation: "HoleContinuityEquation"	RelError: 3.25840e-12	AbsError: 3.72288e+01
      Equation: "PotentialEquation"	RelError: 9.15812e-15	AbsError: 1.45554e-16
Charge Relative Error 9.55579e-01
number of equations 5085
Iteration: 0
  Device: "BenchmarkDiode"	RelError: 2.72918e-03	AbsError: 1.70914e+03
    Region: "SiRegion"	RelError: 2.72918e-03	AbsError: 1.70914e+03
      Equation: "ElectronContinuityEquation"	RelError: 8.74587e-05	AbsError: 1.98112e+02
      Equation: "HoleContinuityEquation"	RelError: 2.64172e-03	AbsError: 1.51103e+03
      Equation: "PotentialEquation"	RelError: 1.53782e-11	AbsError: 4.39084e-14
Iteration: 1
  Device: "BenchmarkDiode"	RelError: 1.00671e-14	AbsError: 6.18579e+01
    Region: "SiRegion"	RelError: 1.00671e-14	AbsError: 6.18579e+01
      Equation: "ElectronContinuityEquation"	RelError: 1.57678e-15	AbsError: 2.49668e+01
      Equation: "HoleContinuityEquation"	RelError: 1.77477e-15	AbsError: 3.68912e+01
      Equation: "PotentialEquation"	RelError: 6.71554e-15	AbsError: 1.17979e-16
Charge Relative Error 1.39497e-02
number of equations 5085
Iteration: 0
  Device: "BenchmarkDiode"	RelError: 2.54717e-05	AbsError: 5.01630e+01
    Region: "SiRegion"	RelError: 2.54717e-05	AbsError: 5.01630e+01
      Equation: "ElectronContinuityEquation"	RelError: 4.15693e-07	AbsError: 2.72643e+01
      Equation: "HoleContinuityEquation"	RelError: 2.50560e-05	AbsError: 2.28986e+01
      Equation: "PotentialEquation"	RelError: 3.58601e-14	AbsError: 2.22994e-16
Iteration: 1
  Device: "BenchmarkDiode"	RelError: 1.08305e-14	AbsError: 3.97118e+01
    Region: "SiRegion"	RelError: 1.08305e-14	AbsError: 3.97118e+01
      Equation: "ElectronContinuityEquation"	RelError: 1.54112e-15	AbsError: 2.49708e+01
      Equation: "HoleContinuityEquation"	RelError: 1.99757e-15	AbsError: 1.47411e+01
      Equation: "PotentialEquation"	RelError: 7.29177e-15	AbsError: 1.19116e-16
Charge Relative Error 3.78338e-05
number of equations 5085
Iteration: 0
  Device: "BenchmarkDiode"	RelError: 2.40894e-07	AbsError: 2.79347e+01
    Region: "SiRegion"	RelError: 2.40894e-07	AbsError: 2.79347e+01
      Equation: "ElectronContinuityEquation"	RelError: 1.99057e-09	AbsError: 1.99977e+01
      Equation: "HoleContinuityEquation"	RelError: 2.38903e-07	AbsError: 7.93703e+00
      Equation: "PotentialEquation"	RelError: 1.40359e-14	AbsError: 1.14681e-16
Iteration: 1
  Device: "BenchmarkDiode"	RelError: 2.14114e-14	AbsError: 2.18415e+01
    Region: "SiRegion"	RelError: 2.14114e-14	AbsError: 2.18415e+01
      Equation: "ElectronContinuityEquation"	RelError: 2.67759e-15	AbsError: 1.38902e+01
      Equation: "HoleContinuityEquation"	RelError: 3.93778e-15	AbsError: 7.95129e+00
      Equation: "PotentialEquation"	RelError: 1.47961e-14	AbsError: 1.14804e-16
Charge Relative Error 9.99157e-08
number of equations 5085
Iteration: 0
  Device: "BenchmarkDiode"	RelError: 2.28930e-09	AbsError: 2.79414e+01
    Region: "SiRegion"	RelError: 2.28930e-09	AbsError: 2.79414e+01
      Equation: "ElectronContinuityEquation"	RelError: 9.54325e-12	AbsError: 1.99630e+01
      Equation: "HoleContinuityEquation"	RelError: 2.27975e-09	AbsError: 7.97838e+00
      Equation: "PotentialEquation"	RelError: 1.18697e-14	AbsError: 1.11022e-16
Iteration: 1
  Device: "BenchmarkDiode"	RelError: 1.22013e-14	AbsError: 2.15925e+01
    Region: "SiRegion"	RelError: 1.22013e-14	AbsError: 2.15925e+01
      Equation: "ElectronContinuityEquation"	RelError: 2.16787e-15	AbsError: 1.36635e+01
      Equation: "HoleContinuityEquation"	RelError: 1.41739e-15	AbsError: 7.92901e+00
      Equation: "PotentialEquation"	RelError: 8.61608e-15	AbsError: 1.12665e-16
Charge Relative Error 1.14479e-08
number of equations 5085
Iteration: 0
  Device: "BenchmarkDiode"	RelError: 2.18169e-11	AbsError: 2.78860e+01
    Region: "SiRegion"	RelError: 2.18169e-11	AbsError: 2.78860e+01
      Equation: "ElectronContinuityEquation"	RelError: 4.60531e-14	AbsError: 1.99396e+01
      Equation: "HoleContinuityEquation"	RelError: 2.17588e-11	AbsError: 7.94638e+00
      Equation: "PotentialEquation"	RelError: 1.20505e-14	AbsError: 1.11797e-16
Charge Relative Error 1.14479e-08
number of equations 5085
Iteration: 0
  Device: "BenchmarkDiode"	RelError: 2.17255e-13	AbsError: 2.16363e+01
    Region: "SiRegion"	RelError: 2.17255e-13	AbsError: 2.16363e+01
      Equation: "ElectronContinuityEquation"	RelError: 1.81510e-15	AbsError: 1.36548e+01
      Equation: "HoleContinuityEquation"	RelError: 2.06095e-13	AbsError: 7.98149e+00
      Equation: "PotentialEquation"	RelError: 9.34443e-15	AbsError: 1.11022e-16
Charge Relative Error 1.14479e-08
number of equations 5085
Iteration: 0
  Device: "BenchmarkDiode"	RelError: 1.32306e-14	AbsError: 2.79261e+01
    Region: "SiRegion"	RelError: 1.32306e-14	AbsError: 2.79261e+01
      Equation: "ElectronContinuityEquation"	RelError: 1.92378e-15	AbsError: 1.99971e+01
      Equation: "HoleContinuityEquation"	RelError: 3.33575e-15	AbsError: 7.92901e+00
      Equation: "PotentialEquation"	RelError: 7.97109e-15	AbsError: 1.12986e-16
Charge Relative Error 1.14479e-08
number of equations 5085
Iteration: 0
  Device: "BenchmarkDiode"	RelError: 1.83365e-14	AbsError: 2.16391e+01
    Region: "SiRegion"	RelError: 1.83365e-14	AbsError: 2.16391e+01
      Equation: "ElectronContinuityEquation"	RelError: 3.50274e-15	AbsError: 1.37001e+01
      Equation: "HoleContinuityEquation"	RelError: 1.39133e-15	AbsError: 7.93897e+00
      Equation: "PotentialEquation"	RelError: 1.34425e-14	AbsError: 1.11749e-16
Charge Relative Error 1.14479e-08
number of equations 5085
Iteration: 0
  Device: "BenchmarkDiode"	RelError: 1.80343e-14	AbsError: 2.79541e+01
    Region: "SiRegion"	RelError: 1.80343e-14	AbsError: 2.79541e+01
      Equation: "ElectronContinuityEquation"	RelError: 3.29647e-15	AbsError: 1.99584e+01
      Equation: "HoleContinuityEquation"	RelError: 1.15385e-15	AbsError: 7.99568e+00
      Equation: "PotentialEquation"	RelError: 1.35840e-14	AbsError: 1.13076e-16
Charge Relative Error 1.14479e-08
number of equations 5085
Iteration: 0
  Device: "BenchmarkDiode"	RelError: 1.09497e-14	AbsError: 2.15867e+01
    Region: "SiRegion"	RelError: 1.09497e-14	AbsError: 2.15867e+01
      Equation: "ElectronContinuityEquation"	RelError: 1.68597e-15	AbsError: 1.36577e+01
      Equation: "HoleContinuityEquation"	RelError: 1.66685e-15	AbsError: 7.92901e+00
      Equation: "PotentialEquation"	RelError: 7.59686e-15	AbsError: 1.12920e-16
Charge Relative Error 1.14479e-08
number of equations 5085
Iteration: 0
  Device: "BenchmarkDiode"	RelError: 9.55563e-15	AbsError: 2.79632e+01
    Region: "SiRegion"	RelError: 9.55563e-15	AbsError: 2.79632e+01
      Equation: "ElectronContinuityEquation"	RelError: 1.78442e-15	AbsError: 2.00172e+01
      Equation: "HoleContinuityEquation"	RelError: 3.01771e-15	AbsError: 7.94607e+00
      Equation: "PotentialEquation"	RelError: 4.75349e-15	AbsError: 1.12238e-16
Charge Relative Error 1.14479e-08
number of equations 5085
Iteration: 0
  Device: "BenchmarkDiode"	RelError: 1.81247e-14	AbsError: 2.17108e+01
    Region: "SiRegion"	RelError: 1.81247e-14	AbsError: 2.17108e+01
      Equation: "ElectronContinuityEquation"	RelError: 1.90124e-15	AbsError: 1.37285e+01
      Equation: "HoleContinuityEquation"	RelError: 3.73083e-15	AbsError: 7.98229e+00
      Equation: "PotentialEquation"	RelError: 1.24927e-14	AbsError: 1.11771e-16
Charge Relative Error 1.14479e-08
number of equations 5085
Iteration: 0
  Device: "BenchmarkDiode"	RelError: 2.59314e-14	AbsError: 3.09058e+01
    Region: "SiRegion"	RelError: 2.59314e-14	AbsError: 3.09058e+01
      Equation: "ElectronContinuityEquation"	RelError: 1.75509e-15	AbsError: 2.29768e+01
      Equation: "HoleContinuityEquation"	RelError: 3.03868e-15	AbsError: 7.92901e+00
      Equation: "PotentialEquation"	RelError: 2.11376e-14	AbsError: 1.12748e-16
Charge Relative Error 1.14479e-08
number of equations 5085
Iteration: 0
  Device: "BenchmarkDiode"	RelError: 1.95963e-14	AbsError: 2.28838e+01
    Region: "SiRegion"	RelError: 1.95963e-14	AbsError: 2.28838e+01
      Equation: "ElectronContinuityEquation"	RelError: 1.67346e-15	AbsError: 1.49484e+01
      Equation: "HoleContinuityEquation"	RelError: 2.63508e-15	AbsError: 7.93540e+00
      Equation: "PotentialEquation"	RelError: 1.52878e-14	AbsError: 1.11022e-16
Charge Relative Error 1.14479e-08
number of equations 5085
Iteration: 0
  Device: "BenchmarkDiode"	RelError: 9.86790e-15	AbsError: 2.79659e+01
    Region: "SiRegion"	RelError: 9.86790e-15	AbsError: 2.79659e+01
      Equation: "ElectronContinuityEquation"	RelError: 1.26617e-15	AbsError: 2.00233e+01
      Equation: "HoleContinuityEquation"	RelError: 2.62382e-15	AbsError: 7.94262e+00
      Equation: "PotentialEquation"	RelError: 5.97791e-15	AbsError: 1.11355e-16
Charge Relative Error 1.14479e-08
number of equations 5085
Iteration: 0
  Device: "BenchmarkDiode"	RelError: 1.23786e-14	AbsError: 2.18145e+01
    Region: "SiRegion"	RelError: 1.23786e-14	AbsError: 2.18145e+01
      Equation: "ElectronContinuityEquation"	RelError: 1.61165e-15	AbsError: 1.38340e+01
      Equation: "HoleContinuityEquation"	RelError: 2.78976e-15	AbsError: 7.98047e+00
      Equation: "PotentialEquation"	RelError: 7.97721e-15	AbsError: 1.11590e-16
Charge Relative Error 1.14479e-08
recovery_ifixed_tau_1e-06_dt_5e-09_mesh_2e-07: Qrr=4.211e-09 C, Irrm=1.684e+00 A, Qstored=6.345e-09 C, elapsed=2.40s
p_i
i_n
bot
 (region: SiRegion)
 (contact: top)
 (contact: bot)
number of equations 1695
Iteration: 0
  Device: "BenchmarkDiode"	RelError: 1.00000e+00	AbsError: 1.63902e-01
    Region: "SiRegion"	RelError: 1.00000e+00	AbsError: 1.63902e-01
      Equation: "PotentialEquation"	RelError: 1.00000e+00	AbsError: 1.63902e-01
Iteration: 1
  Device: "BenchmarkDiode"	RelError: 4.97944e-01	AbsError: 1.62430e-01
    Region: "SiRegion"	RelError: 4.97944e-01	AbsError: 1.62430e-01
      Equation: "PotentialEquation"	RelError: 4.97944e-01	AbsError: 1.62430e-01
Iteration: 2
  Device: "BenchmarkDiode"	RelError: 2.39824e+01	AbsError: 1.03408e-01
    Region: "SiRegion"	RelError: 2.39824e+01	AbsError: 1.03408e-01
      Equation: "PotentialEquation"	RelError: 2.39824e+01	AbsError: 1.03408e-01
Iteration: 3
  Device: "BenchmarkDiode"	RelError: 1.53991e+01	AbsError: 5.73651e-02
    Region: "SiRegion"	RelError: 1.53991e+01	AbsError: 5.73651e-02
      Equation: "PotentialEquation"	RelError: 1.53991e+01	AbsError: 5.73651e-02
Iteration: 4
  Device: "BenchmarkDiode"	RelError: 5.98642e+00	AbsError: 5.01960e-02
    Region: "SiRegion"	RelError: 5.98642e+00	AbsError: 5.01960e-02
      Equation: "PotentialEquation"	RelError: 5.98642e+00	AbsError: 5.01960e-02
Iteration: 5
  Device: "BenchmarkDiode"	RelError: 2.30820e+00	AbsError: 4.17220e-02
    Region: "SiRegion"	RelError: 2.30820e+00	AbsError: 4.17220e-02
      Equation: "PotentialEquation"	RelError: 2.30820e+00	AbsError: 4.17220e-02
Iteration: 6
  Device: "BenchmarkDiode"	RelError: 1.27440e+00	AbsError: 3.16681e-02
    Region: "SiRegion"	RelError: 1.27440e+00	AbsError: 3.16681e-02
      Equation: "PotentialEquation"	RelError: 1.27440e+00	AbsError: 3.16681e-02
Iteration: 7
  Device: "BenchmarkDiode"	RelError: 3.45009e-01	AbsError: 2.38740e-02
    Region: "SiRegion"	RelError: 3.45009e-01	AbsError: 2.38740e-02
      Equation: "PotentialEquation"	RelError: 3.45009e-01	AbsError: 2.38740e-02
Iteration: 8
  Device: "BenchmarkDiode"	RelError: 2.46584e-02	AbsError: 1.02888e-02
    Region: "SiRegion"	RelError: 2.46584e-02	AbsError: 1.02888e-02
      Equation: "PotentialEquation"	RelError: 2.46584e-02	AbsError: 1.02888e-02
Iteration: 9
  Device: "BenchmarkDiode"	RelError: 1.38055e-05	AbsError: 5.76038e-06
    Region: "SiRegion"	RelError: 1.38055e-05	AbsError: 5.76038e-06
      Equation: "PotentialEquation"	RelError: 1.38055e-05	AbsError: 5.76038e-06
Iteration: 10
  Device: "BenchmarkDiode"	RelError: 1.83872e-10	AbsError: 7.67209e-11
    Region: "SiRegion"	RelError: 1.83872e-10	AbsError: 7.67209e-11
      Equation: "PotentialEquation"	RelError: 1.83872e-10	AbsError: 7.67209e-11
Iteration: 11
  Device: "BenchmarkDiode"	RelError: 4.22940e-15	AbsError: 3.95529e-17
    Region: "SiRegion"	RelError: 4.22940e-15	AbsError: 3.95529e-17
      Equation: "PotentialEquation"	RelError: 4.22940e-15	AbsError: 3.95529e-17
Warning: Replacing equation with equation of the same name.
Region: SiRegion, Equation: PotentialEquation, Variable: Potential
number of equations 5085
Iteration: 0
  Device: "BenchmarkDiode"	RelError: 1.81124e-13	AbsError: 1.00800e+03
    Region: "SiRegion"	RelError: 1.81124e-13	AbsError: 1.00800e+03
      Equation: "ElectronContinuityEquation"	RelError: 1.00400e-14	AbsError: 4.96000e+02
      Equation: "HoleContinuityEquation"	RelError: 7.70527e-15	AbsError: 5.12000e+02
      Equation: "PotentialEquation"	RelError: 1.63379e-13	AbsError: 1.33092e-16
number of equations 5085
Iteration: 0
  Device: "BenchmarkDiode"	RelError: 2.36675e-13	AbsError: 3.87972e+01
    Region: "SiRegion"	RelError: 2.36675e-13	AbsError: 3.87972e+01
      Equation: "ElectronContinuityEquation"	RelError: 2.12625e-15	AbsError: 2.11253e+01
      Equation: "HoleContinuityEquation"	RelError: 2.97243e-15	AbsError: 1.76718e+01
      Equation: "PotentialEquation"	RelError: 2.31577e-13	AbsError: 4.16863e-17
number of equations 5085
Iteration: 0
  Device: "BenchmarkDiode"	RelError: 7.03528e+01	AbsError: 1.65527e+14
    Region: "SiRegion"	RelError: 7.03528e+01	AbsError: 1.65527e+14
      Equation: "ElectronContinuityEquation"	RelError: 6.56267e-01	AbsError: 8.23446e+13
      Equation: "HoleContinuityEquation"	RelError: 6.56254e-01	AbsError: 8.31824e+13
      Equation: "PotentialEquation"	RelError: 6.90402e+01	AbsError: 2.78470e-02
Iteration: 1
  Device: "BenchmarkDiode"	RelError: 4.51430e+01	AbsError: 5.70563e+12
    Region: "SiRegion"	RelError: 4.51430e+01	AbsError: 5.70563e+12
      Equation: "ElectronContinuityEquation"	RelError: 4.46441e-01	AbsError: 2.89315e+12
      Equation: "HoleContinuityEquation"	RelError: 5.29451e-01	AbsError: 2.81249e+12
      Equation: "PotentialEquation"	RelError: 4.41671e+01	AbsError: 2.21530e-02
Iteration: 2
  Device: "BenchmarkDiode"	RelError: 3.52282e-01	AbsError: 7.91824e+10
    Region: "SiRegion"	RelError: 3.52282e-01	AbsError: 7.91824e+10
      Equation: "ElectronContinuityEquation"	RelError: 2.28717e-01	AbsError: 1.64536e+10
      Equation: "HoleContinuityEquation"	RelError: 9.46082e-02	AbsError: 6.27288e+10
      Equation: "PotentialEquation"	RelError: 2.89571e-02	AbsError: 7.18102e-06
Iteration: 3
  Device: "BenchmarkDiode"	RelError: 6.94390e-05	AbsError: 2.14898e+06
    Region: "SiRegion"	RelError: 6.94390e-05	AbsError: 2.14898e+06
      Equation: "ElectronContinuityEquation"	RelError: 4.74645e-05	AbsError: 3.42738e+05
      Equation: "HoleContinuityEquation"	RelError: 2.16003e-05	AbsError: 1.80624e+06
      Equation: "PotentialEquation"	RelError: 3.74170e-07	AbsError: 1.07455e-10
Iteration: 4
  Device: "BenchmarkDiode"	RelError: 2.57072e-13	AbsError: 6.19053e+01
    Region: "SiRegion"	RelError: 2.57072e-13	AbsError: 6.19053e+01
      Equation: "ElectronContinuityEquation"	RelError: 4.66947e-14	AbsError: 3.56983e+01
      Equation: "HoleContinuityEquation"	RelError: 3.97689e-14	AbsError: 2.62070e+01
      Equation: "PotentialEquation"	RelError: 1.70608e-13	AbsError: 6.97365e-17
number of equations 5085
Iteration: 0
  Device: "BenchmarkDiode"	RelError: 1.34666e+02	AbsError: 1.53996e+14
    Region: "SiRegion"	RelError: 1.34666e+02	AbsError: 1.53996e+14
      Equation: "ElectronContinuityEquation"	RelError: 6.58018e-01	AbsError: 7.65771e+13
      Equation: "HoleContinuityEquation"	RelError: 6.58016e-01	AbsError: 7.74190e+13
      Equation: "PotentialEquation"	RelError: 1.33350e+02	AbsError: 2.78470e-02
Iteration: 1
  Device: "BenchmarkDiode"	RelError: 4.73148e+01	AbsError: 5.78900e+12
    Region: "SiRegion"	RelError: 4.73148e+01	AbsError: 5.78900e+12
      Equation: "ElectronContinuityEquation"	RelError: 4.47625e-01	AbsError: 2.94095e+12
      Equation: "HoleContinuityEquation"	RelError: 5.31106e-01	AbsError: 2.84805e+12
      Equation: "PotentialEquation"	RelError: 4.63361e+01	AbsError: 2.21530e-02
Iteration: 2
  Device: "BenchmarkDiode"	RelError: 3.65806e-01	AbsError: 9.27329e+10
    Region: "SiRegion"	RelError: 3.65806e-01	AbsError: 9.27329e+10
      Equation: "ElectronContinuityEquation"	RelError: 2.29568e-01	AbsError: 2.13268e+10
      Equation: "HoleContinuityEquation"	RelError: 9.46352e-02	AbsError: 7.14060e+10
      Equation: "PotentialEquation"	RelError: 4.16027e-02	AbsError: 9.60942e-06
Iteration: 3
  Device: "BenchmarkDiode"	RelError: 9.46245e-05	AbsError: 3.36612e+06
    Region: "SiRegion"	RelError: 9.46245e-05	AbsError: 3.36612e+06
      Equation: "ElectronContinuityEquation"	RelError: 6.40872e-05	AbsError: 5.90309e+05
      Equation: "HoleContinuityEquation"	RelError: 2.98236e-05	AbsError: 2.77581e+06
      Equation: "PotentialEquation"	RelError: 7.13629e-07	AbsError: 1.86414e-10
Iteration: 4
  Device: "BenchmarkDiode"	RelError: 2.10955e-13	AbsError: 7.06386e+01
    Region: "SiRegion"	RelError: 2.10955e-13	AbsError: 7.06386e+01
      Equation: "ElectronContinuityEquation"	RelError: 1.28581e-13	AbsError: 2.99949e+01
      Equation: "HoleContinuityEquation"	RelError: 8.15061e-14	AbsError: 4.06437e+01
      Equation: "PotentialEquation"	RelError: 8.68296e-16	AbsError: 5.10878e-17
number of equations 5085
Iteration: 0
  Device: "BenchmarkDiode"	RelError: 1.17149e+02	AbsError: 1.42290e+14
    Region: "SiRegion"	RelError: 1.17149e+02	AbsError: 1.42290e+14
      Equation: "ElectronContinuityEquation"	RelError: 6.58577e-01	AbsError: 7.07232e+13
      Equation: "HoleContinuityEquation"	RelError: 6.58577e-01	AbsError: 7.15664e+13
      Equation: "PotentialEquation"	RelError: 1.15832e+02	AbsError: 2.78470e-02
Iteration: 1
  Device: "BenchmarkDiode"	RelError: 7.82391e+01	AbsError: 5.87489e+12
    Region: "SiRegion"	RelError: 7.82391e+01	AbsError: 5.87489e+12
      Equation: "ElectronContinuityEquation"	RelError: 4.47954e-01	AbsError: 2.99265e+12
      Equation: "HoleContinuityEquation"	RelError: 5.31789e-01	AbsError: 2.88223e+12
      Equation: "PotentialEquation"	RelError: 7.72594e+01	AbsError: 2.21530e-02
Iteration: 2
  Device: "BenchmarkDiode"	RelError: 4.00335e-01	AbsError: 1.11447e+11
    Region: "SiRegion"	RelError: 4.00335e-01	AbsError: 1.11447e+11
      Equation: "ElectronContinuityEquation"	RelError: 2.29933e-01	AbsError: 2.87899e+10
      Equation: "HoleContinuityEquation"	RelError: 9.46606e-02	AbsError: 8.26572e+10
      Equation: "PotentialEquation"	RelError: 7.57412e-02	AbsError: 1.32580e-05
Iteration: 3
  Device: "BenchmarkDiode"	RelError: 1.33324e-04	AbsError: 5.56742e+06
    Region: "SiRegion"	RelError: 1.33324e-04	AbsError: 5.56742e+06
      Equation: "ElectronContinuityEquation"	RelError: 8.88787e-05	AbsError: 1.07272e+06
      Equation: "HoleContinuityEquation"	RelError: 4.25258e-05	AbsError: 4.49470e+06
      Equation: "PotentialEquation"	RelError: 1.91981e-06	AbsError: 3.43093e-10
Iteration: 4
  Device: "BenchmarkDiode"	RelError: 5.32711e-13	AbsError: 5.71234e+01
    Region: "SiRegion"	RelError: 5.32711e-13	AbsError: 5.71234e+01
      Equation: "ElectronContinuityEquation"	RelError: 3.14760e-13	AbsError: 2.90801e+01
      Equation: "HoleContinuityEquation"	RelError: 2.10276e-13	AbsError: 2.80433e+01
      Equation: "PotentialEquation"	RelError: 7.67407e-15	AbsError: 3.93768e-17
number of equations 5085
Iteration: 0
  Device: "BenchmarkDiode"	RelError: 1.42545e+02	AbsError: 1.30404e+14
    Region: "SiRegion"	RelError: 1.42545e+02	AbsError: 1.30404e+14
      Equation: "ElectronContinuityEquation"	RelError: 6.58760e-01	AbsError: 6.47808e+13
      Equation: "HoleContinuityEquation"	RelError: 6.58759e-01	AbsError: 6.56228e+13
      Equation: "PotentialEquation"	RelError: 1.41227e+02	AbsError: 2.78470e-02
Iteration: 1
  Device: "BenchmarkDiode"	RelError: 4.16355e+02	AbsError: 5.95826e+12
    Region: "SiRegion"	RelError: 4.16355e+02	AbsError: 5.95826e+12
      Equation: "ElectronContinuityEquation"	RelError: 4.47974e-01	AbsError: 3.04708e+12
      Equation: "HoleContinuityEquation"	RelError: 5.32167e-01	AbsError: 2.91118e+12
      Equation: "PotentialEquation"	RelError: 4.15375e+02	AbsError: 2.21530e-02
Iteration: 2
  Device: "BenchmarkDiode"	RelError: 1.10372e+00	AbsError: 1.38102e+11
    Region: "SiRegion"	RelError: 1.10372e+00	AbsError: 1.38102e+11
      Equation: "ElectronContinuityEquation"	RelError: 2.30159e-01	AbsError: 4.09466e+10
      Equation: "HoleContinuityEquation"	RelError: 9.46761e-02	AbsError: 9.71552e+10
      Equation: "PotentialEquation"	RelError: 7.78884e-01	AbsError: 1.88544e-05
Iteration: 3
  Device: "BenchmarkDiode"	RelError: 2.15788e-04	AbsError: 9.73325e+06
    Region: "SiRegion"	RelError: 2.15788e-04	AbsError: 9.73325e+06
      Equation: "ElectronContinuityEquation"	RelError: 1.27021e-04	AbsError: 2.05164e+06
      Equation: "HoleContinuityEquation"	RelError: 6.27569e-05	AbsError: 7.68161e+06
      Equation: "PotentialEquation"	RelError: 2.60098e-05	AbsError: 6.77853e-10
Iteration: 4
  Device: "BenchmarkDiode"	RelError: 3.01865e-12	AbsError: 6.92101e+01
    Region: "SiRegion"	RelError: 3.01865e-12	AbsError: 6.92101e+01
      Equation: "ElectronContinuityEquation"	RelError: 8.93525e-13	AbsError: 3.76874e+01
      Equation: "HoleContinuityEquation"	RelError: 5.62681e-13	AbsError: 3.15228e+01
      Equation: "PotentialEquation"	RelError: 1.56244e-12	AbsError: 5.42508e-17
number of equations 5085
Iteration: 0
  Device: "BenchmarkDiode"	RelError: 1.22998e+02	AbsError: 1.18351e+14
    Region: "SiRegion"	RelError: 1.22998e+02	AbsError: 1.18351e+14
      Equation: "ElectronContinuityEquation"	RelError: 6.58810e-01	AbsError: 5.87563e+13
      Equation: "HoleContinuityEquation"	RelError: 6.58809e-01	AbsError: 5.95946e+13
      Equation: "PotentialEquation"	RelError: 1.21681e+02	AbsError: 2.78470e-02
Iteration: 1
  Device: "BenchmarkDiode"	RelError: 6.36336e+02	AbsError: 6.02086e+12
    Region: "SiRegion"	RelError: 6.36336e+02	AbsError: 6.02086e+12
      Equation: "ElectronContinuityEquation"	RelError: 4.47976e-01	AbsError: 3.09645e+12
      Equation: "HoleContinuityEquation"	RelError: 5.32372e-01	AbsError: 2.92441e+12
      Equation: "PotentialEquation"	RelError: 6.35356e+02	AbsError: 2.21530e-02
Iteration: 2
  Device: "BenchmarkDiode"	RelError: 5.86887e-01	AbsError: 2.12031e+11
    Region: "SiRegion"	RelError: 5.86887e-01	AbsError: 2.12031e+11
      Equation: "ElectronContinuityEquation"	RelError: 2.30243e-01	AbsError: 7.44858e+10
      Equation: "HoleContinuityEquation"	RelError: 9.48987e-02	AbsError: 1.37545e+11
      Equation: "PotentialEquation"	RelError: 2.61746e-01	AbsError: 2.73444e-05
Iteration: 3
  Device: "BenchmarkDiode"	RelError: 2.81559e-04	AbsError: 1.87517e+07
    Region: "SiRegion"	RelError: 2.81559e-04	AbsError: 1.87517e+07
      Equation: "ElectronContinuityEquation"	RelError: 1.84653e-04	AbsError: 4.16926e+06
      Equation: "HoleContinuityEquation"	RelError: 9.50234e-05	AbsError: 1.45825e+07
      Equation: "PotentialEquation"	RelError: 1.88247e-06	AbsError: 1.47023e-09
Iteration: 4
  Device: "BenchmarkDiode"	RelError: 5.27814e-12	AbsError: 6.43643e+01
    Region: "SiRegion"	RelError: 5.27814e-12	AbsError: 6.43643e+01
      Equation: "ElectronContinuityEquation"	RelError: 2.79743e-12	AbsError: 2.96371e+01
      Equation: "HoleContinuityEquation"	RelError: 1.67949e-12	AbsError: 3.47272e+01
      Equation: "PotentialEquation"	RelError: 8.01221e-13	AbsError: 4.22694e-17
number of equations 5085
Iteration: 0
  Device: "BenchmarkDiode"	RelError: 4.06462e+02	AbsError: 1.06211e+14
    Region: "SiRegion"	RelError: 4.06462e+02	AbsError: 1.06211e+14
      Equation: "ElectronContinuityEquation"	RelError: 6.58819e-01	AbsError: 5.26911e+13
      Equation: "HoleContinuityEquation"	RelError: 6.58817e-01	AbsError: 5.35194e+13
      Equation: "PotentialEquation"	RelError: 4.05145e+02	AbsError: 2.78470e-02
Iteration: 1
  Device: "BenchmarkDiode"	RelError: 8.50207e+01	AbsError: 5.99587e+12
    Region: "SiRegion"	RelError: 8.50207e+01	AbsError: 5.99587e+12
      Equation: "ElectronContinuityEquation"	RelError: 4.47830e-01	AbsError: 3.10794e+12
      Equation: "HoleContinuityEquation"	RelError: 5.32717e-01	AbsError: 2.88793e+12
      Equation: "PotentialEquation"	RelError: 8.40401e+01	AbsError: 2.21530e-02
Iteration: 2
  Device: "BenchmarkDiode"	RelError: 3.34884e-01	AbsError: 5.52266e+11
    Region: "SiRegion"	RelError: 3.34884e-01	AbsError: 5.52266e+11
      Equation: "ElectronContinuityEquation"	RelError: 2.30499e-01	AbsError: 2.05765e+11
      Equation: "HoleContinuityEquation"	RelError: 9.47549e-02	AbsError: 3.46501e+11
      Equation: "PotentialEquation"	RelError: 9.63042e-03	AbsError: 4.22987e-05
Iteration: 3
  Device: "BenchmarkDiode"	RelError: 4.12382e-04	AbsError: 5.27475e+07
    Region: "SiRegion"	RelError: 4.12382e-04	AbsError: 5.27475e+07
      Equation: "ElectronContinuityEquation"	RelError: 2.66805e-04	AbsError: 1.62338e+07
      Equation: "HoleContinuityEquation"	RelError: 1.44777e-04	AbsError: 3.65138e+07
      Equation: "PotentialEquation"	RelError: 7.99927e-07	AbsError: 4.32074e-09
Iteration: 4
  Device: "BenchmarkDiode"	RelError: 1.99887e-11	AbsError: 7.04272e+01
    Region: "SiRegion"	RelError: 1.99887e-11	AbsError: 7.04272e+01
      Equation: "ElectronContinuityEquation"	RelError: 1.07184e-11	AbsError: 3.14664e+01
      Equation: "HoleContinuityEquation"	RelError: 9.18049e-12	AbsError: 3.89608e+01
      Equation: "PotentialEquation"	RelError: 8.98205e-14	AbsError: 8.13389e-17
number of equations 5085
Iteration: 0
  Device: "BenchmarkDiode"	RelError: 6.83610e+01	AbsError: 9.42888e+13
    Region: "SiRegion"	RelError: 6.83610e+01	AbsError: 9.42888e+13
      Equation: "ElectronContinuityEquation"	RelError: 6.58816e-01	AbsError: 4.67380e+13
      Equation: "HoleContinuityEquation"	RelError: 6.58812e-01	AbsError: 4.75508e+13
      Equation: "PotentialEquation"	RelError: 6.70433e+01	AbsError: 2.78470e-02
Iteration: 1
  Device: "BenchmarkDiode"	RelError: 3.77090e+01	AbsError: 6.07569e+12
    Region: "SiRegion"	RelError: 3.77090e+01	AbsError: 6.07569e+12
      Equation: "ElectronContinuityEquation"	RelError: 4.47812e-01	AbsError: 3.12942e+12
      Equation: "HoleContinuityEquation"	RelError: 5.32830e-01	AbsError: 2.94627e+12
      Equation: "PotentialEquation"	RelError: 3.67284e+01	AbsError: 2.21530e-02
Iteration: 2
  Device: "BenchmarkDiode"	RelError: 3.25346e-01	AbsError: 1.43698e+12
    Region: "SiRegion"	RelError: 3.25346e-01	AbsError: 1.43698e+12
      Equation: "ElectronContinuityEquation"	RelError: 2.30540e-01	AbsError: 5.71109e+11
      Equation: "HoleContinuityEquation"	RelError: 9.44116e-02	AbsError: 8.65867e+11
      Equation: "PotentialEquation"	RelError: 3.94798e-04	AbsError: 7.21337e-05
Iteration: 3
  Device: "BenchmarkDiode"	RelError: 5.51671e-04	AbsError: 5.71806e+08
    Region: "SiRegion"	RelError: 5.51671e-04	AbsError: 5.71806e+08
      Equation: "ElectronContinuityEquation"	RelError: 3.42978e-04	AbsError: 2.39310e+08
      Equation: "HoleContinuityEquation"	RelError: 2.08258e-04	AbsError: 3.32495e+08
      Equation: "PotentialEquation"	RelError: 4.35506e-07	AbsError: 3.32167e-08
Iteration: 4
  Device: "BenchmarkDiode"	RelError: 2.11200e-10	AbsError: 2.30180e+02
    Region: "SiRegion"	RelError: 2.11200e-10	AbsError: 2.30180e+02
      Equation: "ElectronContinuityEquation"	RelError: 9.73086e-11	AbsError: 1.11767e+02
      Equation: "HoleContinuityEquation"	RelError: 1.13600e-10	AbsError: 1.18413e+02
      Equation: "PotentialEquation"	RelError: 2.91679e-13	AbsError: 8.39013e-15
Iteration: 5
  Device: "BenchmarkDiode"	RelError: 6.61733e-14	AbsError: 5.24074e+01
    Region: "SiRegion"	RelError: 6.61733e-14	AbsError: 5.24074e+01
      Equation: "ElectronContinuityEquation"	RelError: 4.03730e-15	AbsError: 1.81619e+01
      Equation: "HoleContinuityEquation"	RelError: 4.34738e-15	AbsError: 3.42455e+01
      Equation: "PotentialEquation"	RelError: 5.77886e-14	AbsError: 4.28034e-17
number of equations 5085
Iteration: 0
  Device: "BenchmarkDiode"	RelError: 7.46105e+01	AbsError: 8.38369e+13
    Region: "SiRegion"	RelError: 7.46105e+01	AbsError: 8.38369e+13
      Equation: "ElectronContinuityEquation"	RelError: 6.58803e-01	AbsError: 4.15181e+13
      Equation: "HoleContinuityEquation"	RelError: 6.58798e-01	AbsError: 4.23188e+13
      Equation: "PotentialEquation"	RelError: 7.32929e+01	AbsError: 2.78470e-02
Iteration: 1
  Device: "BenchmarkDiode"	RelError: 7.03509e+01	AbsError: 1.08233e+13
    Region: "SiRegion"	RelError: 7.03509e+01	AbsError: 1.08233e+13
      Equation: "ElectronContinuityEquation"	RelError: 4.47906e-01	AbsError: 5.73560e+12
      Equation: "HoleContinuityEquation"	RelError: 5.32398e-01	AbsError: 5.08767e+12
      Equation: "PotentialEquation"	RelError: 6.93706e+01	AbsError: 2.21530e-02
Iteration: 2
  Device: "BenchmarkDiode"	RelError: 3.23087e-01	AbsError: 3.75779e+12
    Region: "SiRegion"	RelError: 3.23087e-01	AbsError: 3.75779e+12
      Equation: "ElectronContinuityEquation"	RelError: 2.30237e-01	AbsError: 1.57042e+12
      Equation: "HoleContinuityEquation"	RelError: 9.21703e-02	AbsError: 2.18737e+12
      Equation: "PotentialEquation"	RelError: 6.79773e-04	AbsError: 1.44205e-04
Iteration: 3
  Device: "BenchmarkDiode"	RelError: 7.37625e-04	AbsError: 7.23666e+09
    Region: "SiRegion"	RelError: 7.37625e-04	AbsError: 7.23666e+09
      Equation: "ElectronContinuityEquation"	RelError: 4.85201e-04	AbsError: 3.38055e+09
      Equation: "HoleContinuityEquation"	RelError: 2.50661e-04	AbsError: 3.85611e+09
      Equation: "PotentialEquation"	RelError: 1.76246e-06	AbsError: 3.74478e-07
Iteration: 4
  Device: "BenchmarkDiode"	RelError: 4.22413e-09	AbsError: 3.99875e+04
    Region: "SiRegion"	RelError: 4.22413e-09	AbsError: 3.99875e+04
      Equation: "ElectronContinuityEquation"	RelError: 2.81761e-09	AbsError: 1.98993e+04
      Equation: "HoleContinuityEquation"	RelError: 1.39566e-09	AbsError: 2.00881e+04
      Equation: "PotentialEquation"	RelError: 1.08512e-11	AbsError: 1.75345e-12
Iteration: 5
  Device: "BenchmarkDiode"	RelError: 2.54388e-14	AbsError: 6.15874e+01
    Region: "SiRegion"	RelError: 2.54388e-14	AbsError: 6.15874e+01
      Equation: "ElectronContinuityEquation"	RelError: 2.13294e-15	AbsError: 2.78587e+01
      Equation: "HoleContinuityEquation"	RelError: 4.03051e-15	AbsError: 3.37287e+01
      Equation: "PotentialEquation"	RelError: 1.92753e-14	AbsError: 3.64046e-17
number of equations 5085
Iteration: 0
  Device: "BenchmarkDiode"	RelError: 3.94591e+00	AbsError: 8.02429e+13
    Region: "SiRegion"	RelError: 3.94591e+00	AbsError: 8.02429e+13
      Equation: "ElectronContinuityEquation"	RelError: 6.58768e-01	AbsError: 3.97219e+13
      Equation: "HoleContinuityEquation"	RelError: 6.58759e-01	AbsError: 4.05210e+13
      Equation: "PotentialEquation"	RelError: 2.62838e+00	AbsError: 2.78470e-02
Iteration: 1
  Device: "BenchmarkDiode"	RelError: 1.65457e+00	AbsError: 2.72792e+13
    Region: "SiRegion"	RelError: 1.65457e+00	AbsError: 2.72792e+13
      Equation: "ElectronContinuityEquation"	RelError: 4.48951e-01	AbsError: 1.49380e+13
      Equation: "HoleContinuityEquation"	RelError: 5.29142e-01	AbsError: 1.23412e+13
      Equation: "PotentialEquation"	RelError: 6.76474e-01	AbsError: 2.21530e-02
Iteration: 2
  Device: "BenchmarkDiode"	RelError: 3.26022e-01	AbsError: 9.90263e+12
    Region: "SiRegion"	RelError: 3.26022e-01	AbsError: 9.90263e+12
      Equation: "ElectronContinuityEquation"	RelError: 2.28000e-01	AbsError: 4.27648e+12
      Equation: "HoleContinuityEquation"	RelError: 9.65102e-02	AbsError: 5.62615e+12
      Equation: "PotentialEquation"	RelError: 1.51181e-03	AbsError: 3.53155e-04
Iteration: 3
  Device: "BenchmarkDiode"	RelError: 2.07400e-03	AbsError: 7.61683e+10
    Region: "SiRegion"	RelError: 2.07400e-03	AbsError: 7.61683e+10
      Equation: "ElectronContinuityEquation"	RelError: 1.21236e-03	AbsError: 3.76254e+10
      Equation: "HoleContinuityEquation"	RelError: 8.45443e-04	AbsError: 3.85429e+10
      Equation: "PotentialEquation"	RelError: 1.62039e-05	AbsError: 3.79375e-06
Iteration: 4
  Device: "BenchmarkDiode"	RelError: 1.33911e-07	AbsError: 4.77092e+06
    Region: "SiRegion"	RelError: 1.33911e-07	AbsError: 4.77092e+06
      Equation: "ElectronContinuityEquation"	RelError: 7.78430e-08	AbsError: 2.39002e+06
      Equation: "HoleContinuityEquation"	RelError: 5.50778e-08	AbsError: 2.38090e+06
      Equation: "PotentialEquation"	RelError: 9.90192e-10	AbsError: 2.31986e-10
Iteration: 5
  Device: "BenchmarkDiode"	RelError: 6.70031e-15	AbsError: 5.52039e+01
    Region: "SiRegion"	RelError: 6.70031e-15	AbsError: 5.52039e+01
      Equation: "ElectronContinuityEquation"	RelError: 3.40294e-15	AbsError: 2.60744e+01
      Equation: "HoleContinuityEquation"	RelError: 2.68077e-15	AbsError: 2.91295e+01
      Equation: "PotentialEquation"	RelError: 6.16602e-16	AbsError: 8.46303e-17
number of equations 5085
Iteration: 0
  Device: "BenchmarkDiode"	RelError: 5.79837e+01	AbsError: 5.74219e+13
    Region: "SiRegion"	RelError: 5.79837e+01	AbsError: 5.74219e+13
      Equation: "ElectronContinuityEquation"	RelError: 2.74041e+01	AbsError: 2.87743e+13
      Equation: "HoleContinuityEquation"	RelError: 2.73528e+01	AbsError: 2.86475e+13
      Equation: "PotentialEquation"	RelError: 3.22675e+00	AbsError: 2.50000e-02
Iteration: 1
  Device: "BenchmarkDiode"	RelError: 1.81580e+00	AbsError: 1.35398e+13
    Region: "SiRegion"	RelError: 1.81580e+00	AbsError: 1.35398e+13
      Equation: "ElectronContinuityEquation"	RelError: 9.07176e-01	AbsError: 6.77793e+12
      Equation: "HoleContinuityEquation"	RelError: 9.07014e-01	AbsError: 6.76187e+12
      Equation: "PotentialEquation"	RelError: 1.60530e-03	AbsError: 2.99668e-04
Iteration: 2
  Device: "BenchmarkDiode"	RelError: 9.02708e-03	AbsError: 1.31749e+11
    Region: "SiRegion"	RelError: 9.02708e-03	AbsError: 1.31749e+11
      Equation: "ElectronContinuityEquation"	RelError: 4.50412e-03	AbsError: 6.58406e+10
      Equation: "HoleContinuityEquation"	RelError: 4.49601e-03	AbsError: 6.59084e+10
      Equation: "PotentialEquation"	RelError: 2.69605e-05	AbsError: 5.15460e-06
Iteration: 3
  Device: "BenchmarkDiode"	RelError: 9.81658e-07	AbsError: 1.81159e+07
    Region: "SiRegion"	RelError: 9.81658e-07	AbsError: 1.81159e+07
      Equation: "ElectronContinuityEquation"	RelError: 4.85683e-07	AbsError: 9.04794e+06
      Equation: "HoleContinuityEquation"	RelError: 4.92542e-07	AbsError: 9.06793e+06
      Equation: "PotentialEquation"	RelError: 3.43215e-09	AbsError: 6.63422e-10
Iteration: 4
  Device: "BenchmarkDiode"	RelError: 1.70875e-14	AbsError: 6.53737e+01
    Region: "SiRegion"	RelError: 1.70875e-14	AbsError: 6.53737e+01
      Equation: "ElectronContinuityEquation"	RelError: 5.41068e-15	AbsError: 2.40022e+01
      Equation: "HoleContinuityEquation"	RelError: 1.05459e-14	AbsError: 4.13715e+01
      Equation: "PotentialEquation"	RelError: 1.13087e-15	AbsError: 6.14710e-17
number of equations 5085
Iteration: 0
  Device: "BenchmarkDiode"	RelError: 1.26832e+00	AbsError: 2.16291e+13
    Region: "SiRegion"	RelError: 1.26832e+00	AbsError: 2.16291e+13
      Equation: "ElectronContinuityEquation"	RelError: 3.25488e-01	AbsError: 1.07135e+13
      Equation: "HoleContinuityEquation"	RelError: 3.25477e-01	AbsError: 1.09157e+13
      Equation: "PotentialEquation"	RelError: 6.17353e-01	AbsError: 1.25000e-02
Iteration: 1
  Device: "BenchmarkDiode"	RelError: 1.70016e-01	AbsError: 2.52227e+12
    Region: "SiRegion"	RelError: 1.70016e-01	AbsError: 2.52227e+12
      Equation: "ElectronContinuityEquation"	RelError: 8.48897e-02	AbsError: 1.26316e+12
      Equation: "HoleContinuityEquation"	RelError: 8.48815e-02	AbsError: 1.25911e+12
      Equation: "PotentialEquation"	RelError: 2.44695e-04	AbsError: 4.81746e-05
Iteration: 2
  Device: "BenchmarkDiode"	RelError: 1.75342e-04	AbsError: 4.33223e+09
    Region: "SiRegion"	RelError: 1.75342e-04	AbsError: 4.33223e+09
      Equation: "ElectronContinuityEquation"	RelError: 8.66965e-05	AbsError: 2.16501e+09
      Equation: "HoleContinuityEquation"	RelError: 8.78191e-05	AbsError: 2.16722e+09
      Equation: "PotentialEquation"	RelError: 8.26172e-07	AbsError: 1.65562e-07
Iteration: 3
  Device: "BenchmarkDiode"	RelError: 7.62696e-10	AbsError: 1.97480e+04
    Region: "SiRegion"	RelError: 7.62696e-10	AbsError: 1.97480e+04
      Equation: "ElectronContinuityEquation"	RelError: 3.76759e-10	AbsError: 9.86253e+03
      Equation: "HoleContinuityEquation"	RelError: 3.82313e-10	AbsError: 9.88550e+03
      Equation: "PotentialEquation"	RelError: 3.62402e-12	AbsError: 7.32207e-13
Iteration: 4
  Device: "BenchmarkDiode"	RelError: 7.19274e-15	AbsError: 5.58419e+01
    Region: "SiRegion"	RelError: 7.19274e-15	AbsError: 5.58419e+01
      Equation: "ElectronContinuityEquation"	RelError: 4.02205e-15	AbsError: 2.56257e+01
      Equation: "HoleContinuityEquation"	RelError: 2.35231e-15	AbsError: 3.02162e+01
      Equation: "PotentialEquation"	RelError: 8.18383e-16	AbsError: 6.37626e-17
number of equations 5085
Iteration: 0
  Device: "BenchmarkDiode"	RelError: 1.08237e+00	AbsError: 1.17355e+13
    Region: "SiRegion"	RelError: 1.08237e+00	AbsError: 1.17355e+13
      Equation: "ElectronContinuityEquation"	RelError: 3.17946e-01	AbsError: 5.81658e+12
      Equation: "HoleContinuityEquation"	RelError: 3.17921e-01	AbsError: 5.91897e+12
      Equation: "PotentialEquation"	RelError: 4.46501e-01	AbsError: 6.25000e-03
Iteration: 1
  Device: "BenchmarkDiode"	RelError: 6.85042e-02	AbsError: 7.24144e+11
    Region: "SiRegion"	RelError: 6.85042e-02	AbsError: 7.24144e+11
      Equation: "ElectronContinuityEquation"	RelError: 3.42154e-02	AbsError: 3.62582e+11
      Equation: "HoleContinuityEquation"	RelError: 3.42106e-02	AbsError: 3.61562e+11
      Equation: "PotentialEquation"	RelError: 7.81318e-05	AbsError: 1.49879e-05
Iteration: 2
  Device: "BenchmarkDiode"	RelError: 1.79684e-05	AbsError: 3.70394e+08
    Region: "SiRegion"	RelError: 1.79684e-05	AbsError: 3.70394e+08
      Equation: "ElectronContinuityEquation"	RelError: 8.89232e-06	AbsError: 1.85098e+08
      Equation: "HoleContinuityEquation"	RelError: 9.00303e-06	AbsError: 1.85296e+08
      Equation: "PotentialEquation"	RelError: 7.30787e-08	AbsError: 1.43105e-08
Iteration: 3
  Device: "BenchmarkDiode"	RelError: 6.57660e-12	AbsError: 1.43879e+02
    Region: "SiRegion"	RelError: 6.57660e-12	AbsError: 1.43879e+02
      Equation: "ElectronContinuityEquation"	RelError: 3.25122e-12	AbsError: 7.18608e+01
      Equation: "HoleContinuityEquation"	RelError: 3.29844e-12	AbsError: 7.20184e+01
      Equation: "PotentialEquation"	RelError: 2.69338e-14	AbsError: 5.29981e-15
number of equations 5085
Iteration: 0
  Device: "BenchmarkDiode"	RelError: 5.61765e-01	AbsError: 5.60915e+12
    Region: "SiRegion"	RelError: 5.61765e-01	AbsError: 5.60915e+12
      Equation: "ElectronContinuityEquation"	RelError: 1.37179e-01	AbsError: 2.77916e+12
      Equation: "HoleContinuityEquation"	RelError: 1.37170e-01	AbsError: 2.83000e+12
      Equation: "PotentialEquation"	RelError: 2.87416e-01	AbsError: 3.12500e-03
Iteration: 1
  Device: "BenchmarkDiode"	RelError: 1.57875e-02	AbsError: 1.60858e+11
    Region: "SiRegion"	RelError: 1.57875e-02	AbsError: 1.60858e+11
      Equation: "ElectronContinuityEquation"	RelError: 7.88603e-03	AbsError: 8.05558e+10
      Equation: "HoleContinuityEquation"	RelError: 7.88501e-03	AbsError: 8.03022e+10
      Equation: "PotentialEquation"	RelError: 1.64364e-05	AbsError: 3.11159e-06
Iteration: 2
  Device: "BenchmarkDiode"	RelError: 8.98695e-07	AbsError: 1.71760e+07
    Region: "SiRegion"	RelError: 8.98695e-07	AbsError: 1.71760e+07
      Equation: "ElectronContinuityEquation"	RelError: 4.44597e-07	AbsError: 8.58418e+06
      Equation: "HoleContinuityEquation"	RelError: 4.50691e-07	AbsError: 8.59184e+06
      Equation: "PotentialEquation"	RelError: 3.40597e-09	AbsError: 6.58650e-10
Iteration: 3
  Device: "BenchmarkDiode"	RelError: 1.80538e-14	AbsError: 5.87376e+01
    Region: "SiRegion"	RelError: 1.80538e-14	AbsError: 5.87376e+01
      Equation: "ElectronContinuityEquation"	RelError: 6.96920e-15	AbsError: 2.99645e+01
      Equation: "HoleContinuityEquation"	RelError: 7.61424e-15	AbsError: 2.87730e+01
      Equation: "PotentialEquation"	RelError: 3.47034e-15	AbsError: 7.76457e-17
number of equations 5085
Iteration: 0
  Device: "BenchmarkDiode"	RelError: 2.96200e-01	AbsError: 2.75084e+12
    Region: "SiRegion"	RelError: 2.96200e-01	AbsError: 2.75084e+12
      Equation: "ElectronContinuityEquation"	RelError: 6.41891e-02	AbsError: 1.36275e+12
      Equation: "HoleContinuityEquation"	RelError: 6.41854e-02	AbsError: 1.38809e+12
      Equation: "PotentialEquation"	RelError: 1.67826e-01	AbsError: 1.56250e-03
Iteration: 1
  Device: "BenchmarkDiode"	RelError: 3.79038e-03	AbsError: 3.79162e+10
    Region: "SiRegion"	RelError: 3.79038e-03	AbsError: 3.79162e+10
      Equation: "ElectronContinuityEquation"	RelError: 1.89343e-03	AbsError: 1.89896e+10
      Equation: "HoleContinuityEquation"	RelError: 1.89320e-03	AbsError: 1.89266e+10
      Equation: "PotentialEquation"	RelError: 3.74482e-06	AbsError: 7.04630e-07
Iteration: 2
  Device: "BenchmarkDiode"	RelError: 4.99005e-08	AbsError: 9.18262e+05
    Region: "SiRegion"	RelError: 4.99005e-08	AbsError: 9.18262e+05
      Equation: "ElectronContinuityEquation"	RelError: 2.46802e-08	AbsError: 4.58952e+05
      Equation: "HoleContinuityEquation"	RelError: 2.50378e-08	AbsError: 4.59311e+05
      Equation: "PotentialEquation"	RelError: 1.82552e-10	AbsError: 3.50977e-11
Iteration: 3
  Device: "BenchmarkDiode"	RelError: 8.16109e-15	AbsError: 6.02568e+01
    Region: "SiRegion"	RelError: 8.16109e-15	AbsError: 6.02568e+01
      Equation: "ElectronContinuityEquation"	RelError: 1.69634e-15	AbsError: 3.26605e+01
      Equation: "HoleContinuityEquation"	RelError: 5.31372e-15	AbsError: 2.75963e+01
      Equation: "PotentialEquation"	RelError: 1.15104e-15	AbsError: 6.44559e-17
number of equations 5085
Iteration: 0
  Device: "BenchmarkDiode"	RelError: 1.53792e-01	AbsError: 1.36323e+12
    Region: "SiRegion"	RelError: 1.53792e-01	AbsError: 1.36323e+12
      Equation: "ElectronContinuityEquation"	RelError: 3.10970e-02	AbsError: 6.75286e+11
      Equation: "HoleContinuityEquation"	RelError: 3.10953e-02	AbsError: 6.87941e+11
      Equation: "PotentialEquation"	RelError: 9.15993e-02	AbsError: 7.81250e-04
Iteration: 1
  Device: "BenchmarkDiode"	RelError: 9.28676e-04	AbsError: 9.20495e+09
    Region: "SiRegion"	RelError: 9.28676e-04	AbsError: 9.20495e+09
      Equation: "ElectronContinuityEquation"	RelError: 4.63920e-04	AbsError: 4.61032e+09
      Equation: "HoleContinuityEquation"	RelError: 4.63864e-04	AbsError: 4.59463e+09
      Equation: "PotentialEquation"	RelError: 8.92101e-07	AbsError: 1.67346e-07
Iteration: 2
  Device: "BenchmarkDiode"	RelError: 2.93390e-09	AbsError: 5.29765e+04
    Region: "SiRegion"	RelError: 2.93390e-09	AbsError: 5.29765e+04
      Equation: "ElectronContinuityEquation"	RelError: 1.45085e-09	AbsError: 2.64786e+04
      Equation: "HoleContinuityEquation"	RelError: 1.47251e-09	AbsError: 2.64979e+04
      Equation: "PotentialEquation"	RelError: 1.05453e-11	AbsError: 2.02156e-12
Iteration: 3
  Device: "BenchmarkDiode"	RelError: 7.32915e-15	AbsError: 5.05374e+01
    Region: "SiRegion"	RelError: 7.32915e-15	AbsError: 5.05374e+01
      Equation: "ElectronContinuityEquation"	RelError: 2.54162e-15	AbsError: 2.23740e+01
      Equation: "HoleContinuityEquation"	RelError: 3.45387e-15	AbsError: 2.81634e+01
      Equation: "PotentialEquation"	RelError: 1.33366e-15	AbsError: 2.97292e-17
number of equations 5085
Iteration: 0
  Device: "BenchmarkDiode"	RelError: 7.86183e-02	AbsError: 6.78714e+11
    Region: "SiRegion"	RelError: 7.86183e-02	AbsError: 6.78714e+11
      Equation: "ElectronContinuityEquation"	RelError: 1.53106e-02	AbsError: 3.36195e+11
      Equation: "HoleContinuityEquation"	RelError: 1.53098e-02	AbsError: 3.42519e+11
      Equation: "PotentialEquation"	RelError: 4.79980e-02	AbsError: 3.90625e-04
Iteration: 1
  Device: "BenchmarkDiode"	RelError: 2.29843e-04	AbsError: 2.26777e+09
    Region: "SiRegion"	RelError: 2.29843e-04	AbsError: 2.26777e+09
      Equation: "ElectronContinuityEquation"	RelError: 1.14820e-04	AbsError: 1.13584e+09
      Equation: "HoleContinuityEquation"	RelError: 1.14806e-04	AbsError: 1.13193e+09
      Equation: "PotentialEquation"	RelError: 2.17601e-07	AbsError: 4.07562e-08
Iteration: 2
  Device: "BenchmarkDiode"	RelError: 1.77755e-10	AbsError: 3.17938e+03
    Region: "SiRegion"	RelError: 1.77755e-10	AbsError: 3.17938e+03
      Equation: "ElectronContinuityEquation"	RelError: 8.78936e-11	AbsError: 1.58911e+03
      Equation: "HoleContinuityEquation"	RelError: 8.92278e-11	AbsError: 1.59027e+03
      Equation: "PotentialEquation"	RelError: 6.33230e-13	AbsError: 1.21213e-13
Iteration: 3
  Device: "BenchmarkDiode"	RelError: 7.69559e-15	AbsError: 4.88643e+01
    Region: "SiRegion"	RelError: 7.69559e-15	AbsError: 4.88643e+01
      Equation: "ElectronContinuityEquation"	RelError: 2.81325e-15	AbsError: 2.56615e+01
      Equation: "HoleContinuityEquation"	RelError: 3.89773e-15	AbsError: 2.32027e+01
      Equation: "PotentialEquation"	RelError: 9.84619e-16	AbsError: 4.72660e-17
number of equations 5085
Iteration: 0
  Device: "BenchmarkDiode"	RelError: 3.84030e-02	AbsError: 3.38650e+11
    Region: "SiRegion"	RelError: 3.84030e-02	AbsError: 3.38650e+11
      Equation: "ElectronContinuityEquation"	RelError: 7.48346e-03	AbsError: 1.67745e+11
      Equation: "HoleContinuityEquation"	RelError: 7.48306e-03	AbsError: 1.70905e+11
      Equation: "PotentialEquation"	RelError: 2.34365e-02	AbsError: 1.95313e-04
Iteration: 1
  Device: "BenchmarkDiode"	RelError: 5.66013e-05	AbsError: 5.64459e+08
    Region: "SiRegion"	RelError: 5.66013e-05	AbsError: 5.64459e+08
      Equation: "ElectronContinuityEquation"	RelError: 2.82754e-05	AbsError: 2.82719e+08
      Equation: "HoleContinuityEquation"	RelError: 2.82720e-05	AbsError: 2.81741e+08
      Equation: "PotentialEquation"	RelError: 5.39236e-08	AbsError: 1.01087e-08
Iteration: 2
  Device: "BenchmarkDiode"	RelError: 1.09187e-11	AbsError: 1.96385e+02
    Region: "SiRegion"	RelError: 1.09187e-11	AbsError: 1.96385e+02
      Equation: "ElectronContinuityEquation"	RelError: 5.39703e-12	AbsError: 9.81215e+01
      Equation: "HoleContinuityEquation"	RelError: 5.48259e-12	AbsError: 9.82640e+01
      Equation: "PotentialEquation"	RelError: 3.90908e-14	AbsError: 7.51216e-15
number of equations 5085
Iteration: 0
  Device: "BenchmarkDiode"	RelError: 1.90939e-02	AbsError: 1.69501e+11
    Region: "SiRegion"	RelError: 1.90939e-02	AbsError: 1.69501e+11
      Equation: "ElectronContinuityEquation"	RelError: 3.75577e-03	AbsError: 8.39602e+10
      Equation: "HoleContinuityEquation"	RelError: 3.75558e-03	AbsError: 8.55408e+10
      Equation: "PotentialEquation"	RelError: 1.15825e-02	AbsError: 9.76563e-05
Iteration: 1
  Device: "BenchmarkDiode"	RelError: 1.41859e-05	AbsError: 1.41632e+08
    Region: "SiRegion"	RelError: 1.41859e-05	AbsError: 1.41632e+08
      Equation: "ElectronContinuityEquation"	RelError: 7.08659e-06	AbsError: 7.09383e+07
      Equation: "HoleContinuityEquation"	RelError: 7.08574e-06	AbsError: 7.06936e+07
      Equation: "PotentialEquation"	RelError: 1.35649e-08	AbsError: 2.54390e-09
Iteration: 2
  Device: "BenchmarkDiode"	RelError: 6.86492e-13	AbsError: 7.87824e+01
    Region: "SiRegion"	RelError: 6.86492e-13	AbsError: 7.87824e+01
      Equation: "ElectronContinuityEquation"	RelError: 3.37752e-13	AbsError: 4.39956e+01
      Equation: "HoleContinuityEquation"	RelError: 3.44320e-13	AbsError: 3.47869e+01
      Equation: "PotentialEquation"	RelError: 4.42100e-15	AbsError: 5.27478e-16
number of equations 5085
Iteration: 0
  Device: "BenchmarkDiode"	RelError: 9.52066e-03	AbsError: 8.47948e+10
    Region: "SiRegion"	RelError: 9.52066e-03	AbsError: 8.47948e+10
      Equation: "ElectronContinuityEquation"	RelError: 1.88142e-03	AbsError: 4.20022e+10
      Equation: "HoleContinuityEquation"	RelError: 1.88132e-03	AbsError: 4.27926e+10
      Equation: "PotentialEquation"	RelError: 5.75792e-03	AbsError: 4.88281e-05
Iteration: 1
  Device: "BenchmarkDiode"	RelError: 3.55093e-06	AbsError: 3.54728e+07
    Region: "SiRegion"	RelError: 3.55093e-06	AbsError: 3.54728e+07
      Equation: "ElectronContinuityEquation"	RelError: 1.77387e-06	AbsError: 1.77670e+07
      Equation: "HoleContinuityEquation"	RelError: 1.77366e-06	AbsError: 1.77058e+07
      Equation: "PotentialEquation"	RelError: 3.40173e-09	AbsError: 6.38070e-10
Iteration: 2
  Device: "BenchmarkDiode"	RelError: 4.27763e-14	AbsError: 6.22145e+01
    Region: "SiRegion"	RelError: 4.27763e-14	AbsError: 6.22145e+01
      Equation: "ElectronContinuityEquation"	RelError: 1.96008e-14	AbsError: 3.58126e+01
      Equation: "HoleContinuityEquation"	RelError: 1.95605e-14	AbsError: 2.64019e+01
      Equation: "PotentialEquation"	RelError: 3.61503e-15	AbsError: 1.13037e-16
number of equations 5085
Iteration: 0
  Device: "BenchmarkDiode"	RelError: 8.15332e-15	AbsError: 3.75404e+01
    Region: "SiRegion"	RelError: 8.15332e-15	AbsError: 3.75404e+01
      Equation: "ElectronContinuityEquation"	RelError: 4.22158e-15	AbsError: 1.79365e+01
      Equation: "HoleContinuityEquation"	RelError: 2.36062e-15	AbsError: 1.96039e+01
      Equation: "PotentialEquation"	RelError: 1.57112e-15	AbsError: 4.31856e-17
number of equations 5085
Iteration: 0
  Device: "BenchmarkDiode"	RelError: 8.29284e-15	AbsError: 3.48422e+01
    Region: "SiRegion"	RelError: 8.29284e-15	AbsError: 3.48422e+01
      Equation: "ElectronContinuityEquation"	RelError: 4.86794e-15	AbsError: 1.58784e+01
      Equation: "HoleContinuityEquation"	RelError: 2.46586e-15	AbsError: 1.89639e+01
      Equation: "PotentialEquation"	RelError: 9.59044e-16	AbsError: 3.90644e-17
number of equations 5085
Iteration: 0
  Device: "BenchmarkDiode"	RelError: 5.18719e-15	AbsError: 3.65193e+01
    Region: "SiRegion"	RelError: 5.18719e-15	AbsError: 3.65193e+01
      Equation: "ElectronContinuityEquation"	RelError: 2.43856e-15	AbsError: 1.61416e+01
      Equation: "HoleContinuityEquation"	RelError: 1.95857e-15	AbsError: 2.03778e+01
      Equation: "PotentialEquation"	RelError: 7.90063e-16	AbsError: 3.73074e-17
Charge Relative Error 2.58869e-09
number of equations 5085
Iteration: 0
  Device: "BenchmarkDiode"	RelError: 6.07286e-15	AbsError: 3.50933e+01
    Region: "SiRegion"	RelError: 6.07286e-15	AbsError: 3.50933e+01
      Equation: "ElectronContinuityEquation"	RelError: 1.50761e-15	AbsError: 1.82697e+01
      Equation: "HoleContinuityEquation"	RelError: 4.04439e-15	AbsError: 1.68236e+01
      Equation: "PotentialEquation"	RelError: 5.20863e-16	AbsError: 4.60614e-17
Charge Relative Error 2.58869e-09
number of equations 5085
Iteration: 0
  Device: "BenchmarkDiode"	RelError: 4.59110e-15	AbsError: 4.17512e+01
    Region: "SiRegion"	RelError: 4.59110e-15	AbsError: 4.17512e+01
      Equation: "ElectronContinuityEquation"	RelError: 1.83703e-15	AbsError: 1.65446e+01
      Equation: "HoleContinuityEquation"	RelError: 2.17825e-15	AbsError: 2.52066e+01
      Equation: "PotentialEquation"	RelError: 5.75820e-16	AbsError: 5.68123e-17
Charge Relative Error 2.58869e-09
number of equations 5085
Iteration: 0
  Device: "BenchmarkDiode"	RelError: 8.73919e-15	AbsError: 3.22740e+01
    Region: "SiRegion"	RelError: 8.73919e-15	AbsError: 3.22740e+01
      Equation: "ElectronContinuityEquation"	RelError: 4.25913e-15	AbsError: 1.21796e+01
      Equation: "HoleContinuityEquation"	RelError: 2.98126e-15	AbsError: 2.00944e+01
      Equation: "PotentialEquation"	RelError: 1.49879e-15	AbsError: 6.05487e-17
Charge Relative Error 2.58869e-09
number of equations 5085
Iteration: 0
  Device: "BenchmarkDiode"	RelError: 8.91641e-15	AbsError: 3.30383e+01
    Region: "SiRegion"	RelError: 8.91641e-15	AbsError: 3.30383e+01
      Equation: "ElectronContinuityEquation"	RelError: 4.00257e-15	AbsError: 1.62523e+01
      Equation: "HoleContinuityEquation"	RelError: 4.43371e-15	AbsError: 1.67859e+01
      Equation: "PotentialEquation"	RelError: 4.80135e-16	AbsError: 6.13337e-17
Charge Relative Error 2.58869e-09
number of equations 5085
Iteration: 0
  Device: "BenchmarkDiode"	RelError: 7.36092e-15	AbsError: 4.44705e+01
    Region: "SiRegion"	RelError: 7.36092e-15	AbsError: 4.44705e+01
      Equation: "ElectronContinuityEquation"	RelError: 1.21359e-15	AbsError: 1.92642e+01
      Equation: "HoleContinuityEquation"	RelError: 5.08953e-15	AbsError: 2.52063e+01
      Equation: "PotentialEquation"	RelError: 1.05780e-15	AbsError: 7.61343e-17
Charge Relative Error 2.58869e-09
number of equations 5085
Iteration: 0
  Device: "BenchmarkDiode"	RelError: 5.00556e-15	AbsError: 3.65200e+01
    Region: "SiRegion"	RelError: 5.00556e-15	AbsError: 3.65200e+01
      Equation: "ElectronContinuityEquation"	RelError: 1.40290e-15	AbsError: 1.64258e+01
      Equation: "HoleContinuityEquation"	RelError: 2.15280e-15	AbsError: 2.00942e+01
      Equation: "PotentialEquation"	RelError: 1.44986e-15	AbsError: 4.96318e-17
Charge Relative Error 2.58869e-09
number of equations 5085
Iteration: 0
  Device: "BenchmarkDiode"	RelError: 4.39611e-15	AbsError: 3.74014e+01
    Region: "SiRegion"	RelError: 4.39611e-15	AbsError: 3.74014e+01
      Equation: "ElectronContinuityEquation"	RelError: 2.19046e-15	AbsError: 1.32981e+01
      Equation: "HoleContinuityEquation"	RelError: 1.72341e-15	AbsError: 2.41032e+01
      Equation: "PotentialEquation"	RelError: 4.82249e-16	AbsError: 4.54572e-17
Charge Relative Error 2.58869e-09
number of equations 5085
Iteration: 0
  Device: "BenchmarkDiode"	RelError: 5.51421e-15	AbsError: 4.15138e+01
    Region: "SiRegion"	RelError: 5.51421e-15	AbsError: 4.15138e+01
      Equation: "ElectronContinuityEquation"	RelError: 2.05458e-15	AbsError: 1.63071e+01
      Equation: "HoleContinuityEquation"	RelError: 2.01544e-15	AbsError: 2.52067e+01
      Equation: "PotentialEquation"	RelError: 1.44419e-15	AbsError: 4.22563e-17
Charge Relative Error 2.58869e-09
number of equations 5085
Iteration: 0
  Device: "BenchmarkDiode"	RelError: 4.83582e-15	AbsError: 3.82567e+01
    Region: "SiRegion"	RelError: 4.83582e-15	AbsError: 3.82567e+01
      Equation: "ElectronContinuityEquation"	RelError: 1.95320e-15	AbsError: 1.81623e+01
      Equation: "HoleContinuityEquation"	RelError: 1.19387e-15	AbsError: 2.00944e+01
      Equation: "PotentialEquation"	RelError: 1.68876e-15	AbsError: 3.90513e-17
Charge Relative Error 2.58869e-09
number of equations 5085
Iteration: 0
  Device: "BenchmarkDiode"	RelError: 2.28621e+03	AbsError: 2.61220e+15
    Region: "SiRegion"	RelError: 2.28621e+03	AbsError: 2.61220e+15
      Equation: "ElectronContinuityEquation"	RelError: 9.99000e+02	AbsError: 1.21220e+15
      Equation: "HoleContinuityEquation"	RelError: 9.99000e+02	AbsError: 1.40001e+15
      Equation: "PotentialEquation"	RelError: 2.88209e+02	AbsError: 1.04279e-01
Iteration: 1
  Device: "BenchmarkDiode"	RelError: 5.31171e+03	AbsError: 3.19505e+15
    Region: "SiRegion"	RelError: 5.31171e+03	AbsError: 3.19505e+15
      Equation: "ElectronContinuityEquation"	RelError: 2.45144e+00	AbsError: 1.73598e+15
      Equation: "HoleContinuityEquation"	RelError: 9.99000e+02	AbsError: 1.45907e+15
      Equation: "PotentialEquation"	RelError: 4.31026e+03	AbsError: 1.02348e-01
Iteration: 2
  Device: "BenchmarkDiode"	RelError: 1.73176e+05	AbsError: 9.20668e+14
    Region: "SiRegion"	RelError: 1.73176e+05	AbsError: 9.20668e+14
      Equation: "ElectronContinuityEquation"	RelError: 9.99000e+02	AbsError: 3.33735e+14
      Equation: "HoleContinuityEquation"	RelError: 9.99000e+02	AbsError: 5.86932e+14
      Equation: "PotentialEquation"	RelError: 1.71178e+05	AbsError: 1.00302e-01
Iteration: 3
  Device: "BenchmarkDiode"	RelError: 2.54546e+03	AbsError: 6.64192e+14
    Region: "SiRegion"	RelError: 2.54546e+03	AbsError: 6.64192e+14
      Equation: "ElectronContinuityEquation"	RelError: 9.99000e+02	AbsError: 6.03676e+13
      Equation: "HoleContinuityEquation"	RelError: 9.99000e+02	AbsError: 6.03824e+14
      Equation: "PotentialEquation"	RelError: 5.47455e+02	AbsError: 9.81263e-02
Iteration: 4
  Device: "BenchmarkDiode"	RelError: 2.25781e+03	AbsError: 4.38704e+14
    Region: "SiRegion"	RelError: 2.25781e+03	AbsError: 4.38704e+14
      Equation: "ElectronContinuityEquation"	RelError: 9.99000e+02	AbsError: 1.40761e+14
      Equation: "HoleContinuityEquation"	RelError: 9.99000e+02	AbsError: 2.97943e+14
      Equation: "PotentialEquation"	RelError: 2.59808e+02	AbsError: 9.58051e-02
Iteration: 5
  Device: "BenchmarkDiode"	RelError: 1.05134e+03	AbsError: 3.01697e+14
    Region: "SiRegion"	RelError: 1.05134e+03	AbsError: 3.01697e+14
      Equation: "ElectronContinuityEquation"	RelError: 1.27525e+00	AbsError: 1.39519e+13
      Equation: "HoleContinuityEquation"	RelError: 9.99000e+02	AbsError: 2.87745e+14
      Equation: "PotentialEquation"	RelError: 5.10616e+01	AbsError: 9.33185e-02
Iteration: 6
  Device: "BenchmarkDiode"	RelError: 2.20920e+03	AbsError: 2.88288e+14
    Region: "SiRegion"	RelError: 2.20920e+03	AbsError: 2.88288e+14
      Equation: "ElectronContinuityEquation"	RelError: 1.20130e+03	AbsError: 4.56108e+13
      Equation: "HoleContinuityEquation"	RelError: 9.99000e+02	AbsError: 2.42677e+14
      Equation: "PotentialEquation"	RelError: 8.89179e+00	AbsError: 9.06429e-02
Iteration: 7
  Device: "BenchmarkDiode"	RelError: 1.00377e+03	AbsError: 1.80575e+14
    Region: "SiRegion"	RelError: 1.00377e+03	AbsError: 1.80575e+14
      Equation: "ElectronContinuityEquation"	RelError: 9.98768e-01	AbsError: 5.01580e+13
      Equation: "HoleContinuityEquation"	RelError: 9.99000e+02	AbsError: 1.30417e+14
      Equation: "PotentialEquation"	RelError: 3.77280e+00	AbsError: 8.77491e-02
Iteration: 8
  Device: "BenchmarkDiode"	RelError: 6.35657e+03	AbsError: 1.17131e+14
    Region: "SiRegion"	RelError: 6.35657e+03	AbsError: 1.17131e+14
      Equation: "ElectronContinuityEquation"	RelError: 5.35745e+03	AbsError: 9.41678e+11
      Equation: "HoleContinuityEquation"	RelError: 9.99000e+02	AbsError: 1.16189e+14
      Equation: "PotentialEquation"	RelError: 1.21156e-01	AbsError: 8.46016e-02
Iteration: 9
  Device: "BenchmarkDiode"	RelError: 1.00280e+03	AbsError: 9.72007e+13
    Region: "SiRegion"	RelError: 1.00280e+03	AbsError: 9.72007e+13
      Equation: "ElectronContinuityEquation"	RelError: 9.99701e-01	AbsError: 1.05569e+13
      Equation: "HoleContinuityEquation"	RelError: 9.99000e+02	AbsError: 8.66438e+13
      Equation: "PotentialEquation"	RelError: 2.80320e+00	AbsError: 8.11554e-02
Iteration: 10
  Device: "BenchmarkDiode"	RelError: 5.17101e+03	AbsError: 5.67581e+13
    Region: "SiRegion"	RelError: 5.17101e+03	AbsError: 5.67581e+13
      Equation: "ElectronContinuityEquation"	RelError: 3.18535e+03	AbsError: 1.25414e+13
      Equation: "HoleContinuityEquation"	RelError: 1.98483e+03	AbsError: 4.42167e+13
      Equation: "PotentialEquation"	RelError: 8.38046e-01	AbsError: 7.73537e-02
Iteration: 11
  Device: "BenchmarkDiode"	RelError: 1.00027e+03	AbsError: 2.91346e+13
    Region: "SiRegion"	RelError: 1.00027e+03	AbsError: 2.91346e+13
      Equation: "ElectronContinuityEquation"	RelError: 9.99655e-01	AbsError: 3.49673e+12
      Equation: "HoleContinuityEquation"	RelError: 9.99000e+02	AbsError: 2.56378e+13
      Equation: "PotentialEquation"	RelError: 2.72487e-01	AbsError: 7.31232e-02
Iteration: 12
  Device: "BenchmarkDiode"	RelError: 1.99817e+03	AbsError: 1.93953e+13
    Region: "SiRegion"	RelError: 1.99817e+03	AbsError: 1.93953e+13
      Equation: "ElectronContinuityEquation"	RelError: 9.99000e+02	AbsError: 2.64815e+12
      Equation: "HoleContinuityEquation"	RelError: 9.99000e+02	AbsError: 1.67471e+13
      Equation: "PotentialEquation"	RelError: 1.71345e-01	AbsError: 6.83679e-02
Iteration: 13
  Device: "BenchmarkDiode"	RelError: 6.72785e+00	AbsError: 1.08758e+13
    Region: "SiRegion"	RelError: 6.72785e+00	AbsError: 1.08758e+13
      Equation: "ElectronContinuityEquation"	RelError: 9.98857e-01	AbsError: 1.80619e+11
      Equation: "HoleContinuityEquation"	RelError: 5.67329e+00	AbsError: 1.06952e+13
      Equation: "PotentialEquation"	RelError: 5.57082e-02	AbsError: 6.29604e-02
Iteration: 14
  Device: "BenchmarkDiode"	RelError: 1.00923e+03	AbsError: 6.72149e+12
    Region: "SiRegion"	RelError: 1.00923e+03	AbsError: 6.72149e+12
      Equation: "ElectronContinuityEquation"	RelError: 9.99000e+02	AbsError: 4.50032e+11
      Equation: "HoleContinuityEquation"	RelError: 1.01822e+01	AbsError: 6.27146e+12
      Equation: "PotentialEquation"	RelError: 4.73289e-02	AbsError: 5.67298e-02
Iteration: 15
  Device: "BenchmarkDiode"	RelError: 1.90804e+00	AbsError: 3.68776e+12
    Region: "SiRegion"	RelError: 1.90804e+00	AbsError: 3.68776e+12
      Equation: "ElectronContinuityEquation"	RelError: 9.98762e-01	AbsError: 5.52901e+11
      Equation: "HoleContinuityEquation"	RelError: 8.70052e-01	AbsError: 3.13486e+12
      Equation: "PotentialEquation"	RelError: 3.92297e-02	AbsError: 4.94491e-02
Iteration: 16
  Device: "BenchmarkDiode"	RelError: 6.01502e+00	AbsError: 1.40780e+12
    Region: "SiRegion"	RelError: 6.01502e+00	AbsError: 1.40780e+12
      Equation: "ElectronContinuityEquation"	RelError: 5.43891e+00	AbsError: 2.75123e+11
      Equation: "HoleContinuityEquation"	RelError: 5.45056e-01	AbsError: 1.13267e+12
      Equation: "PotentialEquation"	RelError: 3.10589e-02	AbsError: 4.08350e-02
Iteration: 17
  Device: "BenchmarkDiode"	RelError: 9.13261e-01	AbsError: 3.94558e+11
    Region: "SiRegion"	RelError: 9.13261e-01	AbsError: 3.94558e+11
      Equation: "ElectronContinuityEquation"	RelError: 7.48603e-01	AbsError: 6.25766e+10
      Equation: "HoleContinuityEquation"	RelError: 1.42153e-01	AbsError: 3.31982e+11
      Equation: "PotentialEquation"	RelError: 2.25055e-02	AbsError: 3.06228e-02
Iteration: 18
  Device: "BenchmarkDiode"	RelError: 4.00185e-01	AbsError: 1.10070e+11
    Region: "SiRegion"	RelError: 4.00185e-01	AbsError: 1.10070e+11
      Equation: "ElectronContinuityEquation"	RelError: 3.32661e-01	AbsError: 2.47492e+09
      Equation: "HoleContinuityEquation"	RelError: 4.82969e-02	AbsError: 1.07595e+11
      Equation: "PotentialEquation"	RelError: 1.92268e-02	AbsError: 2.58648e-02
Iteration: 19
  Device: "BenchmarkDiode"	RelError: 7.74170e-02	AbsError: 3.60590e+12
    Region: "SiRegion"	RelError: 7.74170e-02	AbsError: 3.60590e+12
      Equation: "ElectronContinuityEquation"	RelError: 6.95719e-02	AbsError: 2.99035e+10
      Equation: "HoleContinuityEquation"	RelError: 1.49526e-03	AbsError: 3.57600e+12
      Equation: "PotentialEquation"	RelError: 6.34985e-03	AbsError: 8.99934e-03
Iteration: 20
  Device: "BenchmarkDiode"	RelError: 2.07314e-02	AbsError: 3.61475e+12
    Region: "SiRegion"	RelError: 2.07314e-02	AbsError: 3.61475e+12
      Equation: "ElectronContinuityEquation"	RelError: 1.82158e-02	AbsError: 2.94168e+10
      Equation: "HoleContinuityEquation"	RelError: 5.76697e-04	AbsError: 3.58534e+12
      Equation: "PotentialEquation"	RelError: 1.93896e-03	AbsError: 7.51542e-06
Iteration: 21
  Device: "BenchmarkDiode"	RelError: 1.59130e-06	AbsError: 1.07756e+08
    Region: "SiRegion"	RelError: 1.59130e-06	AbsError: 1.07756e+08
      Equation: "ElectronContinuityEquation"	RelError: 1.48696e-06	AbsError: 1.06423e+06
      Equation: "HoleContinuityEquation"	RelError: 3.74669e-08	AbsError: 1.06692e+08
      Equation: "PotentialEquation"	RelError: 6.68741e-08	AbsError: 2.53784e-10
Iteration: 22
  Device: "BenchmarkDiode"	RelError: 3.09997e-14	AbsError: 6.71592e+01
    Region: "SiRegion"	RelError: 3.09997e-14	AbsError: 6.71592e+01
      Equation: "ElectronContinuityEquation"	RelError: 1.33137e-15	AbsError: 3.11436e+01
      Equation: "HoleContinuityEquation"	RelError: 1.20923e-15	AbsError: 3.60156e+01
      Equation: "PotentialEquation"	RelError: 2.84591e-14	AbsError: 1.44846e-16
Charge Relative Error 9.97545e-01
number of equations 5085
Iteration: 0
  Device: "BenchmarkDiode"	RelError: 7.33525e+02	AbsError: 2.66060e+13
    Region: "SiRegion"	RelError: 7.33525e+02	AbsError: 2.66060e+13
      Equation: "ElectronContinuityEquation"	RelError: 4.29007e+02	AbsError: 6.78388e+12
      Equation: "HoleContinuityEquation"	RelError: 3.04419e+02	AbsError: 1.98222e+13
      Equation: "PotentialEquation"	RelError: 9.80463e-02	AbsError: 5.17045e-04
Iteration: 1
  Device: "BenchmarkDiode"	RelError: 2.22962e+00	AbsError: 1.47984e+10
    Region: "SiRegion"	RelError: 2.22962e+00	AbsError: 1.47984e+10
      Equation: "ElectronContinuityEquation"	RelError: 1.96605e+00	AbsError: 1.26760e+09
      Equation: "HoleContinuityEquation"	RelError: 2.63472e-01	AbsError: 1.35308e+10
      Equation: "PotentialEquation"	RelError: 1.00175e-04	AbsError: 2.37092e-07
Iteration: 2
  Device: "BenchmarkDiode"	RelError: 4.41656e-06	AbsError: 1.06152e+04
    Region: "SiRegion"	RelError: 4.41656e-06	AbsError: 1.06152e+04
      Equation: "ElectronContinuityEquation"	RelError: 4.37270e-06	AbsError: 5.87381e+02
      Equation: "HoleContinuityEquation"	RelError: 4.38259e-08	AbsError: 1.00279e+04
      Equation: "PotentialEquation"	RelError: 2.98608e-11	AbsError: 1.18366e-13
Iteration: 3
  Device: "BenchmarkDiode"	RelError: 8.40524e-15	AbsError: 6.47475e+01
    Region: "SiRegion"	RelError: 8.40524e-15	AbsError: 6.47475e+01
      Equation: "ElectronContinuityEquation"	RelError: 1.30341e-15	AbsError: 2.09039e+01
      Equation: "HoleContinuityEquation"	RelError: 1.17887e-15	AbsError: 4.38437e+01
      Equation: "PotentialEquation"	RelError: 5.92297e-15	AbsError: 1.25314e-16
Charge Relative Error 1.00000e+00
number of equations 5085
Iteration: 0
  Device: "BenchmarkDiode"	RelError: 7.47126e+02	AbsError: 1.94259e+11
    Region: "SiRegion"	RelError: 7.47126e+02	AbsError: 1.94259e+11
      Equation: "ElectronContinuityEquation"	RelError: 4.95172e+02	AbsError: 1.16515e+10
      Equation: "HoleContinuityEquation"	RelError: 2.51953e+02	AbsError: 1.82608e+11
      Equation: "PotentialEquation"	RelError: 8.78668e-04	AbsError: 5.49249e-06
Iteration: 1
  Device: "BenchmarkDiode"	RelError: 1.52587e-02	AbsError: 1.50336e+06
    Region: "SiRegion"	RelError: 1.52587e-02	AbsError: 1.50336e+06
      Equation: "ElectronContinuityEquation"	RelError: 1.33176e-02	AbsError: 2.53794e+05
      Equation: "HoleContinuityEquation"	RelError: 1.94110e-03	AbsError: 1.24957e+06
      Equation: "PotentialEquation"	RelError: 1.47546e-08	AbsError: 2.76701e-11
Iteration: 2
  Device: "BenchmarkDiode"	RelError: 2.16809e-12	AbsError: 7.73488e+01
    Region: "SiRegion"	RelError: 2.16809e-12	AbsError: 7.73488e+01
      Equation: "ElectronContinuityEquation"	RelError: 2.07663e-12	AbsError: 3.30731e+01
      Equation: "HoleContinuityEquation"	RelError: 6.49001e-14	AbsError: 4.42757e+01
      Equation: "PotentialEquation"	RelError: 2.65585e-14	AbsError: 1.41152e-16
Charge Relative Error 1.00000e+00
number of equations 5085
Iteration: 0
  Device: "BenchmarkDiode"	RelError: 1.86480e+02	AbsError: 1.92137e+09
    Region: "SiRegion"	RelError: 1.86480e+02	AbsError: 1.92137e+09
      Equation: "ElectronContinuityEquation"	RelError: 8.07169e+01	AbsError: 1.18700e+08
      Equation: "HoleContinuityEquation"	RelError: 1.05763e+02	AbsError: 1.80267e+09
      Equation: "PotentialEquation"	RelError: 1.57563e-05	AbsError: 5.61711e-08
Iteration: 1
  Device: "BenchmarkDiode"	RelError: 5.51174e-05	AbsError: 1.69389e+02
    Region: "SiRegion"	RelError: 5.51174e-05	AbsError: 1.69389e+02
      Equation: "ElectronContinuityEquation"	RelError: 4.81735e-05	AbsError: 4.41717e+01
      Equation: "HoleContinuityEquation"	RelError: 6.94392e-06	AbsError: 1.25217e+02
      Equation: "PotentialEquation"	RelError: 1.89968e-12	AbsError: 2.98375e-15
Iteration: 2
  Device: "BenchmarkDiode"	RelError: 6.87628e-15	AbsError: 4.09651e+01
    Region: "SiRegion"	RelError: 6.87628e-15	AbsError: 4.09651e+01
      Equation: "ElectronContinuityEquation"	RelError: 2.51223e-15	AbsError: 2.25518e+01
      Equation: "HoleContinuityEquation"	RelError: 2.05580e-15	AbsError: 1.84133e+01
      Equation: "PotentialEquation"	RelError: 2.30824e-15	AbsError: 1.31691e-16
Charge Relative Error 9.99985e-01
number of equations 5085
Iteration: 0
  Device: "BenchmarkDiode"	RelError: 9.33903e+00	AbsError: 1.86903e+07
    Region: "SiRegion"	RelError: 9.33903e+00	AbsError: 1.86903e+07
      Equation: "ElectronContinuityEquation"	RelError: 7.39502e-01	AbsError: 1.89036e+06
      Equation: "HoleContinuityEquation"	RelError: 8.59953e+00	AbsError: 1.67999e+07
      Equation: "PotentialEquation"	RelError: 1.67709e-07	AbsError: 5.08824e-10
Iteration: 1
  Device: "BenchmarkDiode"	RelError: 7.75830e-09	AbsError: 7.48178e+01
    Region: "SiRegion"	RelError: 7.75830e-09	AbsError: 7.48178e+01
      Equation: "ElectronContinuityEquation"	RelError: 3.99529e-09	AbsError: 3.58385e+01
      Equation: "HoleContinuityEquation"	RelError: 3.76300e-09	AbsError: 3.89793e+01
      Equation: "PotentialEquation"	RelError: 4.95667e-15	AbsError: 1.16200e-16
Iteration: 2
  Device: "BenchmarkDiode"	RelError: 5.36207e-15	AbsError: 3.59978e+01
    Region: "SiRegion"	RelError: 5.36207e-15	AbsError: 3.59978e+01
      Equation: "ElectronContinuityEquation"	RelError: 1.38247e-15	AbsError: 2.14160e+01
      Equation: "HoleContinuityEquation"	RelError: 1.26594e-15	AbsError: 1.45818e+01
      Equation: "PotentialEquation"	RelError: 2.71366e-15	AbsError: 1.16736e-16
Charge Relative Error 9.97743e-01
number of equations 5085
Iteration: 0
  Device: "BenchmarkDiode"	RelError: 2.43841e-01	AbsError: 1.62557e+05
    Region: "SiRegion"	RelError: 2.43841e-01	AbsError: 1.62557e+05
      Equation: "ElectronContinuityEquation"	RelError: 8.18031e-03	AbsError: 1.86700e+04
      Equation: "HoleContinuityEquation"	RelError: 2.35661e-01	AbsError: 1.43887e+05
      Equation: "PotentialEquation"	RelError: 1.46099e-09	AbsError: 4.16915e-12
Iteration: 1
  Device: "BenchmarkDiode"	RelError: 1.11758e-12	AbsError: 6.96999e+01
    Region: "SiRegion"	RelError: 1.11758e-12	AbsError: 6.96999e+01
      Equation: "ElectronContinuityEquation"	RelError: 2.58298e-13	AbsError: 4.25465e+01
      Equation: "HoleContinuityEquation"	RelError: 8.34468e-13	AbsError: 2.71535e+01
      Equation: "PotentialEquation"	RelError: 2.48096e-14	AbsError: 1.31639e-16
Charge Relative Error 6.55882e-01
number of equations 5085
Iteration: 0
  Device: "BenchmarkDiode"	RelError: 5.63332e-03	AbsError: 1.30208e+03
    Region: "SiRegion"	RelError: 5.63332e-03	AbsError: 1.30208e+03
      Equation: "ElectronContinuityEquation"	RelError: 9.64881e-05	AbsError: 1.59210e+02
      Equation: "HoleContinuityEquation"	RelError: 5.53683e-03	AbsError: 1.14287e+03
      Equation: "PotentialEquation"	RelError: 1.14887e-11	AbsError: 3.17798e-14
Iteration: 1
  Device: "BenchmarkDiode"	RelError: 6.03698e-15	AbsError: 4.59048e+01
    Region: "SiRegion"	RelError: 6.03698e-15	AbsError: 4.59048e+01
      Equation: "ElectronContinuityEquation"	RelError: 1.51718e-15	AbsError: 2.58561e+01
      Equation: "HoleContinuityEquation"	RelError: 2.14198e-15	AbsError: 2.00487e+01
      Equation: "PotentialEquation"	RelError: 2.37782e-15	AbsError: 1.13275e-16
Charge Relative Error 3.60917e-03
number of equations 5085
Iteration: 0
  Device: "BenchmarkDiode"	RelError: 1.31271e-04	AbsError: 3.15034e+01
    Region: "SiRegion"	RelError: 1.31271e-04	AbsError: 3.15034e+01
      Equation: "ElectronContinuityEquation"	RelError: 1.14679e-06	AbsError: 1.55835e+01
      Equation: "HoleContinuityEquation"	RelError: 1.30124e-04	AbsError: 1.59199e+01
      Equation: "PotentialEquation"	RelError: 8.78320e-14	AbsError: 3.25818e-16
Iteration: 1
  Device: "BenchmarkDiode"	RelError: 9.09825e-15	AbsError: 2.56799e+01
    Region: "SiRegion"	RelError: 9.09825e-15	AbsError: 2.56799e+01
      Equation: "ElectronContinuityEquation"	RelError: 2.48663e-15	AbsError: 1.77510e+01
      Equation: "HoleContinuityEquation"	RelError: 2.64767e-15	AbsError: 7.92894e+00
      Equation: "PotentialEquation"	RelError: 3.96395e-15	AbsError: 1.11022e-16
Charge Relative Error 2.34112e-05
number of equations 5085
Iteration: 0
  Device: "BenchmarkDiode"	RelError: 3.07409e-06	AbsError: 2.78885e+01
    Region: "SiRegion"	RelError: 3.07409e-06	AbsError: 2.78885e+01
      Equation: "ElectronContinuityEquation"	RelError: 1.36450e-08	AbsError: 1.99498e+01
      Equation: "HoleContinuityEquation"	RelError: 3.06044e-06	AbsError: 7.93865e+00
      Equation: "PotentialEquation"	RelError: 1.07909e-14	AbsError: 1.11022e-16
Iteration: 1
  Device: "BenchmarkDiode"	RelError: 1.43304e-14	AbsError: 2.16538e+01
    Region: "SiRegion"	RelError: 1.43304e-14	AbsError: 2.16538e+01
      Equation: "ElectronContinuityEquation"	RelError: 1.65054e-15	AbsError: 1.36588e+01
      Equation: "HoleContinuityEquation"	RelError: 3.12926e-15	AbsError: 7.99507e+00
      Equation: "PotentialEquation"	RelError: 9.55055e-15	AbsError: 1.13753e-16
Charge Relative Error 1.61873e-07
number of equations 5085
Iteration: 0
  Device: "BenchmarkDiode"	RelError: 7.21533e-08	AbsError: 2.79350e+01
    Region: "SiRegion"	RelError: 7.21533e-08	AbsError: 2.79350e+01
      Equation: "ElectronContinuityEquation"	RelError: 1.62387e-10	AbsError: 2.00048e+01
      Equation: "HoleContinuityEquation"	RelError: 7.19909e-08	AbsError: 7.93022e+00
      Equation: "PotentialEquation"	RelError: 9.47402e-15	AbsError: 1.13888e-16
Iteration: 1
  Device: "BenchmarkDiode"	RelError: 1.96439e-14	AbsError: 2.16769e+01
    Region: "SiRegion"	RelError: 1.96439e-14	AbsError: 2.16769e+01
      Equation: "ElectronContinuityEquation"	RelError: 2.20992e-15	AbsError: 1.37296e+01
      Equation: "HoleContinuityEquation"	RelError: 1.35594e-15	AbsError: 7.94728e+00
      Equation: "PotentialEquation"	RelError: 1.60780e-14	AbsError: 1.13605e-16
Charge Relative Error 4.57916e-09
number of equations 5085
Iteration: 0
  Device: "BenchmarkDiode"	RelError: 1.69546e-09	AbsError: 3.08402e+01
    Region: "SiRegion"	RelError: 1.69546e-09	AbsError: 3.08402e+01
      Equation: "ElectronContinuityEquation"	RelError: 1.93365e-12	AbsError: 2.28694e+01
      Equation: "HoleContinuityEquation"	RelError: 1.69350e-09	AbsError: 7.97083e+00
      Equation: "PotentialEquation"	RelError: 2.39285e-14	AbsError: 1.13553e-16
Iteration: 1
  Device: "BenchmarkDiode"	RelError: 2.48522e-14	AbsError: 2.26774e+01
    Region: "SiRegion"	RelError: 2.48522e-14	AbsError: 2.26774e+01
      Equation: "ElectronContinuityEquation"	RelError: 2.92110e-15	AbsError: 1.47485e+01
      Equation: "HoleContinuityEquation"	RelError: 3.07891e-15	AbsError: 7.92893e+00
      Equation: "PotentialEquation"	RelError: 1.88522e-14	AbsError: 1.12582e-16
Charge Relative Error 4.57916e-09
number of equations 5085
Iteration: 0
  Device: "BenchmarkDiode"	RelError: 3.98712e-11	AbsError: 2.79325e+01
    Region: "SiRegion"	RelError: 3.98712e-11	AbsError: 2.79325e+01
      Equation: "ElectronContinuityEquation"	RelError: 2.40420e-14	AbsError: 1.99982e+01
      Equation: "HoleContinuityEquation"	RelError: 3.98371e-11	AbsError: 7.93436e+00
      Equation: "PotentialEquation"	RelError: 1.00133e-14	AbsError: 1.12698e-16
Charge Relative Error 4.57916e-09
number of equations 5085
Iteration: 0
  Device: "BenchmarkDiode"	RelError: 9.50853e-13	AbsError: 2.16966e+01
    Region: "SiRegion"	RelError: 9.50853e-13	AbsError: 2.16966e+01
      Equation: "ElectronContinuityEquation"	RelError: 1.15681e-15	AbsError: 1.37530e+01
      Equation: "HoleContinuityEquation"	RelError: 9.37142e-13	AbsError: 7.94366e+00
      Equation: "PotentialEquation"	RelError: 1.25543e-14	AbsError: 1.12574e-16
Charge Relative Error 4.57916e-09
number of equations 5085
Iteration: 0
  Device: "BenchmarkDiode"	RelError: 3.51797e-14	AbsError: 2.79532e+01
    Region: "SiRegion"	RelError: 3.51797e-14	AbsError: 2.79532e+01
      Equation: "ElectronContinuityEquation"	RelError: 1.42215e-15	AbsError: 1.99699e+01
      Equation: "HoleContinuityEquation"	RelError: 2.22109e-14	AbsError: 7.98330e+00
      Equation: "PotentialEquation"	RelError: 1.15466e-14	AbsError: 1.11886e-16
Charge Relative Error 4.57916e-09
number of equations 5085
Iteration: 0
  Device: "BenchmarkDiode"	RelError: 1.25074e-14	AbsError: 2.15902e+01
    Region: "SiRegion"	RelError: 1.25074e-14	AbsError: 2.15902e+01
      Equation: "ElectronContinuityEquation"	RelError: 1.27319e-15	AbsError: 1.36613e+01
      Equation: "HoleContinuityEquation"	RelError: 2.71477e-15	AbsError: 7.92893e+00
      Equation: "PotentialEquation"	RelError: 8.51944e-15	AbsError: 1.12834e-16
Charge Relative Error 4.57916e-09
number of equations 5085
Iteration: 0
  Device: "BenchmarkDiode"	RelError: 1.64502e-14	AbsError: 2.78892e+01
    Region: "SiRegion"	RelError: 1.64502e-14	AbsError: 2.78892e+01
      Equation: "ElectronContinuityEquation"	RelError: 1.59259e-15	AbsError: 1.99548e+01
      Equation: "HoleContinuityEquation"	RelError: 1.73826e-15	AbsError: 7.93441e+00
      Equation: "PotentialEquation"	RelError: 1.31194e-14	AbsError: 1.11022e-16
Charge Relative Error 4.57916e-09
number of equations 5085
Iteration: 0
  Device: "BenchmarkDiode"	RelError: 1.71292e-14	AbsError: 2.16064e+01
    Region: "SiRegion"	RelError: 1.71292e-14	AbsError: 2.16064e+01
      Equation: "ElectronContinuityEquation"	RelError: 1.39405e-15	AbsError: 1.36635e+01
      Equation: "HoleContinuityEquation"	RelError: 9.48347e-16	AbsError: 7.94295e+00
      Equation: "PotentialEquation"	RelError: 1.47868e-14	AbsError: 1.12310e-16
Charge Relative Error 4.57916e-09
number of equations 5085
Iteration: 0
  Device: "BenchmarkDiode"	RelError: 1.42143e-14	AbsError: 2.79582e+01
    Region: "SiRegion"	RelError: 1.42143e-14	AbsError: 2.79582e+01
      Equation: "ElectronContinuityEquation"	RelError: 1.83953e-15	AbsError: 1.99743e+01
      Equation: "HoleContinuityEquation"	RelError: 1.64425e-15	AbsError: 7.98388e+00
      Equation: "PotentialEquation"	RelError: 1.07305e-14	AbsError: 1.11947e-16
Charge Relative Error 4.57916e-09
number of equations 5085
Iteration: 0
  Device: "BenchmarkDiode"	RelError: 1.47662e-14	AbsError: 2.15915e+01
    Region: "SiRegion"	RelError: 1.47662e-14	AbsError: 2.15915e+01
      Equation: "ElectronContinuityEquation"	RelError: 2.34662e-15	AbsError: 1.36625e+01
      Equation: "HoleContinuityEquation"	RelError: 2.92102e-15	AbsError: 7.92893e+00
      Equation: "PotentialEquation"	RelError: 9.49855e-15	AbsError: 1.12729e-16
Charge Relative Error 4.57916e-09
number of equations 5085
Iteration: 0
  Device: "BenchmarkDiode"	RelError: 1.29777e-14	AbsError: 2.79296e+01
    Region: "SiRegion"	RelError: 1.29777e-14	AbsError: 2.79296e+01
      Equation: "ElectronContinuityEquation"	RelError: 2.26041e-15	AbsError: 1.99952e+01
      Equation: "HoleContinuityEquation"	RelError: 2.13012e-15	AbsError: 7.93447e+00
      Equation: "PotentialEquation"	RelError: 8.58720e-15	AbsError: 1.11022e-16
Charge Relative Error 4.57916e-09
number of equations 5085
Iteration: 0
  Device: "BenchmarkDiode"	RelError: 1.21189e-14	AbsError: 2.19660e+01
    Region: "SiRegion"	RelError: 1.21189e-14	AbsError: 2.19660e+01
      Equation: "ElectronContinuityEquation"	RelError: 1.36537e-15	AbsError: 1.40226e+01
      Equation: "HoleContinuityEquation"	RelError: 1.79476e-15	AbsError: 7.94347e+00
      Equation: "PotentialEquation"	RelError: 8.95875e-15	AbsError: 1.12457e-16
Charge Relative Error 4.57916e-09
number of equations 5085
Iteration: 0
  Device: "BenchmarkDiode"	RelError: 1.53400e-14	AbsError: 2.79363e+01
    Region: "SiRegion"	RelError: 1.53400e-14	AbsError: 2.79363e+01
      Equation: "ElectronContinuityEquation"	RelError: 1.22126e-15	AbsError: 1.99530e+01
      Equation: "HoleContinuityEquation"	RelError: 2.41275e-15	AbsError: 7.98338e+00
      Equation: "PotentialEquation"	RelError: 1.17060e-14	AbsError: 1.11894e-16
Charge Relative Error 4.57916e-09
number of equations 5085
Iteration: 0
  Device: "BenchmarkDiode"	RelError: 1.39632e-14	AbsError: 2.15870e+01
    Region: "SiRegion"	RelError: 1.39632e-14	AbsError: 2.15870e+01
      Equation: "ElectronContinuityEquation"	RelError: 1.35330e-15	AbsError: 1.36580e+01
      Equation: "HoleContinuityEquation"	RelError: 2.95523e-15	AbsError: 7.92893e+00
      Equation: "PotentialEquation"	RelError: 9.65469e-15	AbsError: 1.12849e-16
Charge Relative Error 4.57916e-09
number of equations 5085
Iteration: 0
  Device: "BenchmarkDiode"	RelError: 1.30030e-14	AbsError: 2.79426e+01
    Region: "SiRegion"	RelError: 1.30030e-14	AbsError: 2.79426e+01
      Equation: "ElectronContinuityEquation"	RelError: 1.57701e-15	AbsError: 2.00079e+01
      Equation: "HoleContinuityEquation"	RelError: 3.01526e-15	AbsError: 7.93469e+00
      Equation: "PotentialEquation"	RelError: 8.41076e-15	AbsError: 1.11022e-16
Charge Relative Error 4.57916e-09
number of equations 5085
Iteration: 0
  Device: "BenchmarkDiode"	RelError: 1.75479e-14	AbsError: 2.16728e+01
    Region: "SiRegion"	RelError: 1.75479e-14	AbsError: 2.16728e+01
      Equation: "ElectronContinuityEquation"	RelError: 1.05124e-15	AbsError: 1.37294e+01
      Equation: "HoleContinuityEquation"	RelError: 2.24712e-15	AbsError: 7.94339e+00
      Equation: "PotentialEquation"	RelError: 1.42495e-14	AbsError: 1.12680e-16
Charge Relative Error 4.57916e-09
number of equations 5085
Iteration: 0
  Device: "BenchmarkDiode"	RelError: 2.37732e-14	AbsError: 3.11998e+01
    Region: "SiRegion"	RelError: 2.37732e-14	AbsError: 3.11998e+01
      Equation: "ElectronContinuityEquation"	RelError: 1.20543e-15	AbsError: 2.32171e+01
      Equation: "HoleContinuityEquation"	RelError: 1.61705e-15	AbsError: 7.98265e+00
      Equation: "PotentialEquation"	RelError: 2.09507e-14	AbsError: 1.12113e-16
Charge Relative Error 4.57916e-09
number of equations 5085
Iteration: 0
  Device: "BenchmarkDiode"	RelError: 2.91294e-14	AbsError: 2.16410e+01
    Region: "SiRegion"	RelError: 2.91294e-14	AbsError: 2.16410e+01
      Equation: "ElectronContinuityEquation"	RelError: 2.76671e-15	AbsError: 1.37120e+01
      Equation: "HoleContinuityEquation"	RelError: 1.77285e-15	AbsError: 7.92893e+00
      Equation: "PotentialEquation"	RelError: 2.45898e-14	AbsError: 1.12718e-16
Charge Relative Error 4.57916e-09
number of equations 5085
Iteration: 0
  Device: "BenchmarkDiode"	RelError: 2.54073e-14	AbsError: 2.79027e+01
    Region: "SiRegion"	RelError: 2.54073e-14	AbsError: 2.79027e+01
      Equation: "ElectronContinuityEquation"	RelError: 2.73152e-15	AbsError: 1.99689e+01
      Equation: "HoleContinuityEquation"	RelError: 1.80184e-15	AbsError: 7.93379e+00
      Equation: "PotentialEquation"	RelError: 2.08739e-14	AbsError: 1.13595e-16
Charge Relative Error 4.57916e-09
number of equations 5085
Iteration: 0
  Device: "BenchmarkDiode"	RelError: 1.70808e-14	AbsError: 2.16037e+01
    Region: "SiRegion"	RelError: 1.70808e-14	AbsError: 2.16037e+01
      Equation: "ElectronContinuityEquation"	RelError: 1.73308e-15	AbsError: 1.36606e+01
      Equation: "HoleContinuityEquation"	RelError: 1.87958e-15	AbsError: 7.94309e+00
      Equation: "PotentialEquation"	RelError: 1.34682e-14	AbsError: 1.12101e-16
Charge Relative Error 4.57916e-09
number of equations 5085
Iteration: 0
  Device: "BenchmarkDiode"	RelError: 1.28461e-14	AbsError: 2.79855e+01
    Region: "SiRegion"	RelError: 1.28461e-14	AbsError: 2.79855e+01
      Equation: "ElectronContinuityEquation"	RelError: 1.56779e-15	AbsError: 2.00018e+01
      Equation: "HoleContinuityEquation"	RelError: 1.81545e-15	AbsError: 7.98371e+00
      Equation: "PotentialEquation"	RelError: 9.46284e-15	AbsError: 1.11926e-16
Charge Relative Error 4.57916e-09
number of equations 5085
Iteration: 0
  Device: "BenchmarkDiode"	RelError: 1.24452e-14	AbsError: 2.19078e+01
    Region: "SiRegion"	RelError: 1.24452e-14	AbsError: 2.19078e+01
      Equation: "ElectronContinuityEquation"	RelError: 1.08541e-15	AbsError: 1.39789e+01
      Equation: "HoleContinuityEquation"	RelError: 1.74386e-15	AbsError: 7.92893e+00
      Equation: "PotentialEquation"	RelError: 9.61597e-15	AbsError: 1.12756e-16
Charge Relative Error 4.57916e-09
number of equations 5085
Iteration: 0
  Device: "BenchmarkDiode"	RelError: 1.26514e-14	AbsError: 2.79073e+01
    Region: "SiRegion"	RelError: 1.26514e-14	AbsError: 2.79073e+01
      Equation: "ElectronContinuityEquation"	RelError: 1.34119e-15	AbsError: 1.99723e+01
      Equation: "HoleContinuityEquation"	RelError: 2.11748e-15	AbsError: 7.93497e+00
      Equation: "PotentialEquation"	RelError: 9.19269e-15	AbsError: 1.11022e-16
Charge Relative Error 4.57916e-09
number of equations 5085
Iteration: 0
  Device: "BenchmarkDiode"	RelError: 1.05236e-14	AbsError: 2.16033e+01
    Region: "SiRegion"	RelError: 1.05236e-14	AbsError: 2.16033e+01
      Equation: "ElectronContinuityEquation"	RelError: 1.41544e-15	AbsError: 1.36606e+01
      Equation: "HoleContinuityEquation"	RelError: 2.14828e-15	AbsError: 7.94264e+00
      Equation: "PotentialEquation"	RelError: 6.95993e-15	AbsError: 1.11986e-16
Charge Relative Error 4.57916e-09
number of equations 5085
Iteration: 0
  Device: "BenchmarkDiode"	RelError: 1.32595e-14	AbsError: 2.79415e+01
    Region: "SiRegion"	RelError: 1.32595e-14	AbsError: 2.79415e+01
      Equation: "ElectronContinuityEquation"	RelError: 1.53343e-15	AbsError: 1.99582e+01
      Equation: "HoleContinuityEquation"	RelError: 1.07794e-15	AbsError: 7.98333e+00
      Equation: "PotentialEquation"	RelError: 1.06481e-14	AbsError: 1.11893e-16
Charge Relative Error 4.57916e-09
number of equations 5085
Iteration: 0
  Device: "BenchmarkDiode"	RelError: 1.61328e-14	AbsError: 2.15921e+01
    Region: "SiRegion"	RelError: 1.61328e-14	AbsError: 2.15921e+01
      Equation: "ElectronContinuityEquation"	RelError: 1.58856e-15	AbsError: 1.36632e+01
      Equation: "HoleContinuityEquation"	RelError: 1.18898e-15	AbsError: 7.92893e+00
      Equation: "PotentialEquation"	RelError: 1.33552e-14	AbsError: 1.12785e-16
Charge Relative Error 4.57916e-09
number of equations 5085
Iteration: 0
  Device: "BenchmarkDiode"	RelError: 1.34232e-14	AbsError: 2.79090e+01
    Region: "SiRegion"	RelError: 1.34232e-14	AbsError: 2.79090e+01
      Equation: "ElectronContinuityEquation"	RelError: 1.01518e-15	AbsError: 1.99746e+01
      Equation: "HoleContinuityEquation"	RelError: 1.30344e-15	AbsError: 7.93441e+00
      Equation: "PotentialEquation"	RelError: 1.11046e-14	AbsError: 1.11022e-16
Charge Relative Error 4.57916e-09
number of equations 5085
Iteration: 0
  Device: "BenchmarkDiode"	RelError: 1.42099e-14	AbsError: 2.16059e+01
    Region: "SiRegion"	RelError: 1.42099e-14	AbsError: 2.16059e+01
      Equation: "ElectronContinuityEquation"	RelError: 1.83039e-15	AbsError: 1.36627e+01
      Equation: "HoleContinuityEquation"	RelError: 1.73973e-15	AbsError: 7.94323e+00
      Equation: "PotentialEquation"	RelError: 1.06397e-14	AbsError: 1.12229e-16
Charge Relative Error 4.57916e-09
number of equations 5085
Iteration: 0
  Device: "BenchmarkDiode"	RelError: 1.33609e-14	AbsError: 2.79787e+01
    Region: "SiRegion"	RelError: 1.33609e-14	AbsError: 2.79787e+01
      Equation: "ElectronContinuityEquation"	RelError: 1.87075e-15	AbsError: 1.99950e+01
      Equation: "HoleContinuityEquation"	RelError: 2.60885e-15	AbsError: 7.98366e+00
      Equation: "PotentialEquation"	RelError: 8.88126e-15	AbsError: 1.11921e-16
Charge Relative Error 4.57916e-09
number of equations 5085
Iteration: 0
  Device: "BenchmarkDiode"	RelError: 1.24803e-14	AbsError: 2.19450e+01
    Region: "SiRegion"	RelError: 1.24803e-14	AbsError: 2.19450e+01
      Equation: "ElectronContinuityEquation"	RelError: 1.17819e-15	AbsError: 1.40161e+01
      Equation: "HoleContinuityEquation"	RelError: 2.58929e-15	AbsError: 7.92893e+00
      Equation: "PotentialEquation"	RelError: 8.71284e-15	AbsError: 1.12757e-16
Charge Relative Error 4.57916e-09
number of equations 5085
Iteration: 0
  Device: "BenchmarkDiode"	RelError: 1.44199e-14	AbsError: 2.78876e+01
    Region: "SiRegion"	RelError: 1.44199e-14	AbsError: 2.78876e+01
      Equation: "ElectronContinuityEquation"	RelError: 1.38415e-15	AbsError: 1.99531e+01
      Equation: "HoleContinuityEquation"	RelError: 2.32760e-15	AbsError: 7.93456e+00
      Equation: "PotentialEquation"	RelError: 1.07081e-14	AbsError: 1.11022e-16
Charge Relative Error 4.57916e-09
number of equations 5085
Iteration: 0
  Device: "BenchmarkDiode"	RelError: 1.29177e-14	AbsError: 2.16007e+01
    Region: "SiRegion"	RelError: 1.29177e-14	AbsError: 2.16007e+01
      Equation: "ElectronContinuityEquation"	RelError: 1.46082e-15	AbsError: 1.36581e+01
      Equation: "HoleContinuityEquation"	RelError: 1.64969e-15	AbsError: 7.94255e+00
      Equation: "PotentialEquation"	RelError: 9.80720e-15	AbsError: 1.11912e-16
Charge Relative Error 4.57916e-09
number of equations 5085
Iteration: 0
  Device: "BenchmarkDiode"	RelError: 1.19101e-14	AbsError: 2.79912e+01
    Region: "SiRegion"	RelError: 1.19101e-14	AbsError: 2.79912e+01
      Equation: "ElectronContinuityEquation"	RelError: 1.57684e-15	AbsError: 2.00077e+01
      Equation: "HoleContinuityEquation"	RelError: 9.89235e-16	AbsError: 7.98356e+00
      Equation: "PotentialEquation"	RelError: 9.34401e-15	AbsError: 1.11915e-16
Charge Relative Error 4.57916e-09
number of equations 5085
Iteration: 0
  Device: "BenchmarkDiode"	RelError: 1.78050e-14	AbsError: 2.16584e+01
    Region: "SiRegion"	RelError: 1.78050e-14	AbsError: 2.16584e+01
      Equation: "ElectronContinuityEquation"	RelError: 1.18022e-15	AbsError: 1.37294e+01
      Equation: "HoleContinuityEquation"	RelError: 2.39504e-15	AbsError: 7.92893e+00
      Equation: "PotentialEquation"	RelError: 1.42297e-14	AbsError: 1.12797e-16
Charge Relative Error 4.57916e-09
number of equations 5085
Iteration: 0
  Device: "BenchmarkDiode"	RelError: 2.54221e-14	AbsError: 3.11482e+01
    Region: "SiRegion"	RelError: 2.54221e-14	AbsError: 3.11482e+01
      Equation: "ElectronContinuityEquation"	RelError: 2.21442e-15	AbsError: 2.32148e+01
      Equation: "HoleContinuityEquation"	RelError: 2.09235e-15	AbsError: 7.93342e+00
      Equation: "PotentialEquation"	RelError: 2.11153e-14	AbsError: 1.11022e-16
Charge Relative Error 4.57916e-09
number of equations 5085
Iteration: 0
  Device: "BenchmarkDiode"	RelError: 2.87290e-14	AbsError: 2.16484e+01
    Region: "SiRegion"	RelError: 2.87290e-14	AbsError: 2.16484e+01
      Equation: "ElectronContinuityEquation"	RelError: 2.73469e-15	AbsError: 1.37040e+01
      Equation: "HoleContinuityEquation"	RelError: 1.68051e-15	AbsError: 7.94436e+00
      Equation: "PotentialEquation"	RelError: 2.43138e-14	AbsError: 1.13174e-16
Charge Relative Error 4.57916e-09
number of equations 5085
Iteration: 0
  Device: "BenchmarkDiode"	RelError: 2.31207e-14	AbsError: 2.79519e+01
    Region: "SiRegion"	RelError: 2.31207e-14	AbsError: 2.79519e+01
      Equation: "ElectronContinuityEquation"	RelError: 2.54541e-15	AbsError: 1.99693e+01
      Equation: "HoleContinuityEquation"	RelError: 1.41269e-15	AbsError: 7.98262e+00
      Equation: "PotentialEquation"	RelError: 1.91626e-14	AbsError: 1.11953e-16
Charge Relative Error 4.57916e-09
number of equations 5085
Iteration: 0
  Device: "BenchmarkDiode"	RelError: 1.25601e-14	AbsError: 2.15886e+01
    Region: "SiRegion"	RelError: 1.25601e-14	AbsError: 2.15886e+01
      Equation: "ElectronContinuityEquation"	RelError: 1.38147e-15	AbsError: 1.36597e+01
      Equation: "HoleContinuityEquation"	RelError: 9.17113e-16	AbsError: 7.92893e+00
      Equation: "PotentialEquation"	RelError: 1.02615e-14	AbsError: 1.12886e-16
Charge Relative Error 4.57916e-09
number of equations 5085
Iteration: 0
  Device: "BenchmarkDiode"	RelError: 1.16219e-14	AbsError: 2.79207e+01
    Region: "SiRegion"	RelError: 1.16219e-14	AbsError: 2.79207e+01
      Equation: "ElectronContinuityEquation"	RelError: 8.87222e-16	AbsError: 1.99858e+01
      Equation: "HoleContinuityEquation"	RelError: 1.20322e-15	AbsError: 7.93492e+00
      Equation: "PotentialEquation"	RelError: 9.53151e-15	AbsError: 1.11022e-16
Charge Relative Error 4.57916e-09
number of equations 5085
Iteration: 0
  Device: "BenchmarkDiode"	RelError: 1.52071e-14	AbsError: 2.16065e+01
    Region: "SiRegion"	RelError: 1.52071e-14	AbsError: 2.16065e+01
      Equation: "ElectronContinuityEquation"	RelError: 1.84302e-15	AbsError: 1.36635e+01
      Equation: "HoleContinuityEquation"	RelError: 1.75617e-15	AbsError: 7.94301e+00
      Equation: "PotentialEquation"	RelError: 1.16079e-14	AbsError: 1.12207e-16
Charge Relative Error 4.57916e-09
number of equations 5085
Iteration: 0
  Device: "BenchmarkDiode"	RelError: 1.73409e-14	AbsError: 2.79175e+01
    Region: "SiRegion"	RelError: 1.73409e-14	AbsError: 2.79175e+01
      Equation: "ElectronContinuityEquation"	RelError: 2.01974e-15	AbsError: 1.99340e+01
      Equation: "HoleContinuityEquation"	RelError: 1.65290e-15	AbsError: 7.98348e+00
      Equation: "PotentialEquation"	RelError: 1.36683e-14	AbsError: 1.11908e-16
Charge Relative Error 4.57916e-09
number of equations 5085
Iteration: 0
  Device: "BenchmarkDiode"	RelError: 1.30297e-14	AbsError: 2.15878e+01
    Region: "SiRegion"	RelError: 1.30297e-14	AbsError: 2.15878e+01
      Equation: "ElectronContinuityEquation"	RelError: 1.68560e-15	AbsError: 1.36588e+01
      Equation: "HoleContinuityEquation"	RelError: 1.96197e-15	AbsError: 7.92893e+00
      Equation: "PotentialEquation"	RelError: 9.38212e-15	AbsError: 1.12845e-16
Charge Relative Error 4.57916e-09
recovery_ifixed_tau_1e-06_dt_2e-09_mesh_2e-07: Qrr=4.211e-09 C, Irrm=4.206e+00 A, Qstored=6.345e-09 C, elapsed=3.24s
p_i
i_n
bot
 (region: SiRegion)
 (contact: top)
 (contact: bot)
number of equations 1695
Iteration: 0
  Device: "BenchmarkDiode"	RelError: 1.00000e+00	AbsError: 1.63902e-01
    Region: "SiRegion"	RelError: 1.00000e+00	AbsError: 1.63902e-01
      Equation: "PotentialEquation"	RelError: 1.00000e+00	AbsError: 1.63902e-01
Iteration: 1
  Device: "BenchmarkDiode"	RelError: 4.97944e-01	AbsError: 1.62430e-01
    Region: "SiRegion"	RelError: 4.97944e-01	AbsError: 1.62430e-01
      Equation: "PotentialEquation"	RelError: 4.97944e-01	AbsError: 1.62430e-01
Iteration: 2
  Device: "BenchmarkDiode"	RelError: 2.39824e+01	AbsError: 1.03408e-01
    Region: "SiRegion"	RelError: 2.39824e+01	AbsError: 1.03408e-01
      Equation: "PotentialEquation"	RelError: 2.39824e+01	AbsError: 1.03408e-01
Iteration: 3
  Device: "BenchmarkDiode"	RelError: 1.53991e+01	AbsError: 5.73651e-02
    Region: "SiRegion"	RelError: 1.53991e+01	AbsError: 5.73651e-02
      Equation: "PotentialEquation"	RelError: 1.53991e+01	AbsError: 5.73651e-02
Iteration: 4
  Device: "BenchmarkDiode"	RelError: 5.98642e+00	AbsError: 5.01960e-02
    Region: "SiRegion"	RelError: 5.98642e+00	AbsError: 5.01960e-02
      Equation: "PotentialEquation"	RelError: 5.98642e+00	AbsError: 5.01960e-02
Iteration: 5
  Device: "BenchmarkDiode"	RelError: 2.30820e+00	AbsError: 4.17220e-02
    Region: "SiRegion"	RelError: 2.30820e+00	AbsError: 4.17220e-02
      Equation: "PotentialEquation"	RelError: 2.30820e+00	AbsError: 4.17220e-02
Iteration: 6
  Device: "BenchmarkDiode"	RelError: 1.27440e+00	AbsError: 3.16681e-02
    Region: "SiRegion"	RelError: 1.27440e+00	AbsError: 3.16681e-02
      Equation: "PotentialEquation"	RelError: 1.27440e+00	AbsError: 3.16681e-02
Iteration: 7
  Device: "BenchmarkDiode"	RelError: 3.45009e-01	AbsError: 2.38740e-02
    Region: "SiRegion"	RelError: 3.45009e-01	AbsError: 2.38740e-02
      Equation: "PotentialEquation"	RelError: 3.45009e-01	AbsError: 2.38740e-02
Iteration: 8
  Device: "BenchmarkDiode"	RelError: 2.46584e-02	AbsError: 1.02888e-02
    Region: "SiRegion"	RelError: 2.46584e-02	AbsError: 1.02888e-02
      Equation: "PotentialEquation"	RelError: 2.46584e-02	AbsError: 1.02888e-02
Iteration: 9
  Device: "BenchmarkDiode"	RelError: 1.38055e-05	AbsError: 5.76038e-06
    Region: "SiRegion"	RelError: 1.38055e-05	AbsError: 5.76038e-06
      Equation: "PotentialEquation"	RelError: 1.38055e-05	AbsError: 5.76038e-06
Iteration: 10
  Device: "BenchmarkDiode"	RelError: 1.83872e-10	AbsError: 7.67209e-11
    Region: "SiRegion"	RelError: 1.83872e-10	AbsError: 7.67209e-11
      Equation: "PotentialEquation"	RelError: 1.83872e-10	AbsError: 7.67209e-11
Iteration: 11
  Device: "BenchmarkDiode"	RelError: 4.22940e-15	AbsError: 3.95529e-17
    Region: "SiRegion"	RelError: 4.22940e-15	AbsError: 3.95529e-17
      Equation: "PotentialEquation"	RelError: 4.22940e-15	AbsError: 3.95529e-17
Warning: Replacing equation with equation of the same name.
Region: SiRegion, Equation: PotentialEquation, Variable: Potential
number of equations 5085
Iteration: 0
  Device: "BenchmarkDiode"	RelError: 1.81124e-13	AbsError: 1.00800e+03
    Region: "SiRegion"	RelError: 1.81124e-13	AbsError: 1.00800e+03
      Equation: "ElectronContinuityEquation"	RelError: 1.00400e-14	AbsError: 4.96000e+02
      Equation: "HoleContinuityEquation"	RelError: 7.70527e-15	AbsError: 5.12000e+02
      Equation: "PotentialEquation"	RelError: 1.63379e-13	AbsError: 1.33092e-16
number of equations 5085
Iteration: 0
  Device: "BenchmarkDiode"	RelError: 2.36675e-13	AbsError: 3.87972e+01
    Region: "SiRegion"	RelError: 2.36675e-13	AbsError: 3.87972e+01
      Equation: "ElectronContinuityEquation"	RelError: 2.12625e-15	AbsError: 2.11253e+01
      Equation: "HoleContinuityEquation"	RelError: 2.97243e-15	AbsError: 1.76718e+01
      Equation: "PotentialEquation"	RelError: 2.31577e-13	AbsError: 4.16863e-17
number of equations 5085
Iteration: 0
  Device: "BenchmarkDiode"	RelError: 7.03528e+01	AbsError: 1.65527e+14
    Region: "SiRegion"	RelError: 7.03528e+01	AbsError: 1.65527e+14
      Equation: "ElectronContinuityEquation"	RelError: 6.56267e-01	AbsError: 8.23446e+13
      Equation: "HoleContinuityEquation"	RelError: 6.56254e-01	AbsError: 8.31824e+13
      Equation: "PotentialEquation"	RelError: 6.90402e+01	AbsError: 2.78470e-02
Iteration: 1
  Device: "BenchmarkDiode"	RelError: 4.51430e+01	AbsError: 5.70563e+12
    Region: "SiRegion"	RelError: 4.51430e+01	AbsError: 5.70563e+12
      Equation: "ElectronContinuityEquation"	RelError: 4.46441e-01	AbsError: 2.89315e+12
      Equation: "HoleContinuityEquation"	RelError: 5.29451e-01	AbsError: 2.81249e+12
      Equation: "PotentialEquation"	RelError: 4.41671e+01	AbsError: 2.21530e-02
Iteration: 2
  Device: "BenchmarkDiode"	RelError: 3.52282e-01	AbsError: 7.91824e+10
    Region: "SiRegion"	RelError: 3.52282e-01	AbsError: 7.91824e+10
      Equation: "ElectronContinuityEquation"	RelError: 2.28717e-01	AbsError: 1.64536e+10
      Equation: "HoleContinuityEquation"	RelError: 9.46082e-02	AbsError: 6.27288e+10
      Equation: "PotentialEquation"	RelError: 2.89571e-02	AbsError: 7.18102e-06
Iteration: 3
  Device: "BenchmarkDiode"	RelError: 6.94390e-05	AbsError: 2.14898e+06
    Region: "SiRegion"	RelError: 6.94390e-05	AbsError: 2.14898e+06
      Equation: "ElectronContinuityEquation"	RelError: 4.74645e-05	AbsError: 3.42738e+05
      Equation: "HoleContinuityEquation"	RelError: 2.16003e-05	AbsError: 1.80624e+06
      Equation: "PotentialEquation"	RelError: 3.74170e-07	AbsError: 1.07455e-10
Iteration: 4
  Device: "BenchmarkDiode"	RelError: 2.57072e-13	AbsError: 6.19053e+01
    Region: "SiRegion"	RelError: 2.57072e-13	AbsError: 6.19053e+01
      Equation: "ElectronContinuityEquation"	RelError: 4.66947e-14	AbsError: 3.56983e+01
      Equation: "HoleContinuityEquation"	RelError: 3.97689e-14	AbsError: 2.62070e+01
      Equation: "PotentialEquation"	RelError: 1.70608e-13	AbsError: 6.97365e-17
number of equations 5085
Iteration: 0
  Device: "BenchmarkDiode"	RelError: 1.34666e+02	AbsError: 1.53996e+14
    Region: "SiRegion"	RelError: 1.34666e+02	AbsError: 1.53996e+14
      Equation: "ElectronContinuityEquation"	RelError: 6.58018e-01	AbsError: 7.65771e+13
      Equation: "HoleContinuityEquation"	RelError: 6.58016e-01	AbsError: 7.74190e+13
      Equation: "PotentialEquation"	RelError: 1.33350e+02	AbsError: 2.78470e-02
Iteration: 1
  Device: "BenchmarkDiode"	RelError: 4.73148e+01	AbsError: 5.78900e+12
    Region: "SiRegion"	RelError: 4.73148e+01	AbsError: 5.78900e+12
      Equation: "ElectronContinuityEquation"	RelError: 4.47625e-01	AbsError: 2.94095e+12
      Equation: "HoleContinuityEquation"	RelError: 5.31106e-01	AbsError: 2.84805e+12
      Equation: "PotentialEquation"	RelError: 4.63361e+01	AbsError: 2.21530e-02
Iteration: 2
  Device: "BenchmarkDiode"	RelError: 3.65806e-01	AbsError: 9.27329e+10
    Region: "SiRegion"	RelError: 3.65806e-01	AbsError: 9.27329e+10
      Equation: "ElectronContinuityEquation"	RelError: 2.29568e-01	AbsError: 2.13268e+10
      Equation: "HoleContinuityEquation"	RelError: 9.46352e-02	AbsError: 7.14060e+10
      Equation: "PotentialEquation"	RelError: 4.16027e-02	AbsError: 9.60942e-06
Iteration: 3
  Device: "BenchmarkDiode"	RelError: 9.46245e-05	AbsError: 3.36612e+06
    Region: "SiRegion"	RelError: 9.46245e-05	AbsError: 3.36612e+06
      Equation: "ElectronContinuityEquation"	RelError: 6.40872e-05	AbsError: 5.90309e+05
      Equation: "HoleContinuityEquation"	RelError: 2.98236e-05	AbsError: 2.77581e+06
      Equation: "PotentialEquation"	RelError: 7.13629e-07	AbsError: 1.86414e-10
Iteration: 4
  Device: "BenchmarkDiode"	RelError: 2.10955e-13	AbsError: 7.06386e+01
    Region: "SiRegion"	RelError: 2.10955e-13	AbsError: 7.06386e+01
      Equation: "ElectronContinuityEquation"	RelError: 1.28581e-13	AbsError: 2.99949e+01
      Equation: "HoleContinuityEquation"	RelError: 8.15061e-14	AbsError: 4.06437e+01
      Equation: "PotentialEquation"	RelError: 8.68296e-16	AbsError: 5.10878e-17
number of equations 5085
Iteration: 0
  Device: "BenchmarkDiode"	RelError: 1.17149e+02	AbsError: 1.42290e+14
    Region: "SiRegion"	RelError: 1.17149e+02	AbsError: 1.42290e+14
      Equation: "ElectronContinuityEquation"	RelError: 6.58577e-01	AbsError: 7.07232e+13
      Equation: "HoleContinuityEquation"	RelError: 6.58577e-01	AbsError: 7.15664e+13
      Equation: "PotentialEquation"	RelError: 1.15832e+02	AbsError: 2.78470e-02
Iteration: 1
  Device: "BenchmarkDiode"	RelError: 7.82391e+01	AbsError: 5.87489e+12
    Region: "SiRegion"	RelError: 7.82391e+01	AbsError: 5.87489e+12
      Equation: "ElectronContinuityEquation"	RelError: 4.47954e-01	AbsError: 2.99265e+12
      Equation: "HoleContinuityEquation"	RelError: 5.31789e-01	AbsError: 2.88223e+12
      Equation: "PotentialEquation"	RelError: 7.72594e+01	AbsError: 2.21530e-02
Iteration: 2
  Device: "BenchmarkDiode"	RelError: 4.00335e-01	AbsError: 1.11447e+11
    Region: "SiRegion"	RelError: 4.00335e-01	AbsError: 1.11447e+11
      Equation: "ElectronContinuityEquation"	RelError: 2.29933e-01	AbsError: 2.87899e+10
      Equation: "HoleContinuityEquation"	RelError: 9.46606e-02	AbsError: 8.26572e+10
      Equation: "PotentialEquation"	RelError: 7.57412e-02	AbsError: 1.32580e-05
Iteration: 3
  Device: "BenchmarkDiode"	RelError: 1.33324e-04	AbsError: 5.56742e+06
    Region: "SiRegion"	RelError: 1.33324e-04	AbsError: 5.56742e+06
      Equation: "ElectronContinuityEquation"	RelError: 8.88787e-05	AbsError: 1.07272e+06
      Equation: "HoleContinuityEquation"	RelError: 4.25258e-05	AbsError: 4.49470e+06
      Equation: "PotentialEquation"	RelError: 1.91981e-06	AbsError: 3.43093e-10
Iteration: 4
  Device: "BenchmarkDiode"	RelError: 5.32711e-13	AbsError: 5.71234e+01
    Region: "SiRegion"	RelError: 5.32711e-13	AbsError: 5.71234e+01
      Equation: "ElectronContinuityEquation"	RelError: 3.14760e-13	AbsError: 2.90801e+01
      Equation: "HoleContinuityEquation"	RelError: 2.10276e-13	AbsError: 2.80433e+01
      Equation: "PotentialEquation"	RelError: 7.67407e-15	AbsError: 3.93768e-17
number of equations 5085
Iteration: 0
  Device: "BenchmarkDiode"	RelError: 1.42545e+02	AbsError: 1.30404e+14
    Region: "SiRegion"	RelError: 1.42545e+02	AbsError: 1.30404e+14
      Equation: "ElectronContinuityEquation"	RelError: 6.58760e-01	AbsError: 6.47808e+13
      Equation: "HoleContinuityEquation"	RelError: 6.58759e-01	AbsError: 6.56228e+13
      Equation: "PotentialEquation"	RelError: 1.41227e+02	AbsError: 2.78470e-02
Iteration: 1
  Device: "BenchmarkDiode"	RelError: 4.16355e+02	AbsError: 5.95826e+12
    Region: "SiRegion"	RelError: 4.16355e+02	AbsError: 5.95826e+12
      Equation: "ElectronContinuityEquation"	RelError: 4.47974e-01	AbsError: 3.04708e+12
      Equation: "HoleContinuityEquation"	RelError: 5.32167e-01	AbsError: 2.91118e+12
      Equation: "PotentialEquation"	RelError: 4.15375e+02	AbsError: 2.21530e-02
Iteration: 2
  Device: "BenchmarkDiode"	RelError: 1.10372e+00	AbsError: 1.38102e+11
    Region: "SiRegion"	RelError: 1.10372e+00	AbsError: 1.38102e+11
      Equation: "ElectronContinuityEquation"	RelError: 2.30159e-01	AbsError: 4.09466e+10
      Equation: "HoleContinuityEquation"	RelError: 9.46761e-02	AbsError: 9.71552e+10
      Equation: "PotentialEquation"	RelError: 7.78884e-01	AbsError: 1.88544e-05
Iteration: 3
  Device: "BenchmarkDiode"	RelError: 2.15788e-04	AbsError: 9.73325e+06
    Region: "SiRegion"	RelError: 2.15788e-04	AbsError: 9.73325e+06
      Equation: "ElectronContinuityEquation"	RelError: 1.27021e-04	AbsError: 2.05164e+06
      Equation: "HoleContinuityEquation"	RelError: 6.27569e-05	AbsError: 7.68161e+06
      Equation: "PotentialEquation"	RelError: 2.60098e-05	AbsError: 6.77853e-10
Iteration: 4
  Device: "BenchmarkDiode"	RelError: 3.01865e-12	AbsError: 6.92101e+01
    Region: "SiRegion"	RelError: 3.01865e-12	AbsError: 6.92101e+01
      Equation: "ElectronContinuityEquation"	RelError: 8.93525e-13	AbsError: 3.76874e+01
      Equation: "HoleContinuityEquation"	RelError: 5.62681e-13	AbsError: 3.15228e+01
      Equation: "PotentialEquation"	RelError: 1.56244e-12	AbsError: 5.42508e-17
number of equations 5085
Iteration: 0
  Device: "BenchmarkDiode"	RelError: 1.22998e+02	AbsError: 1.18351e+14
    Region: "SiRegion"	RelError: 1.22998e+02	AbsError: 1.18351e+14
      Equation: "ElectronContinuityEquation"	RelError: 6.58810e-01	AbsError: 5.87563e+13
      Equation: "HoleContinuityEquation"	RelError: 6.58809e-01	AbsError: 5.95946e+13
      Equation: "PotentialEquation"	RelError: 1.21681e+02	AbsError: 2.78470e-02
Iteration: 1
  Device: "BenchmarkDiode"	RelError: 6.36336e+02	AbsError: 6.02086e+12
    Region: "SiRegion"	RelError: 6.36336e+02	AbsError: 6.02086e+12
      Equation: "ElectronContinuityEquation"	RelError: 4.47976e-01	AbsError: 3.09645e+12
      Equation: "HoleContinuityEquation"	RelError: 5.32372e-01	AbsError: 2.92441e+12
      Equation: "PotentialEquation"	RelError: 6.35356e+02	AbsError: 2.21530e-02
Iteration: 2
  Device: "BenchmarkDiode"	RelError: 5.86887e-01	AbsError: 2.12031e+11
    Region: "SiRegion"	RelError: 5.86887e-01	AbsError: 2.12031e+11
      Equation: "ElectronContinuityEquation"	RelError: 2.30243e-01	AbsError: 7.44858e+10
      Equation: "HoleContinuityEquation"	RelError: 9.48987e-02	AbsError: 1.37545e+11
      Equation: "PotentialEquation"	RelError: 2.61746e-01	AbsError: 2.73444e-05
Iteration: 3
  Device: "BenchmarkDiode"	RelError: 2.81559e-04	AbsError: 1.87517e+07
    Region: "SiRegion"	RelError: 2.81559e-04	AbsError: 1.87517e+07
      Equation: "ElectronContinuityEquation"	RelError: 1.84653e-04	AbsError: 4.16926e+06
      Equation: "HoleContinuityEquation"	RelError: 9.50234e-05	AbsError: 1.45825e+07
      Equation: "PotentialEquation"	RelError: 1.88247e-06	AbsError: 1.47023e-09
Iteration: 4
  Device: "BenchmarkDiode"	RelError: 5.27814e-12	AbsError: 6.43643e+01
    Region: "SiRegion"	RelError: 5.27814e-12	AbsError: 6.43643e+01
      Equation: "ElectronContinuityEquation"	RelError: 2.79743e-12	AbsError: 2.96371e+01
      Equation: "HoleContinuityEquation"	RelError: 1.67949e-12	AbsError: 3.47272e+01
      Equation: "PotentialEquation"	RelError: 8.01221e-13	AbsError: 4.22694e-17
number of equations 5085
Iteration: 0
  Device: "BenchmarkDiode"	RelError: 4.06462e+02	AbsError: 1.06211e+14
    Region: "SiRegion"	RelError: 4.06462e+02	AbsError: 1.06211e+14
      Equation: "ElectronContinuityEquation"	RelError: 6.58819e-01	AbsError: 5.26911e+13
      Equation: "HoleContinuityEquation"	RelError: 6.58817e-01	AbsError: 5.35194e+13
      Equation: "PotentialEquation"	RelError: 4.05145e+02	AbsError: 2.78470e-02
Iteration: 1
  Device: "BenchmarkDiode"	RelError: 8.50207e+01	AbsError: 5.99587e+12
    Region: "SiRegion"	RelError: 8.50207e+01	AbsError: 5.99587e+12
      Equation: "ElectronContinuityEquation"	RelError: 4.47830e-01	AbsError: 3.10794e+12
      Equation: "HoleContinuityEquation"	RelError: 5.32717e-01	AbsError: 2.88793e+12
      Equation: "PotentialEquation"	RelError: 8.40401e+01	AbsError: 2.21530e-02
Iteration: 2
  Device: "BenchmarkDiode"	RelError: 3.34884e-01	AbsError: 5.52266e+11
    Region: "SiRegion"	RelError: 3.34884e-01	AbsError: 5.52266e+11
      Equation: "ElectronContinuityEquation"	RelError: 2.30499e-01	AbsError: 2.05765e+11
      Equation: "HoleContinuityEquation"	RelError: 9.47549e-02	AbsError: 3.46501e+11
      Equation: "PotentialEquation"	RelError: 9.63042e-03	AbsError: 4.22987e-05
Iteration: 3
  Device: "BenchmarkDiode"	RelError: 4.12382e-04	AbsError: 5.27475e+07
    Region: "SiRegion"	RelError: 4.12382e-04	AbsError: 5.27475e+07
      Equation: "ElectronContinuityEquation"	RelError: 2.66805e-04	AbsError: 1.62338e+07
      Equation: "HoleContinuityEquation"	RelError: 1.44777e-04	AbsError: 3.65138e+07
      Equation: "PotentialEquation"	RelError: 7.99927e-07	AbsError: 4.32074e-09
Iteration: 4
  Device: "BenchmarkDiode"	RelError: 1.99887e-11	AbsError: 7.04272e+01
    Region: "SiRegion"	RelError: 1.99887e-11	AbsError: 7.04272e+01
      Equation: "ElectronContinuityEquation"	RelError: 1.07184e-11	AbsError: 3.14664e+01
      Equation: "HoleContinuityEquation"	RelError: 9.18049e-12	AbsError: 3.89608e+01
      Equation: "PotentialEquation"	RelError: 8.98205e-14	AbsError: 8.13389e-17
number of equations 5085
Iteration: 0
  Device: "BenchmarkDiode"	RelError: 6.83610e+01	AbsError: 9.42888e+13
    Region: "SiRegion"	RelError: 6.83610e+01	AbsError: 9.42888e+13
      Equation: "ElectronContinuityEquation"	RelError: 6.58816e-01	AbsError: 4.67380e+13
      Equation: "HoleContinuityEquation"	RelError: 6.58812e-01	AbsError: 4.75508e+13
      Equation: "PotentialEquation"	RelError: 6.70433e+01	AbsError: 2.78470e-02
Iteration: 1
  Device: "BenchmarkDiode"	RelError: 3.77090e+01	AbsError: 6.07569e+12
    Region: "SiRegion"	RelError: 3.77090e+01	AbsError: 6.07569e+12
      Equation: "ElectronContinuityEquation"	RelError: 4.47812e-01	AbsError: 3.12942e+12
      Equation: "HoleContinuityEquation"	RelError: 5.32830e-01	AbsError: 2.94627e+12
      Equation: "PotentialEquation"	RelError: 3.67284e+01	AbsError: 2.21530e-02
Iteration: 2
  Device: "BenchmarkDiode"	RelError: 3.25346e-01	AbsError: 1.43698e+12
    Region: "SiRegion"	RelError: 3.25346e-01	AbsError: 1.43698e+12
      Equation: "ElectronContinuityEquation"	RelError: 2.30540e-01	AbsError: 5.71109e+11
      Equation: "HoleContinuityEquation"	RelError: 9.44116e-02	AbsError: 8.65867e+11
      Equation: "PotentialEquation"	RelError: 3.94798e-04	AbsError: 7.21337e-05
Iteration: 3
  Device: "BenchmarkDiode"	RelError: 5.51671e-04	AbsError: 5.71806e+08
    Region: "SiRegion"	RelError: 5.51671e-04	AbsError: 5.71806e+08
      Equation: "ElectronContinuityEquation"	RelError: 3.42978e-04	AbsError: 2.39310e+08
      Equation: "HoleContinuityEquation"	RelError: 2.08258e-04	AbsError: 3.32495e+08
      Equation: "PotentialEquation"	RelError: 4.35506e-07	AbsError: 3.32167e-08
Iteration: 4
  Device: "BenchmarkDiode"	RelError: 2.11200e-10	AbsError: 2.30180e+02
    Region: "SiRegion"	RelError: 2.11200e-10	AbsError: 2.30180e+02
      Equation: "ElectronContinuityEquation"	RelError: 9.73086e-11	AbsError: 1.11767e+02
      Equation: "HoleContinuityEquation"	RelError: 1.13600e-10	AbsError: 1.18413e+02
      Equation: "PotentialEquation"	RelError: 2.91679e-13	AbsError: 8.39013e-15
Iteration: 5
  Device: "BenchmarkDiode"	RelError: 6.61733e-14	AbsError: 5.24074e+01
    Region: "SiRegion"	RelError: 6.61733e-14	AbsError: 5.24074e+01
      Equation: "ElectronContinuityEquation"	RelError: 4.03730e-15	AbsError: 1.81619e+01
      Equation: "HoleContinuityEquation"	RelError: 4.34738e-15	AbsError: 3.42455e+01
      Equation: "PotentialEquation"	RelError: 5.77886e-14	AbsError: 4.28034e-17
number of equations 5085
Iteration: 0
  Device: "BenchmarkDiode"	RelError: 7.46105e+01	AbsError: 8.38369e+13
    Region: "SiRegion"	RelError: 7.46105e+01	AbsError: 8.38369e+13
      Equation: "ElectronContinuityEquation"	RelError: 6.58803e-01	AbsError: 4.15181e+13
      Equation: "HoleContinuityEquation"	RelError: 6.58798e-01	AbsError: 4.23188e+13
      Equation: "PotentialEquation"	RelError: 7.32929e+01	AbsError: 2.78470e-02
Iteration: 1
  Device: "BenchmarkDiode"	RelError: 7.03509e+01	AbsError: 1.08233e+13
    Region: "SiRegion"	RelError: 7.03509e+01	AbsError: 1.08233e+13
      Equation: "ElectronContinuityEquation"	RelError: 4.47906e-01	AbsError: 5.73560e+12
      Equation: "HoleContinuityEquation"	RelError: 5.32398e-01	AbsError: 5.08767e+12
      Equation: "PotentialEquation"	RelError: 6.93706e+01	AbsError: 2.21530e-02
Iteration: 2
  Device: "BenchmarkDiode"	RelError: 3.23087e-01	AbsError: 3.75779e+12
    Region: "SiRegion"	RelError: 3.23087e-01	AbsError: 3.75779e+12
      Equation: "ElectronContinuityEquation"	RelError: 2.30237e-01	AbsError: 1.57042e+12
      Equation: "HoleContinuityEquation"	RelError: 9.21703e-02	AbsError: 2.18737e+12
      Equation: "PotentialEquation"	RelError: 6.79773e-04	AbsError: 1.44205e-04
Iteration: 3
  Device: "BenchmarkDiode"	RelError: 7.37625e-04	AbsError: 7.23666e+09
    Region: "SiRegion"	RelError: 7.37625e-04	AbsError: 7.23666e+09
      Equation: "ElectronContinuityEquation"	RelError: 4.85201e-04	AbsError: 3.38055e+09
      Equation: "HoleContinuityEquation"	RelError: 2.50661e-04	AbsError: 3.85611e+09
      Equation: "PotentialEquation"	RelError: 1.76246e-06	AbsError: 3.74478e-07
Iteration: 4
  Device: "BenchmarkDiode"	RelError: 4.22413e-09	AbsError: 3.99875e+04
    Region: "SiRegion"	RelError: 4.22413e-09	AbsError: 3.99875e+04
      Equation: "ElectronContinuityEquation"	RelError: 2.81761e-09	AbsError: 1.98993e+04
      Equation: "HoleContinuityEquation"	RelError: 1.39566e-09	AbsError: 2.00881e+04
      Equation: "PotentialEquation"	RelError: 1.08512e-11	AbsError: 1.75345e-12
Iteration: 5
  Device: "BenchmarkDiode"	RelError: 2.54388e-14	AbsError: 6.15874e+01
    Region: "SiRegion"	RelError: 2.54388e-14	AbsError: 6.15874e+01
      Equation: "ElectronContinuityEquation"	RelError: 2.13294e-15	AbsError: 2.78587e+01
      Equation: "HoleContinuityEquation"	RelError: 4.03051e-15	AbsError: 3.37287e+01
      Equation: "PotentialEquation"	RelError: 1.92753e-14	AbsError: 3.64046e-17
number of equations 5085
Iteration: 0
  Device: "BenchmarkDiode"	RelError: 3.94591e+00	AbsError: 8.02429e+13
    Region: "SiRegion"	RelError: 3.94591e+00	AbsError: 8.02429e+13
      Equation: "ElectronContinuityEquation"	RelError: 6.58768e-01	AbsError: 3.97219e+13
      Equation: "HoleContinuityEquation"	RelError: 6.58759e-01	AbsError: 4.05210e+13
      Equation: "PotentialEquation"	RelError: 2.62838e+00	AbsError: 2.78470e-02
Iteration: 1
  Device: "BenchmarkDiode"	RelError: 1.65457e+00	AbsError: 2.72792e+13
    Region: "SiRegion"	RelError: 1.65457e+00	AbsError: 2.72792e+13
      Equation: "ElectronContinuityEquation"	RelError: 4.48951e-01	AbsError: 1.49380e+13
      Equation: "HoleContinuityEquation"	RelError: 5.29142e-01	AbsError: 1.23412e+13
      Equation: "PotentialEquation"	RelError: 6.76474e-01	AbsError: 2.21530e-02
Iteration: 2
  Device: "BenchmarkDiode"	RelError: 3.26022e-01	AbsError: 9.90263e+12
    Region: "SiRegion"	RelError: 3.26022e-01	AbsError: 9.90263e+12
      Equation: "ElectronContinuityEquation"	RelError: 2.28000e-01	AbsError: 4.27648e+12
      Equation: "HoleContinuityEquation"	RelError: 9.65102e-02	AbsError: 5.62615e+12
      Equation: "PotentialEquation"	RelError: 1.51181e-03	AbsError: 3.53155e-04
Iteration: 3
  Device: "BenchmarkDiode"	RelError: 2.07400e-03	AbsError: 7.61683e+10
    Region: "SiRegion"	RelError: 2.07400e-03	AbsError: 7.61683e+10
      Equation: "ElectronContinuityEquation"	RelError: 1.21236e-03	AbsError: 3.76254e+10
      Equation: "HoleContinuityEquation"	RelError: 8.45443e-04	AbsError: 3.85429e+10
      Equation: "PotentialEquation"	RelError: 1.62039e-05	AbsError: 3.79375e-06
Iteration: 4
  Device: "BenchmarkDiode"	RelError: 1.33911e-07	AbsError: 4.77092e+06
    Region: "SiRegion"	RelError: 1.33911e-07	AbsError: 4.77092e+06
      Equation: "ElectronContinuityEquation"	RelError: 7.78430e-08	AbsError: 2.39002e+06
      Equation: "HoleContinuityEquation"	RelError: 5.50778e-08	AbsError: 2.38090e+06
      Equation: "PotentialEquation"	RelError: 9.90192e-10	AbsError: 2.31986e-10
Iteration: 5
  Device: "BenchmarkDiode"	RelError: 6.70031e-15	AbsError: 5.52039e+01
    Region: "SiRegion"	RelError: 6.70031e-15	AbsError: 5.52039e+01
      Equation: "ElectronContinuityEquation"	RelError: 3.40294e-15	AbsError: 2.60744e+01
      Equation: "HoleContinuityEquation"	RelError: 2.68077e-15	AbsError: 2.91295e+01
      Equation: "PotentialEquation"	RelError: 6.16602e-16	AbsError: 8.46303e-17
number of equations 5085
Iteration: 0
  Device: "BenchmarkDiode"	RelError: 5.79837e+01	AbsError: 5.74219e+13
    Region: "SiRegion"	RelError: 5.79837e+01	AbsError: 5.74219e+13
      Equation: "ElectronContinuityEquation"	RelError: 2.74041e+01	AbsError: 2.87743e+13
      Equation: "HoleContinuityEquation"	RelError: 2.73528e+01	AbsError: 2.86475e+13
      Equation: "PotentialEquation"	RelError: 3.22675e+00	AbsError: 2.50000e-02
Iteration: 1
  Device: "BenchmarkDiode"	RelError: 1.81580e+00	AbsError: 1.35398e+13
    Region: "SiRegion"	RelError: 1.81580e+00	AbsError: 1.35398e+13
      Equation: "ElectronContinuityEquation"	RelError: 9.07176e-01	AbsError: 6.77793e+12
      Equation: "HoleContinuityEquation"	RelError: 9.07014e-01	AbsError: 6.76187e+12
      Equation: "PotentialEquation"	RelError: 1.60530e-03	AbsError: 2.99668e-04
Iteration: 2
  Device: "BenchmarkDiode"	RelError: 9.02708e-03	AbsError: 1.31749e+11
    Region: "SiRegion"	RelError: 9.02708e-03	AbsError: 1.31749e+11
      Equation: "ElectronContinuityEquation"	RelError: 4.50412e-03	AbsError: 6.58406e+10
      Equation: "HoleContinuityEquation"	RelError: 4.49601e-03	AbsError: 6.59084e+10
      Equation: "PotentialEquation"	RelError: 2.69605e-05	AbsError: 5.15460e-06
Iteration: 3
  Device: "BenchmarkDiode"	RelError: 9.81658e-07	AbsError: 1.81159e+07
    Region: "SiRegion"	RelError: 9.81658e-07	AbsError: 1.81159e+07
      Equation: "ElectronContinuityEquation"	RelError: 4.85683e-07	AbsError: 9.04794e+06
      Equation: "HoleContinuityEquation"	RelError: 4.92542e-07	AbsError: 9.06793e+06
      Equation: "PotentialEquation"	RelError: 3.43215e-09	AbsError: 6.63422e-10
Iteration: 4
  Device: "BenchmarkDiode"	RelError: 1.70875e-14	AbsError: 6.53737e+01
    Region: "SiRegion"	RelError: 1.70875e-14	AbsError: 6.53737e+01
      Equation: "ElectronContinuityEquation"	RelError: 5.41068e-15	AbsError: 2.40022e+01
      Equation: "HoleContinuityEquation"	RelError: 1.05459e-14	AbsError: 4.13715e+01
      Equation: "PotentialEquation"	RelError: 1.13087e-15	AbsError: 6.14710e-17
number of equations 5085
Iteration: 0
  Device: "BenchmarkDiode"	RelError: 1.26832e+00	AbsError: 2.16291e+13
    Region: "SiRegion"	RelError: 1.26832e+00	AbsError: 2.16291e+13
      Equation: "ElectronContinuityEquation"	RelError: 3.25488e-01	AbsError: 1.07135e+13
      Equation: "HoleContinuityEquation"	RelError: 3.25477e-01	AbsError: 1.09157e+13
      Equation: "PotentialEquation"	RelError: 6.17353e-01	AbsError: 1.25000e-02
Iteration: 1
  Device: "BenchmarkDiode"	RelError: 1.70016e-01	AbsError: 2.52227e+12
    Region: "SiRegion"	RelError: 1.70016e-01	AbsError: 2.52227e+12
      Equation: "ElectronContinuityEquation"	RelError: 8.48897e-02	AbsError: 1.26316e+12
      Equation: "HoleContinuityEquation"	RelError: 8.48815e-02	AbsError: 1.25911e+12
      Equation: "PotentialEquation"	RelError: 2.44695e-04	AbsError: 4.81746e-05
Iteration: 2
  Device: "BenchmarkDiode"	RelError: 1.75342e-04	AbsError: 4.33223e+09
    Region: "SiRegion"	RelError: 1.75342e-04	AbsError: 4.33223e+09
      Equation: "ElectronContinuityEquation"	RelError: 8.66965e-05	AbsError: 2.16501e+09
      Equation: "HoleContinuityEquation"	RelError: 8.78191e-05	AbsError: 2.16722e+09
      Equation: "PotentialEquation"	RelError: 8.26172e-07	AbsError: 1.65562e-07
Iteration: 3
  Device: "BenchmarkDiode"	RelError: 7.62696e-10	AbsError: 1.97480e+04
    Region: "SiRegion"	RelError: 7.62696e-10	AbsError: 1.97480e+04
      Equation: "ElectronContinuityEquation"	RelError: 3.76759e-10	AbsError: 9.86253e+03
      Equation: "HoleContinuityEquation"	RelError: 3.82313e-10	AbsError: 9.88550e+03
      Equation: "PotentialEquation"	RelError: 3.62402e-12	AbsError: 7.32207e-13
Iteration: 4
  Device: "BenchmarkDiode"	RelError: 7.19274e-15	AbsError: 5.58419e+01
    Region: "SiRegion"	RelError: 7.19274e-15	AbsError: 5.58419e+01
      Equation: "ElectronContinuityEquation"	RelError: 4.02205e-15	AbsError: 2.56257e+01
      Equation: "HoleContinuityEquation"	RelError: 2.35231e-15	AbsError: 3.02162e+01
      Equation: "PotentialEquation"	RelError: 8.18383e-16	AbsError: 6.37626e-17
number of equations 5085
Iteration: 0
  Device: "BenchmarkDiode"	RelError: 1.08237e+00	AbsError: 1.17355e+13
    Region: "SiRegion"	RelError: 1.08237e+00	AbsError: 1.17355e+13
      Equation: "ElectronContinuityEquation"	RelError: 3.17946e-01	AbsError: 5.81658e+12
      Equation: "HoleContinuityEquation"	RelError: 3.17921e-01	AbsError: 5.91897e+12
      Equation: "PotentialEquation"	RelError: 4.46501e-01	AbsError: 6.25000e-03
Iteration: 1
  Device: "BenchmarkDiode"	RelError: 6.85042e-02	AbsError: 7.24144e+11
    Region: "SiRegion"	RelError: 6.85042e-02	AbsError: 7.24144e+11
      Equation: "ElectronContinuityEquation"	RelError: 3.42154e-02	AbsError: 3.62582e+11
      Equation: "HoleContinuityEquation"	RelError: 3.42106e-02	AbsError: 3.61562e+11
      Equation: "PotentialEquation"	RelError: 7.81318e-05	AbsError: 1.49879e-05
Iteration: 2
  Device: "BenchmarkDiode"	RelError: 1.79684e-05	AbsError: 3.70394e+08
    Region: "SiRegion"	RelError: 1.79684e-05	AbsError: 3.70394e+08
      Equation: "ElectronContinuityEquation"	RelError: 8.89232e-06	AbsError: 1.85098e+08
      Equation: "HoleContinuityEquation"	RelError: 9.00303e-06	AbsError: 1.85296e+08
      Equation: "PotentialEquation"	RelError: 7.30787e-08	AbsError: 1.43105e-08
Iteration: 3
  Device: "BenchmarkDiode"	RelError: 6.57660e-12	AbsError: 1.43879e+02
    Region: "SiRegion"	RelError: 6.57660e-12	AbsError: 1.43879e+02
      Equation: "ElectronContinuityEquation"	RelError: 3.25122e-12	AbsError: 7.18608e+01
      Equation: "HoleContinuityEquation"	RelError: 3.29844e-12	AbsError: 7.20184e+01
      Equation: "PotentialEquation"	RelError: 2.69338e-14	AbsError: 5.29981e-15
number of equations 5085
Iteration: 0
  Device: "BenchmarkDiode"	RelError: 5.61765e-01	AbsError: 5.60915e+12
    Region: "SiRegion"	RelError: 5.61765e-01	AbsError: 5.60915e+12
      Equation: "ElectronContinuityEquation"	RelError: 1.37179e-01	AbsError: 2.77916e+12
      Equation: "HoleContinuityEquation"	RelError: 1.37170e-01	AbsError: 2.83000e+12
      Equation: "PotentialEquation"	RelError: 2.87416e-01	AbsError: 3.12500e-03
Iteration: 1
  Device: "BenchmarkDiode"	RelError: 1.57875e-02	AbsError: 1.60858e+11
    Region: "SiRegion"	RelError: 1.57875e-02	AbsError: 1.60858e+11
      Equation: "ElectronContinuityEquation"	RelError: 7.88603e-03	AbsError: 8.05558e+10
      Equation: "HoleContinuityEquation"	RelError: 7.88501e-03	AbsError: 8.03022e+10
      Equation: "PotentialEquation"	RelError: 1.64364e-05	AbsError: 3.11159e-06
Iteration: 2
  Device: "BenchmarkDiode"	RelError: 8.98695e-07	AbsError: 1.71760e+07
    Region: "SiRegion"	RelError: 8.98695e-07	AbsError: 1.71760e+07
      Equation: "ElectronContinuityEquation"	RelError: 4.44597e-07	AbsError: 8.58418e+06
      Equation: "HoleContinuityEquation"	RelError: 4.50691e-07	AbsError: 8.59184e+06
      Equation: "PotentialEquation"	RelError: 3.40597e-09	AbsError: 6.58650e-10
Iteration: 3
  Device: "BenchmarkDiode"	RelError: 1.80538e-14	AbsError: 5.87376e+01
    Region: "SiRegion"	RelError: 1.80538e-14	AbsError: 5.87376e+01
      Equation: "ElectronContinuityEquation"	RelError: 6.96920e-15	AbsError: 2.99645e+01
      Equation: "HoleContinuityEquation"	RelError: 7.61424e-15	AbsError: 2.87730e+01
      Equation: "PotentialEquation"	RelError: 3.47034e-15	AbsError: 7.76457e-17
number of equations 5085
Iteration: 0
  Device: "BenchmarkDiode"	RelError: 2.96200e-01	AbsError: 2.75084e+12
    Region: "SiRegion"	RelError: 2.96200e-01	AbsError: 2.75084e+12
      Equation: "ElectronContinuityEquation"	RelError: 6.41891e-02	AbsError: 1.36275e+12
      Equation: "HoleContinuityEquation"	RelError: 6.41854e-02	AbsError: 1.38809e+12
      Equation: "PotentialEquation"	RelError: 1.67826e-01	AbsError: 1.56250e-03
Iteration: 1
  Device: "BenchmarkDiode"	RelError: 3.79038e-03	AbsError: 3.79162e+10
    Region: "SiRegion"	RelError: 3.79038e-03	AbsError: 3.79162e+10
      Equation: "ElectronContinuityEquation"	RelError: 1.89343e-03	AbsError: 1.89896e+10
      Equation: "HoleContinuityEquation"	RelError: 1.89320e-03	AbsError: 1.89266e+10
      Equation: "PotentialEquation"	RelError: 3.74482e-06	AbsError: 7.04630e-07
Iteration: 2
  Device: "BenchmarkDiode"	RelError: 4.99005e-08	AbsError: 9.18262e+05
    Region: "SiRegion"	RelError: 4.99005e-08	AbsError: 9.18262e+05
      Equation: "ElectronContinuityEquation"	RelError: 2.46802e-08	AbsError: 4.58952e+05
      Equation: "HoleContinuityEquation"	RelError: 2.50378e-08	AbsError: 4.59311e+05
      Equation: "PotentialEquation"	RelError: 1.82552e-10	AbsError: 3.50977e-11
Iteration: 3
  Device: "BenchmarkDiode"	RelError: 8.16109e-15	AbsError: 6.02568e+01
    Region: "SiRegion"	RelError: 8.16109e-15	AbsError: 6.02568e+01
      Equation: "ElectronContinuityEquation"	RelError: 1.69634e-15	AbsError: 3.26605e+01
      Equation: "HoleContinuityEquation"	RelError: 5.31372e-15	AbsError: 2.75963e+01
      Equation: "PotentialEquation"	RelError: 1.15104e-15	AbsError: 6.44559e-17
number of equations 5085
Iteration: 0
  Device: "BenchmarkDiode"	RelError: 1.53792e-01	AbsError: 1.36323e+12
    Region: "SiRegion"	RelError: 1.53792e-01	AbsError: 1.36323e+12
      Equation: "ElectronContinuityEquation"	RelError: 3.10970e-02	AbsError: 6.75286e+11
      Equation: "HoleContinuityEquation"	RelError: 3.10953e-02	AbsError: 6.87941e+11
      Equation: "PotentialEquation"	RelError: 9.15993e-02	AbsError: 7.81250e-04
Iteration: 1
  Device: "BenchmarkDiode"	RelError: 9.28676e-04	AbsError: 9.20495e+09
    Region: "SiRegion"	RelError: 9.28676e-04	AbsError: 9.20495e+09
      Equation: "ElectronContinuityEquation"	RelError: 4.63920e-04	AbsError: 4.61032e+09
      Equation: "HoleContinuityEquation"	RelError: 4.63864e-04	AbsError: 4.59463e+09
      Equation: "PotentialEquation"	RelError: 8.92101e-07	AbsError: 1.67346e-07
Iteration: 2
  Device: "BenchmarkDiode"	RelError: 2.93390e-09	AbsError: 5.29765e+04
    Region: "SiRegion"	RelError: 2.93390e-09	AbsError: 5.29765e+04
      Equation: "ElectronContinuityEquation"	RelError: 1.45085e-09	AbsError: 2.64786e+04
      Equation: "HoleContinuityEquation"	RelError: 1.47251e-09	AbsError: 2.64979e+04
      Equation: "PotentialEquation"	RelError: 1.05453e-11	AbsError: 2.02156e-12
Iteration: 3
  Device: "BenchmarkDiode"	RelError: 7.32915e-15	AbsError: 5.05374e+01
    Region: "SiRegion"	RelError: 7.32915e-15	AbsError: 5.05374e+01
      Equation: "ElectronContinuityEquation"	RelError: 2.54162e-15	AbsError: 2.23740e+01
      Equation: "HoleContinuityEquation"	RelError: 3.45387e-15	AbsError: 2.81634e+01
      Equation: "PotentialEquation"	RelError: 1.33366e-15	AbsError: 2.97292e-17
number of equations 5085
Iteration: 0
  Device: "BenchmarkDiode"	RelError: 7.86183e-02	AbsError: 6.78714e+11
    Region: "SiRegion"	RelError: 7.86183e-02	AbsError: 6.78714e+11
      Equation: "ElectronContinuityEquation"	RelError: 1.53106e-02	AbsError: 3.36195e+11
      Equation: "HoleContinuityEquation"	RelError: 1.53098e-02	AbsError: 3.42519e+11
      Equation: "PotentialEquation"	RelError: 4.79980e-02	AbsError: 3.90625e-04
Iteration: 1
  Device: "BenchmarkDiode"	RelError: 2.29843e-04	AbsError: 2.26777e+09
    Region: "SiRegion"	RelError: 2.29843e-04	AbsError: 2.26777e+09
      Equation: "ElectronContinuityEquation"	RelError: 1.14820e-04	AbsError: 1.13584e+09
      Equation: "HoleContinuityEquation"	RelError: 1.14806e-04	AbsError: 1.13193e+09
      Equation: "PotentialEquation"	RelError: 2.17601e-07	AbsError: 4.07562e-08
Iteration: 2
  Device: "BenchmarkDiode"	RelError: 1.77755e-10	AbsError: 3.17938e+03
    Region: "SiRegion"	RelError: 1.77755e-10	AbsError: 3.17938e+03
      Equation: "ElectronContinuityEquation"	RelError: 8.78936e-11	AbsError: 1.58911e+03
      Equation: "HoleContinuityEquation"	RelError: 8.92278e-11	AbsError: 1.59027e+03
      Equation: "PotentialEquation"	RelError: 6.33230e-13	AbsError: 1.21213e-13
Iteration: 3
  Device: "BenchmarkDiode"	RelError: 7.69559e-15	AbsError: 4.88643e+01
    Region: "SiRegion"	RelError: 7.69559e-15	AbsError: 4.88643e+01
      Equation: "ElectronContinuityEquation"	RelError: 2.81325e-15	AbsError: 2.56615e+01
      Equation: "HoleContinuityEquation"	RelError: 3.89773e-15	AbsError: 2.32027e+01
      Equation: "PotentialEquation"	RelError: 9.84619e-16	AbsError: 4.72660e-17
number of equations 5085
Iteration: 0
  Device: "BenchmarkDiode"	RelError: 3.84030e-02	AbsError: 3.38650e+11
    Region: "SiRegion"	RelError: 3.84030e-02	AbsError: 3.38650e+11
      Equation: "ElectronContinuityEquation"	RelError: 7.48346e-03	AbsError: 1.67745e+11
      Equation: "HoleContinuityEquation"	RelError: 7.48306e-03	AbsError: 1.70905e+11
      Equation: "PotentialEquation"	RelError: 2.34365e-02	AbsError: 1.95313e-04
Iteration: 1
  Device: "BenchmarkDiode"	RelError: 5.66013e-05	AbsError: 5.64459e+08
    Region: "SiRegion"	RelError: 5.66013e-05	AbsError: 5.64459e+08
      Equation: "ElectronContinuityEquation"	RelError: 2.82754e-05	AbsError: 2.82719e+08
      Equation: "HoleContinuityEquation"	RelError: 2.82720e-05	AbsError: 2.81741e+08
      Equation: "PotentialEquation"	RelError: 5.39236e-08	AbsError: 1.01087e-08
Iteration: 2
  Device: "BenchmarkDiode"	RelError: 1.09187e-11	AbsError: 1.96385e+02
    Region: "SiRegion"	RelError: 1.09187e-11	AbsError: 1.96385e+02
      Equation: "ElectronContinuityEquation"	RelError: 5.39703e-12	AbsError: 9.81215e+01
      Equation: "HoleContinuityEquation"	RelError: 5.48259e-12	AbsError: 9.82640e+01
      Equation: "PotentialEquation"	RelError: 3.90908e-14	AbsError: 7.51216e-15
number of equations 5085
Iteration: 0
  Device: "BenchmarkDiode"	RelError: 1.90939e-02	AbsError: 1.69501e+11
    Region: "SiRegion"	RelError: 1.90939e-02	AbsError: 1.69501e+11
      Equation: "ElectronContinuityEquation"	RelError: 3.75577e-03	AbsError: 8.39602e+10
      Equation: "HoleContinuityEquation"	RelError: 3.75558e-03	AbsError: 8.55408e+10
      Equation: "PotentialEquation"	RelError: 1.15825e-02	AbsError: 9.76563e-05
Iteration: 1
  Device: "BenchmarkDiode"	RelError: 1.41859e-05	AbsError: 1.41632e+08
    Region: "SiRegion"	RelError: 1.41859e-05	AbsError: 1.41632e+08
      Equation: "ElectronContinuityEquation"	RelError: 7.08659e-06	AbsError: 7.09383e+07
      Equation: "HoleContinuityEquation"	RelError: 7.08574e-06	AbsError: 7.06936e+07
      Equation: "PotentialEquation"	RelError: 1.35649e-08	AbsError: 2.54390e-09
Iteration: 2
  Device: "BenchmarkDiode"	RelError: 6.86492e-13	AbsError: 7.87824e+01
    Region: "SiRegion"	RelError: 6.86492e-13	AbsError: 7.87824e+01
      Equation: "ElectronContinuityEquation"	RelError: 3.37752e-13	AbsError: 4.39956e+01
      Equation: "HoleContinuityEquation"	RelError: 3.44320e-13	AbsError: 3.47869e+01
      Equation: "PotentialEquation"	RelError: 4.42100e-15	AbsError: 5.27478e-16
number of equations 5085
Iteration: 0
  Device: "BenchmarkDiode"	RelError: 9.52066e-03	AbsError: 8.47948e+10
    Region: "SiRegion"	RelError: 9.52066e-03	AbsError: 8.47948e+10
      Equation: "ElectronContinuityEquation"	RelError: 1.88142e-03	AbsError: 4.20022e+10
      Equation: "HoleContinuityEquation"	RelError: 1.88132e-03	AbsError: 4.27926e+10
      Equation: "PotentialEquation"	RelError: 5.75792e-03	AbsError: 4.88281e-05
Iteration: 1
  Device: "BenchmarkDiode"	RelError: 3.55093e-06	AbsError: 3.54728e+07
    Region: "SiRegion"	RelError: 3.55093e-06	AbsError: 3.54728e+07
      Equation: "ElectronContinuityEquation"	RelError: 1.77387e-06	AbsError: 1.77670e+07
      Equation: "HoleContinuityEquation"	RelError: 1.77366e-06	AbsError: 1.77058e+07
      Equation: "PotentialEquation"	RelError: 3.40173e-09	AbsError: 6.38070e-10
Iteration: 2
  Device: "BenchmarkDiode"	RelError: 4.27763e-14	AbsError: 6.22145e+01
    Region: "SiRegion"	RelError: 4.27763e-14	AbsError: 6.22145e+01
      Equation: "ElectronContinuityEquation"	RelError: 1.96008e-14	AbsError: 3.58126e+01
      Equation: "HoleContinuityEquation"	RelError: 1.95605e-14	AbsError: 2.64019e+01
      Equation: "PotentialEquation"	RelError: 3.61503e-15	AbsError: 1.13037e-16
number of equations 5085
Iteration: 0
  Device: "BenchmarkDiode"	RelError: 8.15332e-15	AbsError: 3.75404e+01
    Region: "SiRegion"	RelError: 8.15332e-15	AbsError: 3.75404e+01
      Equation: "ElectronContinuityEquation"	RelError: 4.22158e-15	AbsError: 1.79365e+01
      Equation: "HoleContinuityEquation"	RelError: 2.36062e-15	AbsError: 1.96039e+01
      Equation: "PotentialEquation"	RelError: 1.57112e-15	AbsError: 4.31856e-17
number of equations 5085
Iteration: 0
  Device: "BenchmarkDiode"	RelError: 8.29284e-15	AbsError: 3.48422e+01
    Region: "SiRegion"	RelError: 8.29284e-15	AbsError: 3.48422e+01
      Equation: "ElectronContinuityEquation"	RelError: 4.86794e-15	AbsError: 1.58784e+01
      Equation: "HoleContinuityEquation"	RelError: 2.46586e-15	AbsError: 1.89639e+01
      Equation: "PotentialEquation"	RelError: 9.59044e-16	AbsError: 3.90644e-17
number of equations 5085
Iteration: 0
  Device: "BenchmarkDiode"	RelError: 4.76822e-15	AbsError: 3.65186e+01
    Region: "SiRegion"	RelError: 4.76822e-15	AbsError: 3.65186e+01
      Equation: "ElectronContinuityEquation"	RelError: 2.38768e-15	AbsError: 1.61411e+01
      Equation: "HoleContinuityEquation"	RelError: 1.59360e-15	AbsError: 2.03776e+01
      Equation: "PotentialEquation"	RelError: 7.86931e-16	AbsError: 3.70021e-17
Charge Relative Error 1.29434e-09
number of equations 5085
Iteration: 0
  Device: "BenchmarkDiode"	RelError: 5.16806e-15	AbsError: 3.50892e+01
    Region: "SiRegion"	RelError: 5.16806e-15	AbsError: 3.50892e+01
      Equation: "ElectronContinuityEquation"	RelError: 1.40833e-15	AbsError: 1.82660e+01
      Equation: "HoleContinuityEquation"	RelError: 3.23524e-15	AbsError: 1.68232e+01
      Equation: "PotentialEquation"	RelError: 5.24491e-16	AbsError: 4.83122e-17
Charge Relative Error 1.29434e-09
number of equations 5085
Iteration: 0
  Device: "BenchmarkDiode"	RelError: 3.60952e-15	AbsError: 4.16841e+01
    Region: "SiRegion"	RelError: 3.60952e-15	AbsError: 4.16841e+01
      Equation: "ElectronContinuityEquation"	RelError: 1.65025e-15	AbsError: 1.64782e+01
      Equation: "HoleContinuityEquation"	RelError: 1.38606e-15	AbsError: 2.52058e+01
      Equation: "PotentialEquation"	RelError: 5.73220e-16	AbsError: 5.81412e-17
Charge Relative Error 1.29434e-09
number of equations 5085
Iteration: 0
  Device: "BenchmarkDiode"	RelError: 6.17724e-15	AbsError: 3.30849e+01
    Region: "SiRegion"	RelError: 6.17724e-15	AbsError: 3.30849e+01
      Equation: "ElectronContinuityEquation"	RelError: 2.44042e-15	AbsError: 1.29907e+01
      Equation: "HoleContinuityEquation"	RelError: 2.23467e-15	AbsError: 2.00942e+01
      Equation: "PotentialEquation"	RelError: 1.50215e-15	AbsError: 5.45315e-17
Charge Relative Error 1.29434e-09
number of equations 5085
Iteration: 0
  Device: "BenchmarkDiode"	RelError: 4.88377e-15	AbsError: 3.28259e+01
    Region: "SiRegion"	RelError: 4.88377e-15	AbsError: 3.28259e+01
      Equation: "ElectronContinuityEquation"	RelError: 1.81361e-15	AbsError: 1.60355e+01
      Equation: "HoleContinuityEquation"	RelError: 2.13765e-15	AbsError: 1.67904e+01
      Equation: "PotentialEquation"	RelError: 9.32515e-16	AbsError: 3.73843e-17
Charge Relative Error 1.29434e-09
number of equations 5085
Iteration: 0
  Device: "BenchmarkDiode"	RelError: 5.57039e-15	AbsError: 4.33675e+01
    Region: "SiRegion"	RelError: 5.57039e-15	AbsError: 4.33675e+01
      Equation: "ElectronContinuityEquation"	RelError: 1.82444e-15	AbsError: 1.81987e+01
      Equation: "HoleContinuityEquation"	RelError: 2.49945e-15	AbsError: 2.51688e+01
      Equation: "PotentialEquation"	RelError: 1.24651e-15	AbsError: 4.20195e-17
Charge Relative Error 1.29434e-09
number of equations 5085
Iteration: 0
  Device: "BenchmarkDiode"	RelError: 3.98094e-15	AbsError: 3.64086e+01
    Region: "SiRegion"	RelError: 3.98094e-15	AbsError: 3.64086e+01
      Equation: "ElectronContinuityEquation"	RelError: 1.42996e-15	AbsError: 1.64299e+01
      Equation: "HoleContinuityEquation"	RelError: 1.51384e-15	AbsError: 1.99787e+01
      Equation: "PotentialEquation"	RelError: 1.03714e-15	AbsError: 4.18848e-17
Charge Relative Error 1.29434e-09
number of equations 5085
Iteration: 0
  Device: "BenchmarkDiode"	RelError: 4.69371e-15	AbsError: 3.09437e+01
    Region: "SiRegion"	RelError: 4.69371e-15	AbsError: 3.09437e+01
      Equation: "ElectronContinuityEquation"	RelError: 2.60814e-15	AbsError: 1.41205e+01
      Equation: "HoleContinuityEquation"	RelError: 1.56763e-15	AbsError: 1.68232e+01
      Equation: "PotentialEquation"	RelError: 5.17937e-16	AbsError: 3.65618e-17
Charge Relative Error 1.29434e-09
number of equations 5085
Iteration: 0
  Device: "BenchmarkDiode"	RelError: 6.05092e-15	AbsError: 4.16649e+01
    Region: "SiRegion"	RelError: 6.05092e-15	AbsError: 4.16649e+01
      Equation: "ElectronContinuityEquation"	RelError: 2.29786e-15	AbsError: 1.64592e+01
      Equation: "HoleContinuityEquation"	RelError: 2.82870e-15	AbsError: 2.52058e+01
      Equation: "PotentialEquation"	RelError: 9.24358e-16	AbsError: 4.13026e-17
Charge Relative Error 1.29434e-09
number of equations 5085
Iteration: 0
  Device: "BenchmarkDiode"	RelError: 5.16934e-15	AbsError: 3.39556e+01
    Region: "SiRegion"	RelError: 5.16934e-15	AbsError: 3.39556e+01
      Equation: "ElectronContinuityEquation"	RelError: 1.71703e-15	AbsError: 1.38608e+01
      Equation: "HoleContinuityEquation"	RelError: 1.42696e-15	AbsError: 2.00949e+01
      Equation: "PotentialEquation"	RelError: 2.02535e-15	AbsError: 3.91049e-17
Charge Relative Error 1.29434e-09
number of equations 5085
Iteration: 0
  Device: "BenchmarkDiode"	RelError: 2.30321e+03	AbsError: 2.72454e+15
    Region: "SiRegion"	RelError: 2.30321e+03	AbsError: 2.72454e+15
      Equation: "ElectronContinuityEquation"	RelError: 9.99000e+02	AbsError: 1.21595e+15
      Equation: "HoleContinuityEquation"	RelError: 9.99000e+02	AbsError: 1.50860e+15
      Equation: "PotentialEquation"	RelError: 3.05213e+02	AbsError: 1.04279e-01
Iteration: 1
  Device: "BenchmarkDiode"	RelError: 8.92790e+02	AbsError: 3.15697e+15
    Region: "SiRegion"	RelError: 8.92790e+02	AbsError: 3.15697e+15
      Equation: "ElectronContinuityEquation"	RelError: 2.76603e+00	AbsError: 1.71389e+15
      Equation: "HoleContinuityEquation"	RelError: 5.60463e+00	AbsError: 1.44308e+15
      Equation: "PotentialEquation"	RelError: 8.84419e+02	AbsError: 1.02348e-01
Iteration: 2
  Device: "BenchmarkDiode"	RelError: 3.01881e+03	AbsError: 8.88670e+14
    Region: "SiRegion"	RelError: 3.01881e+03	AbsError: 8.88670e+14
      Equation: "ElectronContinuityEquation"	RelError: 9.99000e+02	AbsError: 4.59448e+14
      Equation: "HoleContinuityEquation"	RelError: 1.14728e+03	AbsError: 4.29222e+14
      Equation: "PotentialEquation"	RelError: 8.72524e+02	AbsError: 1.00302e-01
Iteration: 3
  Device: "BenchmarkDiode"	RelError: 2.18654e+03	AbsError: 5.92672e+14
    Region: "SiRegion"	RelError: 2.18654e+03	AbsError: 5.92672e+14
      Equation: "ElectronContinuityEquation"	RelError: 9.99000e+02	AbsError: 9.96771e+13
      Equation: "HoleContinuityEquation"	RelError: 9.99000e+02	AbsError: 4.92995e+14
      Equation: "PotentialEquation"	RelError: 1.88542e+02	AbsError: 9.81263e-02
Iteration: 4
  Device: "BenchmarkDiode"	RelError: 2.06311e+03	AbsError: 3.96598e+14
    Region: "SiRegion"	RelError: 2.06311e+03	AbsError: 3.96598e+14
      Equation: "ElectronContinuityEquation"	RelError: 9.99000e+02	AbsError: 1.09986e+14
      Equation: "HoleContinuityEquation"	RelError: 9.99000e+02	AbsError: 2.86612e+14
      Equation: "PotentialEquation"	RelError: 6.51120e+01	AbsError: 9.58051e-02
Iteration: 5
  Device: "BenchmarkDiode"	RelError: 1.06388e+03	AbsError: 2.56381e+14
    Region: "SiRegion"	RelError: 1.06388e+03	AbsError: 2.56381e+14
      Equation: "ElectronContinuityEquation"	RelError: 1.28313e+00	AbsError: 7.09920e+13
      Equation: "HoleContinuityEquation"	RelError: 9.99000e+02	AbsError: 1.85389e+14
      Equation: "PotentialEquation"	RelError: 6.35993e+01	AbsError: 9.33185e-02
Iteration: 6
  Device: "BenchmarkDiode"	RelError: 2.00963e+03	AbsError: 2.42469e+14
    Region: "SiRegion"	RelError: 2.00963e+03	AbsError: 2.42469e+14
      Equation: "ElectronContinuityEquation"	RelError: 9.99000e+02	AbsError: 1.24399e+13
      Equation: "HoleContinuityEquation"	RelError: 9.99000e+02	AbsError: 2.30029e+14
      Equation: "PotentialEquation"	RelError: 1.16305e+01	AbsError: 9.06429e-02
Iteration: 7
  Device: "BenchmarkDiode"	RelError: 1.00267e+03	AbsError: 1.60974e+14
    Region: "SiRegion"	RelError: 1.00267e+03	AbsError: 1.60974e+14
      Equation: "ElectronContinuityEquation"	RelError: 9.98778e-01	AbsError: 3.13146e+13
      Equation: "HoleContinuityEquation"	RelError: 9.99000e+02	AbsError: 1.29659e+14
      Equation: "PotentialEquation"	RelError: 2.67495e+00	AbsError: 8.77491e-02
Iteration: 8
  Device: "BenchmarkDiode"	RelError: 2.00420e+03	AbsError: 9.18920e+13
    Region: "SiRegion"	RelError: 2.00420e+03	AbsError: 9.18920e+13
      Equation: "ElectronContinuityEquation"	RelError: 9.99000e+02	AbsError: 1.01203e+13
      Equation: "HoleContinuityEquation"	RelError: 9.99000e+02	AbsError: 8.17717e+13
      Equation: "PotentialEquation"	RelError: 6.19597e+00	AbsError: 8.46016e-02
Iteration: 9
  Device: "BenchmarkDiode"	RelError: 1.00083e+03	AbsError: 7.20343e+13
    Region: "SiRegion"	RelError: 1.00083e+03	AbsError: 7.20343e+13
      Equation: "ElectronContinuityEquation"	RelError: 9.98864e-01	AbsError: 8.06498e+12
      Equation: "HoleContinuityEquation"	RelError: 9.99000e+02	AbsError: 6.39694e+13
      Equation: "PotentialEquation"	RelError: 8.32340e-01	AbsError: 8.11554e-02
Iteration: 10
  Device: "BenchmarkDiode"	RelError: 2.52041e+03	AbsError: 4.96415e+13
    Region: "SiRegion"	RelError: 2.52041e+03	AbsError: 4.96415e+13
      Equation: "ElectronContinuityEquation"	RelError: 1.52112e+03	AbsError: 4.00193e+12
      Equation: "HoleContinuityEquation"	RelError: 9.99000e+02	AbsError: 4.56396e+13
      Equation: "PotentialEquation"	RelError: 2.94881e-01	AbsError: 7.73537e-02
Iteration: 11
  Device: "BenchmarkDiode"	RelError: 1.00038e+03	AbsError: 2.60208e+13
    Region: "SiRegion"	RelError: 1.00038e+03	AbsError: 2.60208e+13
      Equation: "ElectronContinuityEquation"	RelError: 9.98985e-01	AbsError: 3.77165e+12
      Equation: "HoleContinuityEquation"	RelError: 9.99000e+02	AbsError: 2.22492e+13
      Equation: "PotentialEquation"	RelError: 3.83651e-01	AbsError: 7.31232e-02
Iteration: 12
  Device: "BenchmarkDiode"	RelError: 1.00164e+03	AbsError: 2.09538e+13
    Region: "SiRegion"	RelError: 1.00164e+03	AbsError: 2.09538e+13
      Equation: "ElectronContinuityEquation"	RelError: 9.99000e+02	AbsError: 5.31085e+12
      Equation: "HoleContinuityEquation"	RelError: 2.28671e+00	AbsError: 1.56430e+13
      Equation: "PotentialEquation"	RelError: 3.50137e-01	AbsError: 6.83679e-02
Iteration: 13
  Device: "BenchmarkDiode"	RelError: 1.83657e+01	AbsError: 1.30250e+13
    Region: "SiRegion"	RelError: 1.83657e+01	AbsError: 1.30250e+13
      Equation: "ElectronContinuityEquation"	RelError: 9.98857e-01	AbsError: 2.67173e+12
      Equation: "HoleContinuityEquation"	RelError: 1.71530e+01	AbsError: 1.03532e+13
      Equation: "PotentialEquation"	RelError: 2.13798e-01	AbsError: 6.29604e-02
Iteration: 14
  Device: "BenchmarkDiode"	RelError: 1.00007e+03	AbsError: 7.82003e+12
    Region: "SiRegion"	RelError: 1.00007e+03	AbsError: 7.82003e+12
      Equation: "ElectronContinuityEquation"	RelError: 9.99000e+02	AbsError: 1.57862e+12
      Equation: "HoleContinuityEquation"	RelError: 9.56150e-01	AbsError: 6.24141e+12
      Equation: "PotentialEquation"	RelError: 1.12173e-01	AbsError: 5.67298e-02
Iteration: 15
  Device: "BenchmarkDiode"	RelError: 1.67437e+00	AbsError: 3.55111e+12
    Region: "SiRegion"	RelError: 1.67437e+00	AbsError: 3.55111e+12
      Equation: "ElectronContinuityEquation"	RelError: 9.98763e-01	AbsError: 3.69247e+11
      Equation: "HoleContinuityEquation"	RelError: 6.36382e-01	AbsError: 3.18186e+12
      Equation: "PotentialEquation"	RelError: 3.92231e-02	AbsError: 4.94491e-02
Iteration: 16
  Device: "BenchmarkDiode"	RelError: 5.58310e+00	AbsError: 1.30391e+12
    Region: "SiRegion"	RelError: 5.58310e+00	AbsError: 1.30391e+12
      Equation: "ElectronContinuityEquation"	RelError: 5.32380e+00	AbsError: 7.15271e+10
      Equation: "HoleContinuityEquation"	RelError: 2.28252e-01	AbsError: 1.23238e+12
      Equation: "PotentialEquation"	RelError: 3.10523e-02	AbsError: 4.08350e-02
Iteration: 17
  Device: "BenchmarkDiode"	RelError: 8.37935e-01	AbsError: 3.81205e+11
    Region: "SiRegion"	RelError: 8.37935e-01	AbsError: 3.81205e+11
      Equation: "ElectronContinuityEquation"	RelError: 7.43976e-01	AbsError: 6.22540e+10
      Equation: "HoleContinuityEquation"	RelError: 7.14609e-02	AbsError: 3.18951e+11
      Equation: "PotentialEquation"	RelError: 2.24987e-02	AbsError: 3.06228e-02
Iteration: 18
  Device: "BenchmarkDiode"	RelError: 3.74077e-01	AbsError: 1.25179e+11
    Region: "SiRegion"	RelError: 3.74077e-01	AbsError: 1.25179e+11
      Equation: "ElectronContinuityEquation"	RelError: 3.28611e-01	AbsError: 1.09894e+10
      Equation: "HoleContinuityEquation"	RelError: 2.62560e-02	AbsError: 1.14190e+11
      Equation: "PotentialEquation"	RelError: 1.92092e-02	AbsError: 2.58388e-02
Iteration: 19
  Device: "BenchmarkDiode"	RelError: 7.54406e-02	AbsError: 3.59467e+12
    Region: "SiRegion"	RelError: 7.54406e-02	AbsError: 3.59467e+12
      Equation: "ElectronContinuityEquation"	RelError: 6.85162e-02	AbsError: 2.92125e+10
      Equation: "HoleContinuityEquation"	RelError: 5.74556e-04	AbsError: 3.56546e+12
      Equation: "PotentialEquation"	RelError: 6.34985e-03	AbsError: 8.99934e-03
Iteration: 20
  Device: "BenchmarkDiode"	RelError: 2.06045e-02	AbsError: 3.60208e+12
    Region: "SiRegion"	RelError: 2.06045e-02	AbsError: 3.60208e+12
      Equation: "ElectronContinuityEquation"	RelError: 1.78957e-02	AbsError: 2.92246e+10
      Equation: "HoleContinuityEquation"	RelError: 5.75416e-04	AbsError: 3.57285e+12
      Equation: "PotentialEquation"	RelError: 2.13339e-03	AbsError: 7.46837e-06
Iteration: 21
  Device: "BenchmarkDiode"	RelError: 1.56071e-06	AbsError: 1.06475e+08
    Region: "SiRegion"	RelError: 1.56071e-06	AbsError: 1.06475e+08
      Equation: "ElectronContinuityEquation"	RelError: 1.45139e-06	AbsError: 1.04831e+06
      Equation: "HoleContinuityEquation"	RelError: 3.63643e-08	AbsError: 1.05427e+08
      Equation: "PotentialEquation"	RelError: 7.29548e-08	AbsError: 2.50057e-10
Iteration: 22
  Device: "BenchmarkDiode"	RelError: 2.24861e-14	AbsError: 7.90351e+01
    Region: "SiRegion"	RelError: 2.24861e-14	AbsError: 7.90351e+01
      Equation: "ElectronContinuityEquation"	RelError: 1.55836e-15	AbsError: 4.31574e+01
      Equation: "HoleContinuityEquation"	RelError: 1.71350e-15	AbsError: 3.58777e+01
      Equation: "PotentialEquation"	RelError: 1.92143e-14	AbsError: 1.37519e-16
Charge Relative Error 9.95125e-01
number of equations 5085
Iteration: 0
  Device: "BenchmarkDiode"	RelError: 3.67390e+02	AbsError: 5.24397e+13
    Region: "SiRegion"	RelError: 3.67390e+02	AbsError: 5.24397e+13
      Equation: "ElectronContinuityEquation"	RelError: 2.15093e+02	AbsError: 1.35312e+13
      Equation: "HoleContinuityEquation"	RelError: 1.52096e+02	AbsError: 3.89085e+13
      Equation: "PotentialEquation"	RelError: 2.00464e-01	AbsError: 1.01204e-03
Iteration: 1
  Device: "BenchmarkDiode"	RelError: 2.19308e+00	AbsError: 5.67800e+10
    Region: "SiRegion"	RelError: 2.19308e+00	AbsError: 5.67800e+10
      Equation: "ElectronContinuityEquation"	RelError: 1.92579e+00	AbsError: 4.79139e+09
      Equation: "HoleContinuityEquation"	RelError: 2.66912e-01	AbsError: 5.19887e+10
      Equation: "PotentialEquation"	RelError: 3.82330e-04	AbsError: 9.07561e-07
Iteration: 2
  Device: "BenchmarkDiode"	RelError: 1.65707e-05	AbsError: 1.56506e+05
    Region: "SiRegion"	RelError: 1.65707e-05	AbsError: 1.56506e+05
      Equation: "ElectronContinuityEquation"	RelError: 1.64048e-05	AbsError: 8.82083e+03
      Equation: "HoleContinuityEquation"	RelError: 1.65485e-07	AbsError: 1.47685e+05
      Equation: "PotentialEquation"	RelError: 4.56564e-10	AbsError: 1.77884e-12
Iteration: 3
  Device: "BenchmarkDiode"	RelError: 5.55366e-15	AbsError: 5.43512e+01
    Region: "SiRegion"	RelError: 5.55366e-15	AbsError: 5.43512e+01
      Equation: "ElectronContinuityEquation"	RelError: 1.67312e-15	AbsError: 2.29125e+01
      Equation: "HoleContinuityEquation"	RelError: 1.23312e-15	AbsError: 3.14387e+01
      Equation: "PotentialEquation"	RelError: 2.64742e-15	AbsError: 1.34347e-16
Charge Relative Error 1.00000e+00
number of equations 5085
Iteration: 0
  Device: "BenchmarkDiode"	RelError: 3.77622e+02	AbsError: 7.54895e+11
    Region: "SiRegion"	RelError: 3.77622e+02	AbsError: 7.54895e+11
      Equation: "ElectronContinuityEquation"	RelError: 2.50193e+02	AbsError: 4.57422e+10
      Equation: "HoleContinuityEquation"	RelError: 1.27426e+02	AbsError: 7.09153e+11
      Equation: "PotentialEquation"	RelError: 3.32966e-03	AbsError: 2.13125e-05
Iteration: 1
  Device: "BenchmarkDiode"	RelError: 2.34165e-02	AbsError: 2.20839e+07
    Region: "SiRegion"	RelError: 2.34165e-02	AbsError: 2.20839e+07
      Equation: "ElectronContinuityEquation"	RelError: 2.00310e-02	AbsError: 3.11151e+06
      Equation: "HoleContinuityEquation"	RelError: 3.38534e-03	AbsError: 1.89724e+07
      Equation: "PotentialEquation"	RelError: 1.88422e-07	AbsError: 4.28517e-10
Iteration: 2
  Device: "BenchmarkDiode"	RelError: 6.52208e-11	AbsError: 6.84272e+01
    Region: "SiRegion"	RelError: 6.52208e-11	AbsError: 6.84272e+01
      Equation: "ElectronContinuityEquation"	RelError: 6.35477e-11	AbsError: 3.06512e+01
      Equation: "HoleContinuityEquation"	RelError: 1.62934e-12	AbsError: 3.77760e+01
      Equation: "PotentialEquation"	RelError: 4.37859e-14	AbsError: 1.20081e-16
Charge Relative Error 1.00000e+00
number of equations 5085
Iteration: 0
  Device: "BenchmarkDiode"	RelError: 2.08307e+02	AbsError: 1.47912e+10
    Region: "SiRegion"	RelError: 2.08307e+02	AbsError: 1.47912e+10
      Equation: "ElectronContinuityEquation"	RelError: 1.21135e+02	AbsError: 8.91362e+08
      Equation: "HoleContinuityEquation"	RelError: 8.71717e+01	AbsError: 1.38998e+10
      Equation: "PotentialEquation"	RelError: 1.20863e-04	AbsError: 4.33646e-07
Iteration: 1
  Device: "BenchmarkDiode"	RelError: 1.93668e-03	AbsError: 9.51966e+03
    Region: "SiRegion"	RelError: 1.93668e-03	AbsError: 9.51966e+03
      Equation: "ElectronContinuityEquation"	RelError: 1.88090e-03	AbsError: 2.07253e+03
      Equation: "HoleContinuityEquation"	RelError: 5.57786e-05	AbsError: 7.44713e+03
      Equation: "PotentialEquation"	RelError: 1.09614e-10	AbsError: 1.72721e-13
Iteration: 2
  Device: "BenchmarkDiode"	RelError: 4.30297e-14	AbsError: 6.10589e+01
    Region: "SiRegion"	RelError: 4.30297e-14	AbsError: 6.10589e+01
      Equation: "ElectronContinuityEquation"	RelError: 1.82348e-15	AbsError: 2.41709e+01
      Equation: "HoleContinuityEquation"	RelError: 1.38026e-15	AbsError: 3.68880e+01
      Equation: "PotentialEquation"	RelError: 3.98260e-14	AbsError: 1.57678e-16
Charge Relative Error 9.99997e-01
number of equations 5085
Iteration: 0
  Device: "BenchmarkDiode"	RelError: 3.01807e+01	AbsError: 2.86508e+08
    Region: "SiRegion"	RelError: 3.01807e+01	AbsError: 2.86508e+08
      Equation: "ElectronContinuityEquation"	RelError: 9.08248e+00	AbsError: 2.88078e+07
      Equation: "HoleContinuityEquation"	RelError: 2.10982e+01	AbsError: 2.57700e+08
      Equation: "PotentialEquation"	RelError: 2.57088e-06	AbsError: 7.82040e-09
Iteration: 1
  Device: "BenchmarkDiode"	RelError: 1.10780e-06	AbsError: 7.00308e+01
    Region: "SiRegion"	RelError: 1.10780e-06	AbsError: 7.00308e+01
      Equation: "ElectronContinuityEquation"	RelError: 9.39669e-07	AbsError: 2.70523e+01
      Equation: "HoleContinuityEquation"	RelError: 1.68130e-07	AbsError: 4.29785e+01
      Equation: "PotentialEquation"	RelError: 3.46871e-15	AbsError: 1.46151e-16
Iteration: 2
  Device: "BenchmarkDiode"	RelError: 8.95061e-15	AbsError: 4.20303e+01
    Region: "SiRegion"	RelError: 8.95061e-15	AbsError: 4.20303e+01
      Equation: "ElectronContinuityEquation"	RelError: 1.32896e-15	AbsError: 2.24325e+01
      Equation: "HoleContinuityEquation"	RelError: 2.91837e-15	AbsError: 1.95978e+01
      Equation: "PotentialEquation"	RelError: 4.70328e-15	AbsError: 1.26695e-16
Charge Relative Error 9.99760e-01
number of equations 5085
Iteration: 0
  Device: "BenchmarkDiode"	RelError: 5.26047e+00	AbsError: 4.96294e+06
    Region: "SiRegion"	RelError: 5.26047e+00	AbsError: 4.96294e+06
      Equation: "ElectronContinuityEquation"	RelError: 2.42442e-01	AbsError: 5.68951e+05
      Equation: "HoleContinuityEquation"	RelError: 5.01803e+00	AbsError: 4.39399e+06
      Equation: "PotentialEquation"	RelError: 4.46362e-08	AbsError: 1.27566e-10
Iteration: 1
  Device: "BenchmarkDiode"	RelError: 7.76742e-10	AbsError: 9.18576e+01
    Region: "SiRegion"	RelError: 7.76742e-10	AbsError: 9.18576e+01
      Equation: "ElectronContinuityEquation"	RelError: 2.41749e-10	AbsError: 4.58734e+01
      Equation: "HoleContinuityEquation"	RelError: 5.34971e-10	AbsError: 4.59842e+01
      Equation: "PotentialEquation"	RelError: 2.29327e-14	AbsError: 1.17305e-16
Iteration: 2
  Device: "BenchmarkDiode"	RelError: 1.97858e-14	AbsError: 4.18682e+01
    Region: "SiRegion"	RelError: 1.97858e-14	AbsError: 4.18682e+01
      Equation: "ElectronContinuityEquation"	RelError: 1.82423e-15	AbsError: 2.30485e+01
      Equation: "HoleContinuityEquation"	RelError: 1.65580e-15	AbsError: 1.88197e+01
      Equation: "PotentialEquation"	RelError: 1.63058e-14	AbsError: 1.15844e-16
Charge Relative Error 9.78244e-01
number of equations 5085
Iteration: 0
  Device: "BenchmarkDiode"	RelError: 3.02533e-01	AbsError: 7.88263e+04
    Region: "SiRegion"	RelError: 3.02533e-01	AbsError: 7.88263e+04
      Equation: "ElectronContinuityEquation"	RelError: 5.68043e-03	AbsError: 9.44881e+03
      Equation: "HoleContinuityEquation"	RelError: 2.96853e-01	AbsError: 6.93774e+04
      Equation: "PotentialEquation"	RelError: 6.96922e-10	AbsError: 1.92974e-12
Iteration: 1
  Device: "BenchmarkDiode"	RelError: 4.67773e-13	AbsError: 5.80944e+01
    Region: "SiRegion"	RelError: 4.67773e-13	AbsError: 5.80944e+01
      Equation: "ElectronContinuityEquation"	RelError: 5.24915e-14	AbsError: 2.95351e+01
      Equation: "HoleContinuityEquation"	RelError: 3.97662e-13	AbsError: 2.85593e+01
      Equation: "PotentialEquation"	RelError: 1.76201e-14	AbsError: 1.29060e-16
Charge Relative Error 1.23663e-01
number of equations 5085
Iteration: 0
  Device: "BenchmarkDiode"	RelError: 1.39503e-02	AbsError: 1.19375e+03
    Region: "SiRegion"	RelError: 1.39503e-02	AbsError: 1.19375e+03
      Equation: "ElectronContinuityEquation"	RelError: 1.33444e-04	AbsError: 1.56188e+02
      Equation: "HoleContinuityEquation"	RelError: 1.38169e-02	AbsError: 1.03756e+03
      Equation: "PotentialEquation"	RelError: 1.06491e-11	AbsError: 2.81860e-14
Iteration: 1
  Device: "BenchmarkDiode"	RelError: 1.54493e-14	AbsError: 4.78548e+01
    Region: "SiRegion"	RelError: 1.54493e-14	AbsError: 4.78548e+01
      Equation: "ElectronContinuityEquation"	RelError: 2.47688e-15	AbsError: 2.60004e+01
      Equation: "HoleContinuityEquation"	RelError: 3.34682e-15	AbsError: 2.18543e+01
      Equation: "PotentialEquation"	RelError: 9.62561e-15	AbsError: 1.24799e-16
Charge Relative Error 1.42181e-03
number of equations 5085
Iteration: 0
  Device: "BenchmarkDiode"	RelError: 6.38510e-04	AbsError: 3.96462e+01
    Region: "SiRegion"	RelError: 6.38510e-04	AbsError: 3.96462e+01
      Equation: "ElectronContinuityEquation"	RelError: 3.13818e-06	AbsError: 1.82666e+01
      Equation: "HoleContinuityEquation"	RelError: 6.35371e-04	AbsError: 2.13795e+01
      Equation: "PotentialEquation"	RelError: 1.63894e-13	AbsError: 5.09171e-16
Iteration: 1
  Device: "BenchmarkDiode"	RelError: 1.63262e-14	AbsError: 3.55621e+01
    Region: "SiRegion"	RelError: 1.63262e-14	AbsError: 3.55621e+01
      Equation: "ElectronContinuityEquation"	RelError: 1.41788e-15	AbsError: 2.23259e+01
      Equation: "HoleContinuityEquation"	RelError: 1.31623e-15	AbsError: 1.32362e+01
      Equation: "PotentialEquation"	RelError: 1.35920e-14	AbsError: 1.12012e-16
Charge Relative Error 1.90689e-05
number of equations 5085
Iteration: 0
  Device: "BenchmarkDiode"	RelError: 2.92792e-05	AbsError: 3.99976e+01
    Region: "SiRegion"	RelError: 2.92792e-05	AbsError: 3.99976e+01
      Equation: "ElectronContinuityEquation"	RelError: 7.38145e-08	AbsError: 3.20053e+01
      Equation: "HoleContinuityEquation"	RelError: 2.92054e-05	AbsError: 7.99226e+00
      Equation: "PotentialEquation"	RelError: 3.16947e-15	AbsError: 1.14860e-16
Iteration: 1
  Device: "BenchmarkDiode"	RelError: 6.06869e-15	AbsError: 3.80737e+01
    Region: "SiRegion"	RelError: 6.06869e-15	AbsError: 3.80737e+01
      Equation: "ElectronContinuityEquation"	RelError: 1.94466e-15	AbsError: 2.51518e+01
      Equation: "HoleContinuityEquation"	RelError: 1.42469e-15	AbsError: 1.29219e+01
      Equation: "PotentialEquation"	RelError: 2.69935e-15	AbsError: 1.13360e-16
Charge Relative Error 4.24049e-07
number of equations 5085
Iteration: 0
  Device: "BenchmarkDiode"	RelError: 1.34420e-06	AbsError: 2.80973e+01
    Region: "SiRegion"	RelError: 1.34420e-06	AbsError: 2.80973e+01
      Equation: "ElectronContinuityEquation"	RelError: 1.73630e-09	AbsError: 2.01375e+01
      Equation: "HoleContinuityEquation"	RelError: 1.34246e-06	AbsError: 7.95980e+00
      Equation: "PotentialEquation"	RelError: 3.06654e-15	AbsError: 1.12016e-16
Iteration: 1
  Device: "BenchmarkDiode"	RelError: 1.84645e-14	AbsError: 2.17718e+01
    Region: "SiRegion"	RelError: 1.84645e-14	AbsError: 2.17718e+01
      Equation: "ElectronContinuityEquation"	RelError: 1.37937e-15	AbsError: 1.37470e+01
      Equation: "HoleContinuityEquation"	RelError: 1.53133e-15	AbsError: 8.02481e+00
      Equation: "PotentialEquation"	RelError: 1.55538e-14	AbsError: 1.15555e-16
Charge Relative Error 1.94928e-08
number of equations 5085
Iteration: 0
  Device: "BenchmarkDiode"	RelError: 6.17494e-08	AbsError: 2.79920e+01
    Region: "SiRegion"	RelError: 6.17494e-08	AbsError: 2.79920e+01
      Equation: "ElectronContinuityEquation"	RelError: 4.08404e-11	AbsError: 1.99429e+01
      Equation: "HoleContinuityEquation"	RelError: 6.17086e-08	AbsError: 8.04911e+00
      Equation: "PotentialEquation"	RelError: 2.14076e-14	AbsError: 1.19357e-16
Iteration: 1
  Device: "BenchmarkDiode"	RelError: 2.12265e-14	AbsError: 2.16414e+01
    Region: "SiRegion"	RelError: 2.12265e-14	AbsError: 2.16414e+01
      Equation: "ElectronContinuityEquation"	RelError: 2.32140e-15	AbsError: 1.36650e+01
      Equation: "HoleContinuityEquation"	RelError: 2.26708e-15	AbsError: 7.97636e+00
      Equation: "PotentialEquation"	RelError: 1.66381e-14	AbsError: 1.18826e-16
Charge Relative Error 2.28958e-09
number of equations 5085
Iteration: 0
  Device: "BenchmarkDiode"	RelError: 2.83752e-09	AbsError: 2.79840e+01
    Region: "SiRegion"	RelError: 2.83752e-09	AbsError: 2.79840e+01
      Equation: "ElectronContinuityEquation"	RelError: 9.61372e-13	AbsError: 1.99835e+01
      Equation: "HoleContinuityEquation"	RelError: 2.83654e-09	AbsError: 8.00048e+00
      Equation: "PotentialEquation"	RelError: 1.31499e-14	AbsError: 1.11871e-16
Iteration: 1
  Device: "BenchmarkDiode"	RelError: 1.55059e-14	AbsError: 2.16874e+01
    Region: "SiRegion"	RelError: 1.55059e-14	AbsError: 2.16874e+01
      Equation: "ElectronContinuityEquation"	RelError: 2.53101e-15	AbsError: 1.36603e+01
      Equation: "HoleContinuityEquation"	RelError: 3.47585e-15	AbsError: 8.02709e+00
      Equation: "PotentialEquation"	RelError: 9.49909e-15	AbsError: 1.12423e-16
Charge Relative Error 2.28958e-09
number of equations 5085
Iteration: 0
  Device: "BenchmarkDiode"	RelError: 1.30422e-10	AbsError: 2.79120e+01
    Region: "SiRegion"	RelError: 1.30422e-10	AbsError: 2.79120e+01
      Equation: "ElectronContinuityEquation"	RelError: 2.23410e-14	AbsError: 1.99580e+01
      Equation: "HoleContinuityEquation"	RelError: 1.30388e-10	AbsError: 7.95400e+00
      Equation: "PotentialEquation"	RelError: 1.14832e-14	AbsError: 1.13294e-16
Iteration: 1
  Device: "BenchmarkDiode"	RelError: 1.89696e-14	AbsError: 2.16218e+01
    Region: "SiRegion"	RelError: 1.89696e-14	AbsError: 2.16218e+01
      Equation: "ElectronContinuityEquation"	RelError: 1.92630e-15	AbsError: 1.36635e+01
      Equation: "HoleContinuityEquation"	RelError: 2.36953e-15	AbsError: 7.95825e+00
      Equation: "PotentialEquation"	RelError: 1.46738e-14	AbsError: 1.11363e-16
Charge Relative Error 2.28958e-09
number of equations 5085
Iteration: 0
  Device: "BenchmarkDiode"	RelError: 6.00557e-12	AbsError: 2.79918e+01
    Region: "SiRegion"	RelError: 6.00557e-12	AbsError: 2.79918e+01
      Equation: "ElectronContinuityEquation"	RelError: 1.79850e-15	AbsError: 1.99758e+01
      Equation: "HoleContinuityEquation"	RelError: 5.99299e-12	AbsError: 8.01606e+00
      Equation: "PotentialEquation"	RelError: 1.07844e-14	AbsError: 1.13075e-16
Charge Relative Error 2.28958e-09
number of equations 5085
Iteration: 0
  Device: "BenchmarkDiode"	RelError: 2.85243e-13	AbsError: 2.16992e+01
    Region: "SiRegion"	RelError: 2.85243e-13	AbsError: 2.16992e+01
      Equation: "ElectronContinuityEquation"	RelError: 1.42984e-15	AbsError: 1.36625e+01
      Equation: "HoleContinuityEquation"	RelError: 2.75752e-13	AbsError: 8.03670e+00
      Equation: "PotentialEquation"	RelError: 8.06080e-15	AbsError: 1.12982e-16
Charge Relative Error 2.28958e-09
number of equations 5085
Iteration: 0
  Device: "BenchmarkDiode"	RelError: 2.22595e-14	AbsError: 2.79702e+01
    Region: "SiRegion"	RelError: 2.22595e-14	AbsError: 2.79702e+01
      Equation: "ElectronContinuityEquation"	RelError: 1.66304e-15	AbsError: 1.99956e+01
      Equation: "HoleContinuityEquation"	RelError: 1.36500e-14	AbsError: 7.97462e+00
      Equation: "PotentialEquation"	RelError: 6.94648e-15	AbsError: 1.12762e-16
Charge Relative Error 2.28958e-09
number of equations 5085
Iteration: 0
  Device: "BenchmarkDiode"	RelError: 1.36138e-14	AbsError: 2.20097e+01
    Region: "SiRegion"	RelError: 1.36138e-14	AbsError: 2.20097e+01
      Equation: "ElectronContinuityEquation"	RelError: 1.43236e-15	AbsError: 1.40059e+01
      Equation: "HoleContinuityEquation"	RelError: 3.37542e-15	AbsError: 8.00378e+00
      Equation: "PotentialEquation"	RelError: 8.80600e-15	AbsError: 1.11022e-16
Charge Relative Error 2.28958e-09
number of equations 5085
Iteration: 0
  Device: "BenchmarkDiode"	RelError: 1.40300e-14	AbsError: 2.79835e+01
    Region: "SiRegion"	RelError: 1.40300e-14	AbsError: 2.79835e+01
      Equation: "ElectronContinuityEquation"	RelError: 1.24052e-15	AbsError: 1.99529e+01
      Equation: "HoleContinuityEquation"	RelError: 1.74139e-15	AbsError: 8.03058e+00
      Equation: "PotentialEquation"	RelError: 1.10481e-14	AbsError: 1.12839e-16
Charge Relative Error 2.28958e-09
number of equations 5085
Iteration: 0
  Device: "BenchmarkDiode"	RelError: 9.53650e-15	AbsError: 2.16176e+01
    Region: "SiRegion"	RelError: 9.53650e-15	AbsError: 2.16176e+01
      Equation: "ElectronContinuityEquation"	RelError: 9.88000e-16	AbsError: 1.36563e+01
      Equation: "HoleContinuityEquation"	RelError: 1.05083e-15	AbsError: 7.96127e+00
      Equation: "PotentialEquation"	RelError: 7.49766e-15	AbsError: 1.11022e-16
Charge Relative Error 2.28958e-09
number of equations 5085
Iteration: 0
  Device: "BenchmarkDiode"	RelError: 7.89073e-15	AbsError: 2.80320e+01
    Region: "SiRegion"	RelError: 7.89073e-15	AbsError: 2.80320e+01
      Equation: "ElectronContinuityEquation"	RelError: 8.13374e-16	AbsError: 2.00090e+01
      Equation: "HoleContinuityEquation"	RelError: 8.73587e-16	AbsError: 8.02303e+00
      Equation: "PotentialEquation"	RelError: 6.20377e-15	AbsError: 1.13497e-16
Charge Relative Error 2.28958e-09
number of equations 5085
Iteration: 0
  Device: "BenchmarkDiode"	RelError: 1.60565e-14	AbsError: 2.17672e+01
    Region: "SiRegion"	RelError: 1.60565e-14	AbsError: 2.17672e+01
      Equation: "ElectronContinuityEquation"	RelError: 1.31725e-15	AbsError: 1.37293e+01
      Equation: "HoleContinuityEquation"	RelError: 1.57405e-15	AbsError: 8.03792e+00
      Equation: "PotentialEquation"	RelError: 1.31652e-14	AbsError: 1.13098e-16
Charge Relative Error 2.28958e-09
number of equations 5085
Iteration: 0
  Device: "BenchmarkDiode"	RelError: 2.82120e-14	AbsError: 3.08083e+01
    Region: "SiRegion"	RelError: 2.82120e-14	AbsError: 3.08083e+01
      Equation: "ElectronContinuityEquation"	RelError: 2.71995e-15	AbsError: 2.28372e+01
      Equation: "HoleContinuityEquation"	RelError: 3.07357e-15	AbsError: 7.97109e+00
      Equation: "PotentialEquation"	RelError: 2.24185e-14	AbsError: 1.11426e-16
Charge Relative Error 2.28958e-09
number of equations 5085
Iteration: 0
  Device: "BenchmarkDiode"	RelError: 2.24423e-14	AbsError: 2.30459e+01
    Region: "SiRegion"	RelError: 2.24423e-14	AbsError: 2.30459e+01
      Equation: "ElectronContinuityEquation"	RelError: 3.01154e-15	AbsError: 1.50458e+01
      Equation: "HoleContinuityEquation"	RelError: 3.29490e-15	AbsError: 8.00017e+00
      Equation: "PotentialEquation"	RelError: 1.61358e-14	AbsError: 1.12017e-16
Charge Relative Error 2.28958e-09
number of equations 5085
Iteration: 0
  Device: "BenchmarkDiode"	RelError: 1.14145e-14	AbsError: 2.81797e+01
    Region: "SiRegion"	RelError: 1.14145e-14	AbsError: 2.81797e+01
      Equation: "ElectronContinuityEquation"	RelError: 1.54498e-15	AbsError: 2.01336e+01
      Equation: "HoleContinuityEquation"	RelError: 3.21466e-15	AbsError: 8.04609e+00
      Equation: "PotentialEquation"	RelError: 6.65482e-15	AbsError: 1.12687e-16
Charge Relative Error 2.28958e-09
number of equations 5085
Iteration: 0
  Device: "BenchmarkDiode"	RelError: 1.87248e-14	AbsError: 2.17099e+01
    Region: "SiRegion"	RelError: 1.87248e-14	AbsError: 2.17099e+01
      Equation: "ElectronContinuityEquation"	RelError: 1.96634e-15	AbsError: 1.37473e+01
      Equation: "HoleContinuityEquation"	RelError: 1.98266e-15	AbsError: 7.96258e+00
      Equation: "PotentialEquation"	RelError: 1.47757e-14	AbsError: 1.11817e-16
Charge Relative Error 2.28958e-09
number of equations 5085
Iteration: 0
  Device: "BenchmarkDiode"	RelError: 1.68010e-14	AbsError: 2.79951e+01
    Region: "SiRegion"	RelError: 1.68010e-14	AbsError: 2.79951e+01
      Equation: "ElectronContinuityEquation"	RelError: 1.15469e-15	AbsError: 1.99721e+01
      Equation: "HoleContinuityEquation"	RelError: 2.07950e-15	AbsError: 8.02293e+00
      Equation: "PotentialEquation"	RelError: 1.35668e-14	AbsError: 1.13421e-16
Charge Relative Error 2.28958e-09
number of equations 5085
Iteration: 0
  Device: "BenchmarkDiode"	RelError: 1.06104e-14	AbsError: 2.16992e+01
    Region: "SiRegion"	RelError: 1.06104e-14	AbsError: 2.16992e+01
      Equation: "ElectronContinuityEquation"	RelError: 1.40586e-15	AbsError: 1.36608e+01
      Equation: "HoleContinuityEquation"	RelError: 2.20218e-15	AbsError: 8.03840e+00
      Equation: "PotentialEquation"	RelError: 7.00234e-15	AbsError: 1.13290e-16
Charge Relative Error 2.28958e-09
number of equations 5085
Iteration: 0
  Device: "BenchmarkDiode"	RelError: 1.14668e-14	AbsError: 2.79759e+01
    Region: "SiRegion"	RelError: 1.14668e-14	AbsError: 2.79759e+01
      Equation: "ElectronContinuityEquation"	RelError: 1.38759e-15	AbsError: 2.00033e+01
      Equation: "HoleContinuityEquation"	RelError: 2.85795e-15	AbsError: 7.97262e+00
      Equation: "PotentialEquation"	RelError: 7.22122e-15	AbsError: 1.12456e-16
Charge Relative Error 2.28958e-09
number of equations 5085
Iteration: 0
  Device: "BenchmarkDiode"	RelError: 1.74730e-14	AbsError: 2.17274e+01
    Region: "SiRegion"	RelError: 1.74730e-14	AbsError: 2.17274e+01
      Equation: "ElectronContinuityEquation"	RelError: 1.70548e-15	AbsError: 1.37277e+01
      Equation: "HoleContinuityEquation"	RelError: 3.87478e-15	AbsError: 7.99972e+00
      Equation: "PotentialEquation"	RelError: 1.18927e-14	AbsError: 1.11022e-16
Charge Relative Error 2.28958e-09
number of equations 5085
Iteration: 0
  Device: "BenchmarkDiode"	RelError: 2.59630e-14	AbsError: 3.09129e+01
    Region: "SiRegion"	RelError: 2.59630e-14	AbsError: 3.09129e+01
      Equation: "ElectronContinuityEquation"	RelError: 2.29911e-15	AbsError: 2.29697e+01
      Equation: "HoleContinuityEquation"	RelError: 2.82814e-15	AbsError: 7.94311e+00
      Equation: "PotentialEquation"	RelError: 2.08357e-14	AbsError: 1.12782e-16
Charge Relative Error 2.28958e-09
number of equations 5085
Iteration: 0
  Device: "BenchmarkDiode"	RelError: 1.96669e-14	AbsError: 2.29134e+01
    Region: "SiRegion"	RelError: 1.96669e-14	AbsError: 2.29134e+01
      Equation: "ElectronContinuityEquation"	RelError: 2.07623e-15	AbsError: 1.49522e+01
      Equation: "HoleContinuityEquation"	RelError: 2.51557e-15	AbsError: 7.96120e+00
      Equation: "PotentialEquation"	RelError: 1.50751e-14	AbsError: 1.11022e-16
Charge Relative Error 2.28958e-09
number of equations 5085
Iteration: 0
  Device: "BenchmarkDiode"	RelError: 1.17584e-14	AbsError: 2.80213e+01
    Region: "SiRegion"	RelError: 1.17584e-14	AbsError: 2.80213e+01
      Equation: "ElectronContinuityEquation"	RelError: 1.42278e-15	AbsError: 2.00044e+01
      Equation: "HoleContinuityEquation"	RelError: 3.12671e-15	AbsError: 8.01687e+00
      Equation: "PotentialEquation"	RelError: 7.20893e-15	AbsError: 1.12578e-16
Charge Relative Error 2.28958e-09
number of equations 5085
Iteration: 0
  Device: "BenchmarkDiode"	RelError: 1.79077e-14	AbsError: 2.17656e+01
    Region: "SiRegion"	RelError: 1.79077e-14	AbsError: 2.17656e+01
      Equation: "ElectronContinuityEquation"	RelError: 1.89348e-15	AbsError: 1.37276e+01
      Equation: "HoleContinuityEquation"	RelError: 3.12114e-15	AbsError: 8.03803e+00
      Equation: "PotentialEquation"	RelError: 1.28930e-14	AbsError: 1.13112e-16
Charge Relative Error 2.28958e-09
number of equations 5085
Iteration: 0
  Device: "BenchmarkDiode"	RelError: 2.69875e-14	AbsError: 3.08997e+01
    Region: "SiRegion"	RelError: 2.69875e-14	AbsError: 3.08997e+01
      Equation: "ElectronContinuityEquation"	RelError: 2.93642e-15	AbsError: 2.29364e+01
      Equation: "HoleContinuityEquation"	RelError: 2.86605e-15	AbsError: 7.96322e+00
      Equation: "PotentialEquation"	RelError: 2.11850e-14	AbsError: 1.11022e-16
Charge Relative Error 2.28958e-09
number of equations 5085
Iteration: 0
  Device: "BenchmarkDiode"	RelError: 2.08352e-14	AbsError: 2.29652e+01
    Region: "SiRegion"	RelError: 2.08352e-14	AbsError: 2.29652e+01
      Equation: "ElectronContinuityEquation"	RelError: 2.02374e-15	AbsError: 1.49452e+01
      Equation: "HoleContinuityEquation"	RelError: 2.05378e-15	AbsError: 8.02003e+00
      Equation: "PotentialEquation"	RelError: 1.67577e-14	AbsError: 1.13467e-16
Charge Relative Error 2.28958e-09
number of equations 5085
Iteration: 0
  Device: "BenchmarkDiode"	RelError: 1.02686e-14	AbsError: 2.80607e+01
    Region: "SiRegion"	RelError: 1.02686e-14	AbsError: 2.80607e+01
      Equation: "ElectronContinuityEquation"	RelError: 1.65157e-15	AbsError: 2.00222e+01
      Equation: "HoleContinuityEquation"	RelError: 1.16957e-15	AbsError: 8.03853e+00
      Equation: "PotentialEquation"	RelError: 7.44748e-15	AbsError: 1.13428e-16
Charge Relative Error 2.28958e-09
number of equations 5085
Iteration: 0
  Device: "BenchmarkDiode"	RelError: 1.19350e-14	AbsError: 2.17945e+01
    Region: "SiRegion"	RelError: 1.19350e-14	AbsError: 2.17945e+01
      Equation: "ElectronContinuityEquation"	RelError: 1.87591e-15	AbsError: 1.38214e+01
      Equation: "HoleContinuityEquation"	RelError: 1.52493e-15	AbsError: 7.97311e+00
      Equation: "PotentialEquation"	RelError: 8.53412e-15	AbsError: 1.13665e-16
Charge Relative Error 2.28958e-09
number of equations 5085
Iteration: 0
  Device: "BenchmarkDiode"	RelError: 2.56361e-14	AbsError: 3.04356e+01
    Region: "SiRegion"	RelError: 2.56361e-14	AbsError: 3.04356e+01
      Equation: "ElectronContinuityEquation"	RelError: 2.01146e-15	AbsError: 2.24387e+01
      Equation: "HoleContinuityEquation"	RelError: 2.84735e-15	AbsError: 7.99695e+00
      Equation: "PotentialEquation"	RelError: 2.07773e-14	AbsError: 1.13615e-16
Charge Relative Error 2.28958e-09
number of equations 5085
Iteration: 0
  Device: "BenchmarkDiode"	RelError: 2.77846e-14	AbsError: 2.22671e+01
    Region: "SiRegion"	RelError: 2.77846e-14	AbsError: 2.22671e+01
      Equation: "ElectronContinuityEquation"	RelError: 2.10571e-15	AbsError: 1.43214e+01
      Equation: "HoleContinuityEquation"	RelError: 2.47714e-15	AbsError: 7.94571e+00
      Equation: "PotentialEquation"	RelError: 2.32017e-14	AbsError: 1.12625e-16
Charge Relative Error 2.28958e-09
number of equations 5085
Iteration: 0
  Device: "BenchmarkDiode"	RelError: 1.66520e-14	AbsError: 2.79672e+01
    Region: "SiRegion"	RelError: 1.66520e-14	AbsError: 2.79672e+01
      Equation: "ElectronContinuityEquation"	RelError: 1.90465e-15	AbsError: 2.00065e+01
      Equation: "HoleContinuityEquation"	RelError: 1.61421e-15	AbsError: 7.96078e+00
      Equation: "PotentialEquation"	RelError: 1.31331e-14	AbsError: 1.12536e-16
Charge Relative Error 2.28958e-09
number of equations 5085
Iteration: 0
  Device: "BenchmarkDiode"	RelError: 1.93465e-14	AbsError: 2.17541e+01
    Region: "SiRegion"	RelError: 1.93465e-14	AbsError: 2.17541e+01
      Equation: "ElectronContinuityEquation"	RelError: 1.94538e-15	AbsError: 1.37294e+01
      Equation: "HoleContinuityEquation"	RelError: 1.70176e-15	AbsError: 8.02470e+00
      Equation: "PotentialEquation"	RelError: 1.56994e-14	AbsError: 1.15414e-16
Charge Relative Error 2.28958e-09
number of equations 5085
Iteration: 0
  Device: "BenchmarkDiode"	RelError: 2.99808e-14	AbsError: 3.12009e+01
    Region: "SiRegion"	RelError: 2.99808e-14	AbsError: 3.12009e+01
      Equation: "ElectronContinuityEquation"	RelError: 3.02633e-15	AbsError: 2.31576e+01
      Equation: "HoleContinuityEquation"	RelError: 3.02434e-15	AbsError: 8.04327e+00
      Equation: "PotentialEquation"	RelError: 2.39302e-14	AbsError: 1.18435e-16
Charge Relative Error 2.28958e-09
number of equations 5085
Iteration: 0
  Device: "BenchmarkDiode"	RelError: 2.97931e-14	AbsError: 2.21037e+01
    Region: "SiRegion"	RelError: 2.97931e-14	AbsError: 2.21037e+01
      Equation: "ElectronContinuityEquation"	RelError: 2.94786e-15	AbsError: 1.41276e+01
      Equation: "HoleContinuityEquation"	RelError: 2.77719e-15	AbsError: 7.97606e+00
      Equation: "PotentialEquation"	RelError: 2.40681e-14	AbsError: 1.19326e-16
Charge Relative Error 2.28958e-09
number of equations 5085
Iteration: 0
  Device: "BenchmarkDiode"	RelError: 2.27891e-14	AbsError: 2.79923e+01
    Region: "SiRegion"	RelError: 2.27891e-14	AbsError: 2.79923e+01
      Equation: "ElectronContinuityEquation"	RelError: 3.27033e-15	AbsError: 1.99939e+01
      Equation: "HoleContinuityEquation"	RelError: 3.71654e-15	AbsError: 7.99837e+00
      Equation: "PotentialEquation"	RelError: 1.58022e-14	AbsError: 1.12323e-16
Charge Relative Error 2.28958e-09
number of equations 5085
Iteration: 0
  Device: "BenchmarkDiode"	RelError: 1.57000e-14	AbsError: 2.16067e+01
    Region: "SiRegion"	RelError: 1.57000e-14	AbsError: 2.16067e+01
      Equation: "ElectronContinuityEquation"	RelError: 3.55767e-15	AbsError: 1.36617e+01
      Equation: "HoleContinuityEquation"	RelError: 3.02734e-15	AbsError: 7.94502e+00
      Equation: "PotentialEquation"	RelError: 9.11502e-15	AbsError: 1.12596e-16
Charge Relative Error 2.28958e-09
number of equations 5085
Iteration: 0
  Device: "BenchmarkDiode"	RelError: 1.43479e-14	AbsError: 2.79143e+01
    Region: "SiRegion"	RelError: 1.43479e-14	AbsError: 2.79143e+01
      Equation: "ElectronContinuityEquation"	RelError: 1.99954e-15	AbsError: 1.99539e+01
      Equation: "HoleContinuityEquation"	RelError: 2.12342e-15	AbsError: 7.96042e+00
      Equation: "PotentialEquation"	RelError: 1.02249e-14	AbsError: 1.12883e-16
Charge Relative Error 2.28958e-09
number of equations 5085
Iteration: 0
  Device: "BenchmarkDiode"	RelError: 1.77880e-14	AbsError: 2.16892e+01
    Region: "SiRegion"	RelError: 1.77880e-14	AbsError: 2.16892e+01
      Equation: "ElectronContinuityEquation"	RelError: 1.85789e-15	AbsError: 1.36651e+01
      Equation: "HoleContinuityEquation"	RelError: 3.00602e-15	AbsError: 8.02404e+00
      Equation: "PotentialEquation"	RelError: 1.29240e-14	AbsError: 1.14896e-16
Charge Relative Error 2.28958e-09
number of equations 5085
Iteration: 0
  Device: "BenchmarkDiode"	RelError: 1.72971e-14	AbsError: 2.80141e+01
    Region: "SiRegion"	RelError: 1.72971e-14	AbsError: 2.80141e+01
      Equation: "ElectronContinuityEquation"	RelError: 2.09979e-15	AbsError: 1.99731e+01
      Equation: "HoleContinuityEquation"	RelError: 2.84565e-15	AbsError: 8.04097e+00
      Equation: "PotentialEquation"	RelError: 1.23516e-14	AbsError: 1.14505e-16
Charge Relative Error 2.28958e-09
number of equations 5085
Iteration: 0
  Device: "BenchmarkDiode"	RelError: 1.42677e-14	AbsError: 2.16318e+01
    Region: "SiRegion"	RelError: 1.42677e-14	AbsError: 2.16318e+01
      Equation: "ElectronContinuityEquation"	RelError: 1.38983e-15	AbsError: 1.36589e+01
      Equation: "HoleContinuityEquation"	RelError: 2.70275e-15	AbsError: 7.97292e+00
      Equation: "PotentialEquation"	RelError: 1.01751e-14	AbsError: 1.14482e-16
Charge Relative Error 2.28958e-09
number of equations 5085
Iteration: 0
  Device: "BenchmarkDiode"	RelError: 1.31963e-14	AbsError: 2.80145e+01
    Region: "SiRegion"	RelError: 1.31963e-14	AbsError: 2.80145e+01
      Equation: "ElectronContinuityEquation"	RelError: 1.65791e-15	AbsError: 2.00138e+01
      Equation: "HoleContinuityEquation"	RelError: 3.09257e-15	AbsError: 8.00078e+00
      Equation: "PotentialEquation"	RelError: 8.44581e-15	AbsError: 1.11139e-16
Charge Relative Error 2.28958e-09
number of equations 5085
Iteration: 0
  Device: "BenchmarkDiode"	RelError: 1.59734e-14	AbsError: 2.17569e+01
    Region: "SiRegion"	RelError: 1.59734e-14	AbsError: 2.17569e+01
      Equation: "ElectronContinuityEquation"	RelError: 1.46862e-15	AbsError: 1.37284e+01
      Equation: "HoleContinuityEquation"	RelError: 2.06852e-15	AbsError: 8.02850e+00
      Equation: "PotentialEquation"	RelError: 1.24363e-14	AbsError: 1.12636e-16
Charge Relative Error 2.28958e-09
number of equations 5085
Iteration: 0
  Device: "BenchmarkDiode"	RelError: 2.29748e-14	AbsError: 3.09474e+01
    Region: "SiRegion"	RelError: 2.29748e-14	AbsError: 3.09474e+01
      Equation: "ElectronContinuityEquation"	RelError: 1.93952e-15	AbsError: 2.29881e+01
      Equation: "HoleContinuityEquation"	RelError: 1.11379e-15	AbsError: 7.95924e+00
      Equation: "PotentialEquation"	RelError: 1.99215e-14	AbsError: 1.13670e-16
Charge Relative Error 2.28958e-09
number of equations 5085
Iteration: 0
  Device: "BenchmarkDiode"	RelError: 1.87478e-14	AbsError: 2.29637e+01
    Region: "SiRegion"	RelError: 1.87478e-14	AbsError: 2.29637e+01
      Equation: "ElectronContinuityEquation"	RelError: 1.41857e-15	AbsError: 1.49462e+01
      Equation: "HoleContinuityEquation"	RelError: 1.19858e-15	AbsError: 8.01756e+00
      Equation: "PotentialEquation"	RelError: 1.61306e-14	AbsError: 1.13237e-16
Charge Relative Error 2.28958e-09
number of equations 5085
Iteration: 0
  Device: "BenchmarkDiode"	RelError: 1.01045e-14	AbsError: 2.80613e+01
    Region: "SiRegion"	RelError: 1.01045e-14	AbsError: 2.80613e+01
      Equation: "ElectronContinuityEquation"	RelError: 2.04919e-15	AbsError: 2.00219e+01
      Equation: "HoleContinuityEquation"	RelError: 9.75150e-16	AbsError: 8.03945e+00
      Equation: "PotentialEquation"	RelError: 7.08019e-15	AbsError: 1.13467e-16
Charge Relative Error 2.28958e-09
number of equations 5085
Iteration: 0
  Device: "BenchmarkDiode"	RelError: 9.19195e-15	AbsError: 2.17925e+01
    Region: "SiRegion"	RelError: 9.19195e-15	AbsError: 2.17925e+01
      Equation: "ElectronContinuityEquation"	RelError: 1.01206e-15	AbsError: 1.38265e+01
      Equation: "HoleContinuityEquation"	RelError: 8.22878e-16	AbsError: 7.96591e+00
      Equation: "PotentialEquation"	RelError: 7.35701e-15	AbsError: 1.12113e-16
Charge Relative Error 2.28958e-09
number of equations 5085
Iteration: 0
  Device: "BenchmarkDiode"	RelError: 2.33028e-14	AbsError: 3.04622e+01
    Region: "SiRegion"	RelError: 2.33028e-14	AbsError: 3.04622e+01
      Equation: "ElectronContinuityEquation"	RelError: 2.76986e-15	AbsError: 2.24466e+01
      Equation: "HoleContinuityEquation"	RelError: 1.52847e-15	AbsError: 8.01559e+00
      Equation: "PotentialEquation"	RelError: 1.90045e-14	AbsError: 1.12928e-16
Charge Relative Error 2.28958e-09
number of equations 5085
Iteration: 0
  Device: "BenchmarkDiode"	RelError: 2.54153e-14	AbsError: 2.24214e+01
    Region: "SiRegion"	RelError: 2.54153e-14	AbsError: 2.24214e+01
      Equation: "ElectronContinuityEquation"	RelError: 2.48426e-15	AbsError: 1.43841e+01
      Equation: "HoleContinuityEquation"	RelError: 2.70428e-15	AbsError: 8.03735e+00
      Equation: "PotentialEquation"	RelError: 2.02267e-14	AbsError: 1.13110e-16
Charge Relative Error 2.28958e-09
number of equations 5085
Iteration: 0
  Device: "BenchmarkDiode"	RelError: 1.42517e-14	AbsError: 2.79823e+01
    Region: "SiRegion"	RelError: 1.42517e-14	AbsError: 2.79823e+01
      Equation: "ElectronContinuityEquation"	RelError: 2.73283e-15	AbsError: 2.00108e+01
      Equation: "HoleContinuityEquation"	RelError: 2.66512e-15	AbsError: 7.97151e+00
      Equation: "PotentialEquation"	RelError: 8.85374e-15	AbsError: 1.12252e-16
Charge Relative Error 2.28958e-09
number of equations 5085
Iteration: 0
  Device: "BenchmarkDiode"	RelError: 1.94392e-14	AbsError: 2.17312e+01
    Region: "SiRegion"	RelError: 1.94392e-14	AbsError: 2.17312e+01
      Equation: "ElectronContinuityEquation"	RelError: 3.62325e-15	AbsError: 1.37289e+01
      Equation: "HoleContinuityEquation"	RelError: 3.08509e-15	AbsError: 8.00227e+00
      Equation: "PotentialEquation"	RelError: 1.27309e-14	AbsError: 1.11632e-16
Charge Relative Error 2.28958e-09
number of equations 5085
Iteration: 0
  Device: "BenchmarkDiode"	RelError: 2.96199e-14	AbsError: 3.08760e+01
    Region: "SiRegion"	RelError: 2.96199e-14	AbsError: 3.08760e+01
      Equation: "ElectronContinuityEquation"	RelError: 2.60948e-15	AbsError: 2.28464e+01
      Equation: "HoleContinuityEquation"	RelError: 2.97884e-15	AbsError: 8.02956e+00
      Equation: "PotentialEquation"	RelError: 2.40316e-14	AbsError: 1.13323e-16
Charge Relative Error 2.28958e-09
number of equations 5085
Iteration: 0
  Device: "BenchmarkDiode"	RelError: 2.13876e-14	AbsError: 2.29917e+01
    Region: "SiRegion"	RelError: 2.13876e-14	AbsError: 2.29917e+01
      Equation: "ElectronContinuityEquation"	RelError: 1.91981e-15	AbsError: 1.50303e+01
      Equation: "HoleContinuityEquation"	RelError: 2.30306e-15	AbsError: 7.96148e+00
      Equation: "PotentialEquation"	RelError: 1.71648e-14	AbsError: 1.11022e-16
Charge Relative Error 2.28958e-09
number of equations 5085
Iteration: 0
  Device: "BenchmarkDiode"	RelError: 1.03257e-14	AbsError: 2.81554e+01
    Region: "SiRegion"	RelError: 1.03257e-14	AbsError: 2.81554e+01
      Equation: "ElectronContinuityEquation"	RelError: 1.69918e-15	AbsError: 2.01321e+01
      Equation: "HoleContinuityEquation"	RelError: 2.53780e-15	AbsError: 8.02332e+00
      Equation: "PotentialEquation"	RelError: 6.08871e-15	AbsError: 1.13684e-16
Charge Relative Error 2.28958e-09
number of equations 5085
Iteration: 0
  Device: "BenchmarkDiode"	RelError: 1.75102e-14	AbsError: 2.17848e+01
    Region: "SiRegion"	RelError: 1.75102e-14	AbsError: 2.17848e+01
      Equation: "ElectronContinuityEquation"	RelError: 1.40828e-15	AbsError: 1.37469e+01
      Equation: "HoleContinuityEquation"	RelError: 2.84349e-15	AbsError: 8.03792e+00
      Equation: "PotentialEquation"	RelError: 1.32584e-14	AbsError: 1.13098e-16
Charge Relative Error 2.28958e-09
number of equations 5085
Iteration: 0
  Device: "BenchmarkDiode"	RelError: 1.87629e-14	AbsError: 2.79454e+01
    Region: "SiRegion"	RelError: 1.87629e-14	AbsError: 2.79454e+01
      Equation: "ElectronContinuityEquation"	RelError: 1.70714e-15	AbsError: 1.99729e+01
      Equation: "HoleContinuityEquation"	RelError: 3.29996e-15	AbsError: 7.97253e+00
      Equation: "PotentialEquation"	RelError: 1.37558e-14	AbsError: 1.12378e-16
Charge Relative Error 2.28958e-09
number of equations 5085
Iteration: 0
  Device: "BenchmarkDiode"	RelError: 1.44612e-14	AbsError: 2.16599e+01
    Region: "SiRegion"	RelError: 1.44612e-14	AbsError: 2.16599e+01
      Equation: "ElectronContinuityEquation"	RelError: 2.32120e-15	AbsError: 1.36608e+01
      Equation: "HoleContinuityEquation"	RelError: 4.04312e-15	AbsError: 7.99909e+00
      Equation: "PotentialEquation"	RelError: 8.09684e-15	AbsError: 1.11242e-16
Charge Relative Error 2.28958e-09
number of equations 5085
Iteration: 0
  Device: "BenchmarkDiode"	RelError: 1.40280e-14	AbsError: 2.79459e+01
    Region: "SiRegion"	RelError: 1.40280e-14	AbsError: 2.79459e+01
      Equation: "ElectronContinuityEquation"	RelError: 1.66013e-15	AbsError: 2.00016e+01
      Equation: "HoleContinuityEquation"	RelError: 2.97531e-15	AbsError: 7.94429e+00
      Equation: "PotentialEquation"	RelError: 9.39253e-15	AbsError: 1.12666e-16
Charge Relative Error 2.28958e-09
number of equations 5085
Iteration: 0
  Device: "BenchmarkDiode"	RelError: 1.19722e-14	AbsError: 2.19211e+01
    Region: "SiRegion"	RelError: 1.19722e-14	AbsError: 2.19211e+01
      Equation: "ElectronContinuityEquation"	RelError: 1.76722e-15	AbsError: 1.39595e+01
      Equation: "HoleContinuityEquation"	RelError: 1.48778e-15	AbsError: 7.96163e+00
      Equation: "PotentialEquation"	RelError: 8.71717e-15	AbsError: 1.11022e-16
Charge Relative Error 2.28958e-09
number of equations 5085
Iteration: 0
  Device: "BenchmarkDiode"	RelError: 1.02542e-14	AbsError: 2.79968e+01
    Region: "SiRegion"	RelError: 1.02542e-14	AbsError: 2.79968e+01
      Equation: "ElectronContinuityEquation"	RelError: 1.78011e-15	AbsError: 1.99734e+01
      Equation: "HoleContinuityEquation"	RelError: 1.97159e-15	AbsError: 8.02343e+00
      Equation: "PotentialEquation"	RelError: 6.50245e-15	AbsError: 1.13755e-16
Charge Relative Error 2.28958e-09
number of equations 5085
Iteration: 0
  Device: "BenchmarkDiode"	RelError: 1.05318e-14	AbsError: 2.17002e+01
    Region: "SiRegion"	RelError: 1.05318e-14	AbsError: 2.17002e+01
      Equation: "ElectronContinuityEquation"	RelError: 1.92923e-15	AbsError: 1.36609e+01
      Equation: "HoleContinuityEquation"	RelError: 2.99761e-15	AbsError: 8.03927e+00
      Equation: "PotentialEquation"	RelError: 5.60493e-15	AbsError: 1.13597e-16
Charge Relative Error 2.28958e-09
number of equations 5085
Iteration: 0
  Device: "BenchmarkDiode"	RelError: 1.63301e-14	AbsError: 2.79297e+01
    Region: "SiRegion"	RelError: 1.63301e-14	AbsError: 2.79297e+01
      Equation: "ElectronContinuityEquation"	RelError: 1.67762e-15	AbsError: 1.99573e+01
      Equation: "HoleContinuityEquation"	RelError: 3.35461e-15	AbsError: 7.97236e+00
      Equation: "PotentialEquation"	RelError: 1.12979e-14	AbsError: 1.12051e-16
Charge Relative Error 2.28958e-09
number of equations 5085
Iteration: 0
  Device: "BenchmarkDiode"	RelError: 2.12474e-14	AbsError: 2.16623e+01
    Region: "SiRegion"	RelError: 2.12474e-14	AbsError: 2.16623e+01
      Equation: "ElectronContinuityEquation"	RelError: 2.16487e-15	AbsError: 1.36634e+01
      Equation: "HoleContinuityEquation"	RelError: 4.72099e-15	AbsError: 7.99886e+00
      Equation: "PotentialEquation"	RelError: 1.43616e-14	AbsError: 1.11363e-16
Charge Relative Error 2.28958e-09
number of equations 5085
Iteration: 0
  Device: "BenchmarkDiode"	RelError: 1.70159e-14	AbsError: 2.79182e+01
    Region: "SiRegion"	RelError: 1.70159e-14	AbsError: 2.79182e+01
      Equation: "ElectronContinuityEquation"	RelError: 2.23419e-15	AbsError: 1.99739e+01
      Equation: "HoleContinuityEquation"	RelError: 3.79919e-15	AbsError: 7.94434e+00
      Equation: "PotentialEquation"	RelError: 1.09825e-14	AbsError: 1.12662e-16
Charge Relative Error 2.28958e-09
number of equations 5085
Iteration: 0
  Device: "BenchmarkDiode"	RelError: 1.35345e-14	AbsError: 2.16240e+01
    Region: "SiRegion"	RelError: 1.35345e-14	AbsError: 2.16240e+01
      Equation: "ElectronContinuityEquation"	RelError: 1.96509e-15	AbsError: 1.36624e+01
      Equation: "HoleContinuityEquation"	RelError: 2.46821e-15	AbsError: 7.96162e+00
      Equation: "PotentialEquation"	RelError: 9.10122e-15	AbsError: 1.11022e-16
Charge Relative Error 2.28958e-09
number of equations 5085
Iteration: 0
  Device: "BenchmarkDiode"	RelError: 1.20960e-14	AbsError: 2.80191e+01
    Region: "SiRegion"	RelError: 1.20960e-14	AbsError: 2.80191e+01
      Equation: "ElectronContinuityEquation"	RelError: 1.80738e-15	AbsError: 1.99958e+01
      Equation: "HoleContinuityEquation"	RelError: 2.68723e-15	AbsError: 8.02338e+00
      Equation: "PotentialEquation"	RelError: 7.60137e-15	AbsError: 1.13708e-16
Charge Relative Error 2.28958e-09
number of equations 5085
Iteration: 0
  Device: "BenchmarkDiode"	RelError: 1.21764e-14	AbsError: 2.20573e+01
    Region: "SiRegion"	RelError: 1.21764e-14	AbsError: 2.20573e+01
      Equation: "ElectronContinuityEquation"	RelError: 1.46618e-15	AbsError: 1.40184e+01
      Equation: "HoleContinuityEquation"	RelError: 2.82199e-15	AbsError: 8.03893e+00
      Equation: "PotentialEquation"	RelError: 7.88824e-15	AbsError: 1.13391e-16
Charge Relative Error 2.28958e-09
number of equations 5085
Iteration: 0
  Device: "BenchmarkDiode"	RelError: 1.46668e-14	AbsError: 2.79243e+01
    Region: "SiRegion"	RelError: 1.46668e-14	AbsError: 2.79243e+01
      Equation: "ElectronContinuityEquation"	RelError: 1.60985e-15	AbsError: 1.99518e+01
      Equation: "HoleContinuityEquation"	RelError: 2.85183e-15	AbsError: 7.97252e+00
      Equation: "PotentialEquation"	RelError: 1.02052e-14	AbsError: 1.12200e-16
Charge Relative Error 2.28958e-09
number of equations 5085
Iteration: 0
  Device: "BenchmarkDiode"	RelError: 1.36097e-14	AbsError: 2.16545e+01
    Region: "SiRegion"	RelError: 1.36097e-14	AbsError: 2.16545e+01
      Equation: "ElectronContinuityEquation"	RelError: 1.63163e-15	AbsError: 1.36562e+01
      Equation: "HoleContinuityEquation"	RelError: 4.15954e-15	AbsError: 7.99832e+00
      Equation: "PotentialEquation"	RelError: 7.81849e-15	AbsError: 1.11705e-16
Charge Relative Error 2.28958e-09
number of equations 5085
Iteration: 0
  Device: "BenchmarkDiode"	RelError: 1.15967e-14	AbsError: 2.79672e+01
    Region: "SiRegion"	RelError: 1.15967e-14	AbsError: 2.79672e+01
      Equation: "ElectronContinuityEquation"	RelError: 2.46276e-15	AbsError: 2.00228e+01
      Equation: "HoleContinuityEquation"	RelError: 4.13212e-15	AbsError: 7.94446e+00
      Equation: "PotentialEquation"	RelError: 5.00186e-15	AbsError: 1.12650e-16
Charge Relative Error 2.28958e-09
number of equations 5085
Iteration: 0
  Device: "BenchmarkDiode"	RelError: 1.55771e-14	AbsError: 2.16884e+01
    Region: "SiRegion"	RelError: 1.55771e-14	AbsError: 2.16884e+01
      Equation: "ElectronContinuityEquation"	RelError: 2.42726e-15	AbsError: 1.37266e+01
      Equation: "HoleContinuityEquation"	RelError: 3.48328e-15	AbsError: 7.96177e+00
      Equation: "PotentialEquation"	RelError: 9.66659e-15	AbsError: 1.11043e-16
Charge Relative Error 2.28958e-09
number of equations 5085
Iteration: 0
  Device: "BenchmarkDiode"	RelError: 2.35616e-14	AbsError: 3.09598e+01
    Region: "SiRegion"	RelError: 2.35616e-14	AbsError: 3.09598e+01
      Equation: "ElectronContinuityEquation"	RelError: 1.51516e-15	AbsError: 2.29376e+01
      Equation: "HoleContinuityEquation"	RelError: 3.05288e-15	AbsError: 8.02218e+00
      Equation: "PotentialEquation"	RelError: 1.89935e-14	AbsError: 1.13094e-16
Charge Relative Error 2.28958e-09
number of equations 5085
Iteration: 0
  Device: "BenchmarkDiode"	RelError: 2.25037e-14	AbsError: 2.27898e+01
    Region: "SiRegion"	RelError: 2.25037e-14	AbsError: 2.27898e+01
      Equation: "ElectronContinuityEquation"	RelError: 1.76803e-15	AbsError: 1.47510e+01
      Equation: "HoleContinuityEquation"	RelError: 3.29871e-15	AbsError: 8.03882e+00
      Equation: "PotentialEquation"	RelError: 1.74369e-14	AbsError: 1.13568e-16
Charge Relative Error 2.28958e-09
number of equations 5085
Iteration: 0
  Device: "BenchmarkDiode"	RelError: 1.40939e-14	AbsError: 2.79710e+01
    Region: "SiRegion"	RelError: 1.40939e-14	AbsError: 2.79710e+01
      Equation: "ElectronContinuityEquation"	RelError: 1.57001e-15	AbsError: 1.99983e+01
      Equation: "HoleContinuityEquation"	RelError: 2.61698e-15	AbsError: 7.97272e+00
      Equation: "PotentialEquation"	RelError: 9.90689e-15	AbsError: 1.12396e-16
Charge Relative Error 2.28958e-09
number of equations 5085
Iteration: 0
  Device: "BenchmarkDiode"	RelError: 1.57270e-14	AbsError: 2.17561e+01
    Region: "SiRegion"	RelError: 1.57270e-14	AbsError: 2.17561e+01
      Equation: "ElectronContinuityEquation"	RelError: 1.69983e-15	AbsError: 1.37568e+01
      Equation: "HoleContinuityEquation"	RelError: 3.19410e-15	AbsError: 7.99934e+00
      Equation: "PotentialEquation"	RelError: 1.08331e-14	AbsError: 1.11085e-16
Charge Relative Error 2.28958e-09
number of equations 5085
Iteration: 0
  Device: "BenchmarkDiode"	RelError: 1.67691e-14	AbsError: 2.79143e+01
    Region: "SiRegion"	RelError: 1.67691e-14	AbsError: 2.79143e+01
      Equation: "ElectronContinuityEquation"	RelError: 2.40116e-15	AbsError: 1.99699e+01
      Equation: "HoleContinuityEquation"	RelError: 3.98838e-15	AbsError: 7.94443e+00
      Equation: "PotentialEquation"	RelError: 1.03796e-14	AbsError: 1.12654e-16
Charge Relative Error 2.28958e-09
number of equations 5085
Iteration: 0
  Device: "BenchmarkDiode"	RelError: 1.46428e-14	AbsError: 2.16231e+01
    Region: "SiRegion"	RelError: 1.46428e-14	AbsError: 2.16231e+01
      Equation: "ElectronContinuityEquation"	RelError: 3.11427e-15	AbsError: 1.36612e+01
      Equation: "HoleContinuityEquation"	RelError: 2.88605e-15	AbsError: 7.96182e+00
      Equation: "PotentialEquation"	RelError: 8.64250e-15	AbsError: 1.11098e-16
Charge Relative Error 2.28958e-09
number of equations 5085
Iteration: 0
  Device: "BenchmarkDiode"	RelError: 1.76844e-14	AbsError: 2.79783e+01
    Region: "SiRegion"	RelError: 1.76844e-14	AbsError: 2.79783e+01
      Equation: "ElectronContinuityEquation"	RelError: 2.49313e-15	AbsError: 1.99555e+01
      Equation: "HoleContinuityEquation"	RelError: 2.03883e-15	AbsError: 8.02280e+00
      Equation: "PotentialEquation"	RelError: 1.31524e-14	AbsError: 1.13331e-16
Charge Relative Error 2.28958e-09
number of equations 5085
Iteration: 0
  Device: "BenchmarkDiode"	RelError: 1.88261e-14	AbsError: 2.17017e+01
    Region: "SiRegion"	RelError: 1.88261e-14	AbsError: 2.17017e+01
      Equation: "ElectronContinuityEquation"	RelError: 1.74498e-15	AbsError: 1.36633e+01
      Equation: "HoleContinuityEquation"	RelError: 2.76844e-15	AbsError: 8.03839e+00
      Equation: "PotentialEquation"	RelError: 1.43127e-14	AbsError: 1.13270e-16
Charge Relative Error 2.28958e-09
number of equations 5085
Iteration: 0
  Device: "BenchmarkDiode"	RelError: 1.50684e-14	AbsError: 2.79468e+01
    Region: "SiRegion"	RelError: 1.50684e-14	AbsError: 2.79468e+01
      Equation: "ElectronContinuityEquation"	RelError: 1.52537e-15	AbsError: 1.99745e+01
      Equation: "HoleContinuityEquation"	RelError: 2.33895e-15	AbsError: 7.97229e+00
      Equation: "PotentialEquation"	RelError: 1.12041e-14	AbsError: 1.12228e-16
Charge Relative Error 2.28958e-09
number of equations 5085
Iteration: 0
  Device: "BenchmarkDiode"	RelError: 1.43882e-14	AbsError: 2.16613e+01
    Region: "SiRegion"	RelError: 1.43882e-14	AbsError: 2.16613e+01
      Equation: "ElectronContinuityEquation"	RelError: 1.41411e-15	AbsError: 1.36625e+01
      Equation: "HoleContinuityEquation"	RelError: 2.28949e-15	AbsError: 7.99879e+00
      Equation: "PotentialEquation"	RelError: 1.06846e-14	AbsError: 1.11405e-16
Charge Relative Error 2.28958e-09
number of equations 5085
Iteration: 0
  Device: "BenchmarkDiode"	RelError: 1.54174e-14	AbsError: 2.79398e+01
    Region: "SiRegion"	RelError: 1.54174e-14	AbsError: 2.79398e+01
      Equation: "ElectronContinuityEquation"	RelError: 2.33586e-15	AbsError: 1.99953e+01
      Equation: "HoleContinuityEquation"	RelError: 3.57641e-15	AbsError: 7.94454e+00
      Equation: "PotentialEquation"	RelError: 9.50515e-15	AbsError: 1.12643e-16
Charge Relative Error 2.28958e-09
number of equations 5085
Iteration: 0
  Device: "BenchmarkDiode"	RelError: 1.40481e-14	AbsError: 2.19855e+01
    Region: "SiRegion"	RelError: 1.40481e-14	AbsError: 2.19855e+01
      Equation: "ElectronContinuityEquation"	RelError: 1.49711e-15	AbsError: 1.40233e+01
      Equation: "HoleContinuityEquation"	RelError: 3.28522e-15	AbsError: 7.96214e+00
      Equation: "PotentialEquation"	RelError: 9.26575e-15	AbsError: 1.11076e-16
Charge Relative Error 2.28958e-09
number of equations 5085
Iteration: 0
  Device: "BenchmarkDiode"	RelError: 1.37882e-14	AbsError: 2.79700e+01
    Region: "SiRegion"	RelError: 1.37882e-14	AbsError: 2.79700e+01
      Equation: "ElectronContinuityEquation"	RelError: 1.16833e-15	AbsError: 1.99534e+01
      Equation: "HoleContinuityEquation"	RelError: 2.36130e-15	AbsError: 8.01656e+00
      Equation: "PotentialEquation"	RelError: 1.02586e-14	AbsError: 1.12548e-16
Charge Relative Error 2.28958e-09
number of equations 5085
Iteration: 0
  Device: "BenchmarkDiode"	RelError: 1.15744e-14	AbsError: 2.16976e+01
    Region: "SiRegion"	RelError: 1.15744e-14	AbsError: 2.16976e+01
      Equation: "ElectronContinuityEquation"	RelError: 1.04960e-15	AbsError: 1.36587e+01
      Equation: "HoleContinuityEquation"	RelError: 2.21512e-15	AbsError: 8.03892e+00
      Equation: "PotentialEquation"	RelError: 8.30970e-15	AbsError: 1.13199e-16
Charge Relative Error 2.28958e-09
number of equations 5085
Iteration: 0
  Device: "BenchmarkDiode"	RelError: 1.39174e-14	AbsError: 2.79333e+01
    Region: "SiRegion"	RelError: 1.39174e-14	AbsError: 2.79333e+01
      Equation: "ElectronContinuityEquation"	RelError: 1.11082e-15	AbsError: 1.99699e+01
      Equation: "HoleContinuityEquation"	RelError: 2.32609e-15	AbsError: 7.96342e+00
      Equation: "PotentialEquation"	RelError: 1.04804e-14	AbsError: 1.11022e-16
Charge Relative Error 2.28958e-09
number of equations 5085
Iteration: 0
  Device: "BenchmarkDiode"	RelError: 1.80957e-14	AbsError: 2.16863e+01
    Region: "SiRegion"	RelError: 1.80957e-14	AbsError: 2.16863e+01
      Equation: "ElectronContinuityEquation"	RelError: 1.45771e-15	AbsError: 1.36637e+01
      Equation: "HoleContinuityEquation"	RelError: 1.71412e-15	AbsError: 8.02258e+00
      Equation: "PotentialEquation"	RelError: 1.49239e-14	AbsError: 1.14461e-16
Charge Relative Error 2.28958e-09
number of equations 5085
Iteration: 0
  Device: "BenchmarkDiode"	RelError: 1.65117e-14	AbsError: 2.80123e+01
    Region: "SiRegion"	RelError: 1.65117e-14	AbsError: 2.80123e+01
      Equation: "ElectronContinuityEquation"	RelError: 1.36996e-15	AbsError: 1.99733e+01
      Equation: "HoleContinuityEquation"	RelError: 1.67481e-15	AbsError: 8.03898e+00
      Equation: "PotentialEquation"	RelError: 1.34669e-14	AbsError: 1.14069e-16
Charge Relative Error 2.28958e-09
number of equations 5085
Iteration: 0
  Device: "BenchmarkDiode"	RelError: 1.51965e-14	AbsError: 2.16317e+01
    Region: "SiRegion"	RelError: 1.51965e-14	AbsError: 2.16317e+01
      Equation: "ElectronContinuityEquation"	RelError: 1.34902e-15	AbsError: 1.36588e+01
      Equation: "HoleContinuityEquation"	RelError: 2.36464e-15	AbsError: 7.97288e+00
      Equation: "PotentialEquation"	RelError: 1.14828e-14	AbsError: 1.13019e-16
Charge Relative Error 2.28958e-09
number of equations 5085
Iteration: 0
  Device: "BenchmarkDiode"	RelError: 1.62685e-14	AbsError: 2.80027e+01
    Region: "SiRegion"	RelError: 1.62685e-14	AbsError: 2.80027e+01
      Equation: "ElectronContinuityEquation"	RelError: 1.89591e-15	AbsError: 2.00044e+01
      Equation: "HoleContinuityEquation"	RelError: 3.24971e-15	AbsError: 7.99834e+00
      Equation: "PotentialEquation"	RelError: 1.11229e-14	AbsError: 1.12017e-16
Charge Relative Error 2.28958e-09
number of equations 5085
Iteration: 0
  Device: "BenchmarkDiode"	RelError: 1.94721e-14	AbsError: 2.16746e+01
    Region: "SiRegion"	RelError: 1.94721e-14	AbsError: 2.16746e+01
      Equation: "ElectronContinuityEquation"	RelError: 1.75918e-15	AbsError: 1.37296e+01
      Equation: "HoleContinuityEquation"	RelError: 2.89227e-15	AbsError: 7.94500e+00
      Equation: "PotentialEquation"	RelError: 1.48207e-14	AbsError: 1.12597e-16
Charge Relative Error 2.28958e-09
number of equations 5085
Iteration: 0
  Device: "BenchmarkDiode"	RelError: 2.61623e-14	AbsError: 3.08197e+01
    Region: "SiRegion"	RelError: 2.61623e-14	AbsError: 3.08197e+01
      Equation: "ElectronContinuityEquation"	RelError: 1.60338e-15	AbsError: 2.28603e+01
      Equation: "HoleContinuityEquation"	RelError: 1.24254e-15	AbsError: 7.95935e+00
      Equation: "PotentialEquation"	RelError: 2.33164e-14	AbsError: 1.13833e-16
Charge Relative Error 2.28958e-09
recovery_ifixed_tau_1e-06_dt_1e-09_mesh_2e-07: Qrr=4.211e-09 C, Irrm=8.401e+00 A, Qstored=6.345e-09 C, elapsed=4.67s
