Searching DEVSIM_MATH_LIBS="libopenblas.dylib:liblapack.dylib:libblas.dylib"
Loading "libopenblas.dylib": MISSING DLL
Loading "liblapack.dylib": ALL BLAS/LAPACK LOADED
Skipping libblas.dylib
loading UMFPACK 5.1 as direct solver
p_i
i_n
bot
 (region: SiRegion)
 (contact: top)
 (contact: bot)
number of equations 1695
Iteration: 0
  Device: "BenchmarkDiode"	RelError: 1.00000e+00	AbsError: 1.63902e-01
    Region: "SiRegion"	RelError: 1.00000e+00	AbsError: 1.63902e-01
      Equation: "PotentialEquation"	RelError: 1.00000e+00	AbsError: 1.63902e-01
Iteration: 1
  Device: "BenchmarkDiode"	RelError: 4.97944e-01	AbsError: 1.62430e-01
    Region: "SiRegion"	RelError: 4.97944e-01	AbsError: 1.62430e-01
      Equation: "PotentialEquation"	RelError: 4.97944e-01	AbsError: 1.62430e-01
Iteration: 2
  Device: "BenchmarkDiode"	RelError: 2.39824e+01	AbsError: 1.03408e-01
    Region: "SiRegion"	RelError: 2.39824e+01	AbsError: 1.03408e-01
      Equation: "PotentialEquation"	RelError: 2.39824e+01	AbsError: 1.03408e-01
Iteration: 3
  Device: "BenchmarkDiode"	RelError: 1.53991e+01	AbsError: 5.73651e-02
    Region: "SiRegion"	RelError: 1.53991e+01	AbsError: 5.73651e-02
      Equation: "PotentialEquation"	RelError: 1.53991e+01	AbsError: 5.73651e-02
Iteration: 4
  Device: "BenchmarkDiode"	RelError: 5.98642e+00	AbsError: 5.01960e-02
    Region: "SiRegion"	RelError: 5.98642e+00	AbsError: 5.01960e-02
      Equation: "PotentialEquation"	RelError: 5.98642e+00	AbsError: 5.01960e-02
Iteration: 5
  Device: "BenchmarkDiode"	RelError: 2.30820e+00	AbsError: 4.17220e-02
    Region: "SiRegion"	RelError: 2.30820e+00	AbsError: 4.17220e-02
      Equation: "PotentialEquation"	RelError: 2.30820e+00	AbsError: 4.17220e-02
Iteration: 6
  Device: "BenchmarkDiode"	RelError: 1.27440e+00	AbsError: 3.16681e-02
    Region: "SiRegion"	RelError: 1.27440e+00	AbsError: 3.16681e-02
      Equation: "PotentialEquation"	RelError: 1.27440e+00	AbsError: 3.16681e-02
Iteration: 7
  Device: "BenchmarkDiode"	RelError: 3.45009e-01	AbsError: 2.38740e-02
    Region: "SiRegion"	RelError: 3.45009e-01	AbsError: 2.38740e-02
      Equation: "PotentialEquation"	RelError: 3.45009e-01	AbsError: 2.38740e-02
Iteration: 8
  Device: "BenchmarkDiode"	RelError: 2.46584e-02	AbsError: 1.02888e-02
    Region: "SiRegion"	RelError: 2.46584e-02	AbsError: 1.02888e-02
      Equation: "PotentialEquation"	RelError: 2.46584e-02	AbsError: 1.02888e-02
Iteration: 9
  Device: "BenchmarkDiode"	RelError: 1.38055e-05	AbsError: 5.76038e-06
    Region: "SiRegion"	RelError: 1.38055e-05	AbsError: 5.76038e-06
      Equation: "PotentialEquation"	RelError: 1.38055e-05	AbsError: 5.76038e-06
Iteration: 10
  Device: "BenchmarkDiode"	RelError: 1.83872e-10	AbsError: 7.67209e-11
    Region: "SiRegion"	RelError: 1.83872e-10	AbsError: 7.67209e-11
      Equation: "PotentialEquation"	RelError: 1.83872e-10	AbsError: 7.67209e-11
Iteration: 11
  Device: "BenchmarkDiode"	RelError: 4.22940e-15	AbsError: 3.95529e-17
    Region: "SiRegion"	RelError: 4.22940e-15	AbsError: 3.95529e-17
      Equation: "PotentialEquation"	RelError: 4.22940e-15	AbsError: 3.95529e-17
Warning: Replacing equation with equation of the same name.
Region: SiRegion, Equation: PotentialEquation, Variable: Potential
number of equations 5085
Iteration: 0
  Device: "BenchmarkDiode"	RelError: 1.81124e-13	AbsError: 1.00800e+03
    Region: "SiRegion"	RelError: 1.81124e-13	AbsError: 1.00800e+03
      Equation: "ElectronContinuityEquation"	RelError: 1.00400e-14	AbsError: 4.96000e+02
      Equation: "HoleContinuityEquation"	RelError: 7.70527e-15	AbsError: 5.12000e+02
      Equation: "PotentialEquation"	RelError: 1.63379e-13	AbsError: 1.33092e-16
number of equations 5085
Iteration: 0
  Device: "BenchmarkDiode"	RelError: 5.61605e+02	AbsError: 2.64843e+15
    Region: "SiRegion"	RelError: 5.61605e+02	AbsError: 2.64843e+15
      Equation: "ElectronContinuityEquation"	RelError: 9.68302e-01	AbsError: 1.31751e+15
      Equation: "HoleContinuityEquation"	RelError: 9.68300e-01	AbsError: 1.33092e+15
      Equation: "PotentialEquation"	RelError: 5.59668e+02	AbsError: 8.96718e-02
Iteration: 1
  Device: "BenchmarkDiode"	RelError: 4.20250e+03	AbsError: 1.06011e+15
    Region: "SiRegion"	RelError: 4.20250e+03	AbsError: 1.06011e+15
      Equation: "ElectronContinuityEquation"	RelError: 9.64791e-01	AbsError: 5.15967e+14
      Equation: "HoleContinuityEquation"	RelError: 9.94407e-01	AbsError: 5.44146e+14
      Equation: "PotentialEquation"	RelError: 4.20054e+03	AbsError: 8.66950e-02
Iteration: 2
  Device: "BenchmarkDiode"	RelError: 7.11557e+02	AbsError: 4.74103e+14
    Region: "SiRegion"	RelError: 7.11557e+02	AbsError: 4.74103e+14
      Equation: "ElectronContinuityEquation"	RelError: 9.60128e-01	AbsError: 2.51466e+14
      Equation: "HoleContinuityEquation"	RelError: 9.94173e-01	AbsError: 2.22636e+14
      Equation: "PotentialEquation"	RelError: 7.09603e+02	AbsError: 8.34501e-02
Iteration: 3
  Device: "BenchmarkDiode"	RelError: 1.31574e+02	AbsError: 6.19735e+14
    Region: "SiRegion"	RelError: 1.31574e+02	AbsError: 6.19735e+14
      Equation: "ElectronContinuityEquation"	RelError: 9.54235e-01	AbsError: 3.42192e+14
      Equation: "HoleContinuityEquation"	RelError: 9.90898e-01	AbsError: 2.77543e+14
      Equation: "PotentialEquation"	RelError: 1.29629e+02	AbsError: 7.98885e-02
Iteration: 4
  Device: "BenchmarkDiode"	RelError: 2.91332e+03	AbsError: 1.47446e+15
    Region: "SiRegion"	RelError: 2.91332e+03	AbsError: 1.47446e+15
      Equation: "ElectronContinuityEquation"	RelError: 9.46725e-01	AbsError: 8.58428e+14
      Equation: "HoleContinuityEquation"	RelError: 9.84017e-01	AbsError: 6.16029e+14
      Equation: "PotentialEquation"	RelError: 2.91139e+03	AbsError: 7.59483e-02
Iteration: 5
  Device: "BenchmarkDiode"	RelError: 2.88586e+00	AbsError: 4.52392e+15
    Region: "SiRegion"	RelError: 2.88586e+00	AbsError: 4.52392e+15
      Equation: "ElectronContinuityEquation"	RelError: 9.36877e-01	AbsError: 2.05651e+15
      Equation: "HoleContinuityEquation"	RelError: 9.26125e-01	AbsError: 2.46741e+15
      Equation: "PotentialEquation"	RelError: 1.02285e+00	AbsError: 7.15491e-02
Iteration: 6
  Device: "BenchmarkDiode"	RelError: 2.08252e+00	AbsError: 3.28836e+15
    Region: "SiRegion"	RelError: 2.08252e+00	AbsError: 3.28836e+15
      Equation: "ElectronContinuityEquation"	RelError: 9.23504e-01	AbsError: 2.14820e+15
      Equation: "HoleContinuityEquation"	RelError: 6.71339e-01	AbsError: 1.14015e+15
      Equation: "PotentialEquation"	RelError: 4.87677e-01	AbsError: 6.65854e-02
Iteration: 7
  Device: "BenchmarkDiode"	RelError: 1.83373e+00	AbsError: 6.79781e+15
    Region: "SiRegion"	RelError: 1.83373e+00	AbsError: 6.79781e+15
      Equation: "ElectronContinuityEquation"	RelError: 9.04675e-01	AbsError: 3.94665e+15
      Equation: "HoleContinuityEquation"	RelError: 6.20542e-01	AbsError: 2.85115e+15
      Equation: "PotentialEquation"	RelError: 3.08511e-01	AbsError: 6.09160e-02
Iteration: 8
  Device: "BenchmarkDiode"	RelError: 1.79721e+00	AbsError: 1.27725e+16
    Region: "SiRegion"	RelError: 1.79721e+00	AbsError: 1.27725e+16
      Equation: "ElectronContinuityEquation"	RelError: 8.75311e-01	AbsError: 7.27571e+15
      Equation: "HoleContinuityEquation"	RelError: 7.06052e-01	AbsError: 5.49683e+15
      Equation: "PotentialEquation"	RelError: 2.15851e-01	AbsError: 5.43523e-02
Iteration: 9
  Device: "BenchmarkDiode"	RelError: 1.66460e+00	AbsError: 2.03099e+16
    Region: "SiRegion"	RelError: 1.66460e+00	AbsError: 2.03099e+16
      Equation: "ElectronContinuityEquation"	RelError: 8.22992e-01	AbsError: 1.15898e+16
      Equation: "HoleContinuityEquation"	RelError: 6.85315e-01	AbsError: 8.72008e+15
      Equation: "PotentialEquation"	RelError: 1.56294e-01	AbsError: 4.66461e-02
Iteration: 10
  Device: "BenchmarkDiode"	RelError: 1.39469e+00	AbsError: 2.14122e+16
    Region: "SiRegion"	RelError: 1.39469e+00	AbsError: 2.14122e+16
      Equation: "ElectronContinuityEquation"	RelError: 7.15565e-01	AbsError: 1.24380e+16
      Equation: "HoleContinuityEquation"	RelError: 5.67495e-01	AbsError: 8.97420e+15
      Equation: "PotentialEquation"	RelError: 1.11634e-01	AbsError: 3.75040e-02
Iteration: 11
  Device: "BenchmarkDiode"	RelError: 9.00426e-01	AbsError: 1.07573e+16
    Region: "SiRegion"	RelError: 9.00426e-01	AbsError: 1.07573e+16
      Equation: "ElectronContinuityEquation"	RelError: 4.87968e-01	AbsError: 6.33484e+15
      Equation: "HoleContinuityEquation"	RelError: 3.38760e-01	AbsError: 4.42246e+15
      Equation: "PotentialEquation"	RelError: 7.36980e-02	AbsError: 2.67290e-02
Iteration: 12
  Device: "BenchmarkDiode"	RelError: 2.96843e-01	AbsError: 1.80272e+15
    Region: "SiRegion"	RelError: 2.96843e-01	AbsError: 1.80272e+15
      Equation: "ElectronContinuityEquation"	RelError: 1.62783e-01	AbsError: 9.28382e+14
      Equation: "HoleContinuityEquation"	RelError: 8.16372e-02	AbsError: 8.74343e+14
      Equation: "PotentialEquation"	RelError: 5.24222e-02	AbsError: 2.00645e-02
Iteration: 13
  Device: "BenchmarkDiode"	RelError: 1.88738e-02	AbsError: 4.70765e+14
    Region: "SiRegion"	RelError: 1.88738e-02	AbsError: 4.70765e+14
      Equation: "ElectronContinuityEquation"	RelError: 1.23425e-02	AbsError: 2.74627e+14
      Equation: "HoleContinuityEquation"	RelError: 6.19646e-03	AbsError: 1.96138e+14
      Equation: "PotentialEquation"	RelError: 3.34818e-04	AbsError: 1.38121e-04
Iteration: 14
  Device: "BenchmarkDiode"	RelError: 2.99414e-05	AbsError: 6.96516e+11
    Region: "SiRegion"	RelError: 2.99414e-05	AbsError: 6.96516e+11
      Equation: "ElectronContinuityEquation"	RelError: 1.77588e-05	AbsError: 3.97523e+11
      Equation: "HoleContinuityEquation"	RelError: 1.08290e-05	AbsError: 2.98993e+11
      Equation: "PotentialEquation"	RelError: 1.35362e-06	AbsError: 5.58406e-07
Iteration: 15
  Device: "BenchmarkDiode"	RelError: 1.70632e-10	AbsError: 3.90951e+06
    Region: "SiRegion"	RelError: 1.70632e-10	AbsError: 3.90951e+06
      Equation: "ElectronContinuityEquation"	RelError: 8.12664e-11	AbsError: 2.06507e+06
      Equation: "HoleContinuityEquation"	RelError: 7.80599e-11	AbsError: 1.84444e+06
      Equation: "PotentialEquation"	RelError: 1.13052e-11	AbsError: 4.66310e-12
Iteration: 16
  Device: "BenchmarkDiode"	RelError: 8.08990e-15	AbsError: 1.61146e+02
    Region: "SiRegion"	RelError: 8.08990e-15	AbsError: 1.61146e+02
      Equation: "ElectronContinuityEquation"	RelError: 2.90423e-15	AbsError: 8.01598e+01
      Equation: "HoleContinuityEquation"	RelError: 5.00161e-15	AbsError: 8.09860e+01
      Equation: "PotentialEquation"	RelError: 1.84058e-16	AbsError: 7.56371e-17
number of equations 5085
Iteration: 0
  Device: "BenchmarkDiode"	RelError: 3.40355e-15	AbsError: 8.25312e+01
    Region: "SiRegion"	RelError: 3.40355e-15	AbsError: 8.25312e+01
      Equation: "ElectronContinuityEquation"	RelError: 1.97004e-15	AbsError: 3.97460e+01
      Equation: "HoleContinuityEquation"	RelError: 1.32878e-15	AbsError: 4.27852e+01
      Equation: "PotentialEquation"	RelError: 1.04725e-16	AbsError: 4.27335e-17
number of equations 5085
Iteration: 0
  Device: "BenchmarkDiode"	RelError: 2.35597e-15	AbsError: 5.78255e+01
    Region: "SiRegion"	RelError: 2.35597e-15	AbsError: 5.78255e+01
      Equation: "ElectronContinuityEquation"	RelError: 9.42931e-16	AbsError: 2.74957e+01
      Equation: "HoleContinuityEquation"	RelError: 1.30136e-15	AbsError: 3.03298e+01
      Equation: "PotentialEquation"	RelError: 1.11676e-16	AbsError: 4.44035e-17
Charge Relative Error 8.01085e-09
number of equations 5085
Iteration: 0
  Device: "BenchmarkDiode"	RelError: 1.95410e-15	AbsError: 5.00713e+01
    Region: "SiRegion"	RelError: 1.95410e-15	AbsError: 5.00713e+01
      Equation: "ElectronContinuityEquation"	RelError: 1.01495e-15	AbsError: 2.19099e+01
      Equation: "HoleContinuityEquation"	RelError: 7.84980e-16	AbsError: 2.81614e+01
      Equation: "PotentialEquation"	RelError: 1.54163e-16	AbsError: 6.11337e-17
Charge Relative Error 8.01085e-09
number of equations 5085
Iteration: 0
  Device: "BenchmarkDiode"	RelError: 3.65977e-15	AbsError: 9.64487e+01
    Region: "SiRegion"	RelError: 3.65977e-15	AbsError: 9.64487e+01
      Equation: "ElectronContinuityEquation"	RelError: 1.79911e-15	AbsError: 4.96711e+01
      Equation: "HoleContinuityEquation"	RelError: 1.69437e-15	AbsError: 4.67776e+01
      Equation: "PotentialEquation"	RelError: 1.66287e-16	AbsError: 6.48361e-17
Charge Relative Error 8.01085e-09
number of equations 5085
Iteration: 0
  Device: "BenchmarkDiode"	RelError: 2.75675e-15	AbsError: 5.33415e+01
    Region: "SiRegion"	RelError: 2.75675e-15	AbsError: 5.33415e+01
      Equation: "ElectronContinuityEquation"	RelError: 1.11772e-15	AbsError: 2.94727e+01
      Equation: "HoleContinuityEquation"	RelError: 1.48511e-15	AbsError: 2.38689e+01
      Equation: "PotentialEquation"	RelError: 1.53917e-16	AbsError: 6.27362e-17
Charge Relative Error 8.01085e-09
number of equations 5085
Iteration: 0
  Device: "BenchmarkDiode"	RelError: 2.78152e-15	AbsError: 7.23763e+01
    Region: "SiRegion"	RelError: 2.78152e-15	AbsError: 7.23763e+01
      Equation: "ElectronContinuityEquation"	RelError: 1.31970e-15	AbsError: 3.64252e+01
      Equation: "HoleContinuityEquation"	RelError: 1.30233e-15	AbsError: 3.59511e+01
      Equation: "PotentialEquation"	RelError: 1.59485e-16	AbsError: 6.49374e-17
Charge Relative Error 8.01085e-09
number of equations 5085
Iteration: 0
  Device: "BenchmarkDiode"	RelError: 3.08338e-15	AbsError: 8.15640e+01
    Region: "SiRegion"	RelError: 3.08338e-15	AbsError: 8.15640e+01
      Equation: "ElectronContinuityEquation"	RelError: 1.52154e-15	AbsError: 4.19958e+01
      Equation: "HoleContinuityEquation"	RelError: 1.43363e-15	AbsError: 3.95682e+01
      Equation: "PotentialEquation"	RelError: 1.28207e-16	AbsError: 5.21800e-17
Charge Relative Error 8.01085e-09
number of equations 5085
Iteration: 0
  Device: "BenchmarkDiode"	RelError: 2.10898e-15	AbsError: 4.96923e+01
    Region: "SiRegion"	RelError: 2.10898e-15	AbsError: 4.96923e+01
      Equation: "ElectronContinuityEquation"	RelError: 1.10664e-15	AbsError: 2.46986e+01
      Equation: "HoleContinuityEquation"	RelError: 9.05527e-16	AbsError: 2.49937e+01
      Equation: "PotentialEquation"	RelError: 9.68148e-17	AbsError: 3.90823e-17
Charge Relative Error 8.01085e-09
number of equations 5085
Iteration: 0
  Device: "BenchmarkDiode"	RelError: 1.98446e-15	AbsError: 4.24399e+01
    Region: "SiRegion"	RelError: 1.98446e-15	AbsError: 4.24399e+01
      Equation: "ElectronContinuityEquation"	RelError: 1.00961e-15	AbsError: 2.47307e+01
      Equation: "HoleContinuityEquation"	RelError: 8.69682e-16	AbsError: 1.77091e+01
      Equation: "PotentialEquation"	RelError: 1.05171e-16	AbsError: 4.29048e-17
Charge Relative Error 8.01085e-09
number of equations 5085
Iteration: 0
  Device: "BenchmarkDiode"	RelError: 3.75449e-15	AbsError: 9.06447e+01
    Region: "SiRegion"	RelError: 3.75449e-15	AbsError: 9.06447e+01
      Equation: "ElectronContinuityEquation"	RelError: 1.67283e-15	AbsError: 4.70787e+01
      Equation: "HoleContinuityEquation"	RelError: 1.95257e-15	AbsError: 4.35660e+01
      Equation: "PotentialEquation"	RelError: 1.29094e-16	AbsError: 5.08323e-17
Charge Relative Error 8.01085e-09
number of equations 5085
Iteration: 0
  Device: "BenchmarkDiode"	RelError: 3.50550e-15	AbsError: 9.33954e+01
    Region: "SiRegion"	RelError: 3.50550e-15	AbsError: 9.33954e+01
      Equation: "ElectronContinuityEquation"	RelError: 1.71618e-15	AbsError: 4.73823e+01
      Equation: "HoleContinuityEquation"	RelError: 1.66663e-15	AbsError: 4.60131e+01
      Equation: "PotentialEquation"	RelError: 1.22689e-16	AbsError: 4.77983e-17
Charge Relative Error 8.01085e-09
number of equations 5085
Iteration: 0
  Device: "BenchmarkDiode"	RelError: 1.99840e+03	AbsError: 2.11768e+17
    Region: "SiRegion"	RelError: 1.99840e+03	AbsError: 2.11768e+17
      Equation: "ElectronContinuityEquation"	RelError: 9.99000e+02	AbsError: 1.05883e+17
      Equation: "HoleContinuityEquation"	RelError: 9.99000e+02	AbsError: 1.05886e+17
      Equation: "PotentialEquation"	RelError: 4.04434e-01	AbsError: 1.10220e-01
Iteration: 1
  Device: "BenchmarkDiode"	RelError: 2.66178e+00	AbsError: 2.28038e+17
    Region: "SiRegion"	RelError: 2.66178e+00	AbsError: 2.28038e+17
      Equation: "ElectronContinuityEquation"	RelError: 9.99283e-01	AbsError: 1.44209e+17
      Equation: "HoleContinuityEquation"	RelError: 9.98763e-01	AbsError: 8.38290e+16
      Equation: "PotentialEquation"	RelError: 6.63734e-01	AbsError: 1.38990e-01
Iteration: 2
  Device: "BenchmarkDiode"	RelError: 1.99988e+03	AbsError: 1.38883e+17
    Region: "SiRegion"	RelError: 1.99988e+03	AbsError: 1.38883e+17
      Equation: "ElectronContinuityEquation"	RelError: 9.99000e+02	AbsError: 6.76120e+16
      Equation: "HoleContinuityEquation"	RelError: 9.99000e+02	AbsError: 7.12713e+16
      Equation: "PotentialEquation"	RelError: 1.87934e+00	AbsError: 1.06913e-01
Iteration: 3
  Device: "BenchmarkDiode"	RelError: 4.11627e+02	AbsError: 1.81297e+17
    Region: "SiRegion"	RelError: 4.11627e+02	AbsError: 1.81297e+17
      Equation: "ElectronContinuityEquation"	RelError: 9.98760e-01	AbsError: 5.44937e+16
      Equation: "HoleContinuityEquation"	RelError: 9.99430e-01	AbsError: 1.26803e+17
      Equation: "PotentialEquation"	RelError: 4.09629e+02	AbsError: 1.23214e-01
Iteration: 4
  Device: "BenchmarkDiode"	RelError: 3.05314e+03	AbsError: 1.30402e+17
    Region: "SiRegion"	RelError: 3.05314e+03	AbsError: 1.30402e+17
      Equation: "ElectronContinuityEquation"	RelError: 2.02955e+03	AbsError: 8.70476e+15
      Equation: "HoleContinuityEquation"	RelError: 9.99000e+02	AbsError: 1.21697e+17
      Equation: "PotentialEquation"	RelError: 2.45938e+01	AbsError: 1.03630e-01
Iteration: 5
  Device: "BenchmarkDiode"	RelError: 4.61304e+02	AbsError: 9.78962e+16
    Region: "SiRegion"	RelError: 4.61304e+02	AbsError: 9.78962e+16
      Equation: "ElectronContinuityEquation"	RelError: 9.99763e-01	AbsError: 3.84175e+16
      Equation: "HoleContinuityEquation"	RelError: 9.98956e-01	AbsError: 5.94786e+16
      Equation: "PotentialEquation"	RelError: 4.59305e+02	AbsError: 1.02876e-01
Iteration: 6
  Device: "BenchmarkDiode"	RelError: 2.42222e+03	AbsError: 5.27657e+16
    Region: "SiRegion"	RelError: 2.42222e+03	AbsError: 5.27657e+16
      Equation: "ElectronContinuityEquation"	RelError: 9.99000e+02	AbsError: 4.57876e+16
      Equation: "HoleContinuityEquation"	RelError: 9.99000e+02	AbsError: 6.97810e+15
      Equation: "PotentialEquation"	RelError: 4.24223e+02	AbsError: 1.00936e-01
Iteration: 7
  Device: "BenchmarkDiode"	RelError: 7.10653e+01	AbsError: 3.39571e+16
    Region: "SiRegion"	RelError: 7.10653e+01	AbsError: 3.39571e+16
      Equation: "ElectronContinuityEquation"	RelError: 9.99037e-01	AbsError: 2.32095e+16
      Equation: "HoleContinuityEquation"	RelError: 9.99086e-01	AbsError: 1.07476e+16
      Equation: "PotentialEquation"	RelError: 6.90672e+01	AbsError: 9.94467e-02
Iteration: 8
  Device: "BenchmarkDiode"	RelError: 7.16920e+03	AbsError: 1.33587e+16
    Region: "SiRegion"	RelError: 7.16920e+03	AbsError: 1.33587e+16
      Equation: "ElectronContinuityEquation"	RelError: 9.99000e+02	AbsError: 7.02173e+15
      Equation: "HoleContinuityEquation"	RelError: 9.99000e+02	AbsError: 6.33694e+15
      Equation: "PotentialEquation"	RelError: 5.17120e+03	AbsError: 9.75607e-02
Iteration: 9
  Device: "BenchmarkDiode"	RelError: 2.25810e+03	AbsError: 1.49608e+16
    Region: "SiRegion"	RelError: 2.25810e+03	AbsError: 1.49608e+16
      Equation: "ElectronContinuityEquation"	RelError: 9.99148e-01	AbsError: 7.11454e+15
      Equation: "HoleContinuityEquation"	RelError: 9.99000e+02	AbsError: 7.84629e+15
      Equation: "PotentialEquation"	RelError: 1.25810e+03	AbsError: 9.46002e-02
Iteration: 10
  Device: "BenchmarkDiode"	RelError: 9.86128e+03	AbsError: 8.70624e+15
    Region: "SiRegion"	RelError: 9.86128e+03	AbsError: 8.70624e+15
      Equation: "ElectronContinuityEquation"	RelError: 8.56920e+03	AbsError: 5.47165e+15
      Equation: "HoleContinuityEquation"	RelError: 9.99000e+02	AbsError: 3.23458e+15
      Equation: "PotentialEquation"	RelError: 2.93080e+02	AbsError: 9.23491e-02
Iteration: 11
  Device: "BenchmarkDiode"	RelError: 1.17360e+03	AbsError: 4.42683e+15
    Region: "SiRegion"	RelError: 1.17360e+03	AbsError: 4.42683e+15
      Equation: "ElectronContinuityEquation"	RelError: 9.99858e-01	AbsError: 3.29600e+15
      Equation: "HoleContinuityEquation"	RelError: 9.99000e+02	AbsError: 1.13083e+15
      Equation: "PotentialEquation"	RelError: 1.73602e+02	AbsError: 8.96043e-02
Iteration: 12
  Device: "BenchmarkDiode"	RelError: 2.68724e+03	AbsError: 4.71967e+15
    Region: "SiRegion"	RelError: 2.68724e+03	AbsError: 4.71967e+15
      Equation: "ElectronContinuityEquation"	RelError: 1.54993e+03	AbsError: 1.73788e+15
      Equation: "HoleContinuityEquation"	RelError: 9.99000e+02	AbsError: 2.98179e+15
      Equation: "PotentialEquation"	RelError: 1.38306e+02	AbsError: 8.63050e-02
Iteration: 13
  Device: "BenchmarkDiode"	RelError: 1.03140e+03	AbsError: 4.48256e+15
    Region: "SiRegion"	RelError: 1.03140e+03	AbsError: 4.48256e+15
      Equation: "ElectronContinuityEquation"	RelError: 9.98997e-01	AbsError: 5.77789e+14
      Equation: "HoleContinuityEquation"	RelError: 9.99000e+02	AbsError: 3.90477e+15
      Equation: "PotentialEquation"	RelError: 3.14058e+01	AbsError: 8.35415e-02
Iteration: 14
  Device: "BenchmarkDiode"	RelError: 1.07449e+03	AbsError: 3.75734e+15
    Region: "SiRegion"	RelError: 1.07449e+03	AbsError: 3.75734e+15
      Equation: "ElectronContinuityEquation"	RelError: 1.00284e+03	AbsError: 3.80279e+14
      Equation: "HoleContinuityEquation"	RelError: 1.27953e+01	AbsError: 3.37706e+15
      Equation: "PotentialEquation"	RelError: 5.88568e+01	AbsError: 7.94594e-02
Iteration: 15
  Device: "BenchmarkDiode"	RelError: 5.77370e+01	AbsError: 2.44800e+15
    Region: "SiRegion"	RelError: 5.77370e+01	AbsError: 2.44800e+15
      Equation: "ElectronContinuityEquation"	RelError: 9.98932e-01	AbsError: 4.33540e+14
      Equation: "HoleContinuityEquation"	RelError: 1.09298e+01	AbsError: 2.01446e+15
      Equation: "PotentialEquation"	RelError: 4.58083e+01	AbsError: 7.58379e-02
Iteration: 16
  Device: "BenchmarkDiode"	RelError: 1.03279e+03	AbsError: 9.15419e+14
    Region: "SiRegion"	RelError: 1.03279e+03	AbsError: 9.15419e+14
      Equation: "ElectronContinuityEquation"	RelError: 9.99000e+02	AbsError: 2.99030e+14
      Equation: "HoleContinuityEquation"	RelError: 4.83383e+00	AbsError: 6.16389e+14
      Equation: "PotentialEquation"	RelError: 2.89573e+01	AbsError: 7.13238e-02
Iteration: 17
  Device: "BenchmarkDiode"	RelError: 1.28986e+02	AbsError: 6.25846e+14
    Region: "SiRegion"	RelError: 1.28986e+02	AbsError: 6.25846e+14
      Equation: "ElectronContinuityEquation"	RelError: 9.98874e-01	AbsError: 1.03195e+14
      Equation: "HoleContinuityEquation"	RelError: 8.78631e-01	AbsError: 5.22651e+14
      Equation: "PotentialEquation"	RelError: 1.27108e+02	AbsError: 6.62317e-02
Iteration: 18
  Device: "BenchmarkDiode"	RelError: 7.96308e+00	AbsError: 6.19569e+14
    Region: "SiRegion"	RelError: 7.96308e+00	AbsError: 6.19569e+14
      Equation: "ElectronContinuityEquation"	RelError: 3.81229e+00	AbsError: 5.03759e+13
      Equation: "HoleContinuityEquation"	RelError: 1.07706e+00	AbsError: 5.69193e+14
      Equation: "PotentialEquation"	RelError: 3.07372e+00	AbsError: 6.06837e-02
Iteration: 19
  Device: "BenchmarkDiode"	RelError: 6.38834e+00	AbsError: 3.51610e+14
    Region: "SiRegion"	RelError: 6.38834e+00	AbsError: 3.51610e+14
      Equation: "ElectronContinuityEquation"	RelError: 7.02805e-01	AbsError: 3.99409e+13
      Equation: "HoleContinuityEquation"	RelError: 3.49374e-01	AbsError: 3.11669e+14
      Equation: "PotentialEquation"	RelError: 5.33616e+00	AbsError: 5.39530e-02
Iteration: 20
  Device: "BenchmarkDiode"	RelError: 2.46902e+00	AbsError: 9.70722e+13
    Region: "SiRegion"	RelError: 2.46902e+00	AbsError: 9.70722e+13
      Equation: "ElectronContinuityEquation"	RelError: 5.75139e-01	AbsError: 1.75227e+13
      Equation: "HoleContinuityEquation"	RelError: 1.45733e-01	AbsError: 7.95495e+13
      Equation: "PotentialEquation"	RelError: 1.74815e+00	AbsError: 4.62221e-02
Iteration: 21
  Device: "BenchmarkDiode"	RelError: 7.81455e-01	AbsError: 2.01450e+13
    Region: "SiRegion"	RelError: 7.81455e-01	AbsError: 2.01450e+13
      Equation: "ElectronContinuityEquation"	RelError: 1.85169e-01	AbsError: 4.06138e+12
      Equation: "HoleContinuityEquation"	RelError: 3.69048e-02	AbsError: 1.60837e+13
      Equation: "PotentialEquation"	RelError: 5.59381e-01	AbsError: 3.69928e-02
Iteration: 22
  Device: "BenchmarkDiode"	RelError: 9.25771e-02	AbsError: 9.23909e+12
    Region: "SiRegion"	RelError: 9.25771e-02	AbsError: 9.23909e+12
      Equation: "ElectronContinuityEquation"	RelError: 5.57348e-02	AbsError: 1.02057e+12
      Equation: "HoleContinuityEquation"	RelError: 1.25299e-02	AbsError: 8.21852e+12
      Equation: "PotentialEquation"	RelError: 2.43124e-02	AbsError: 2.61299e-02
Iteration: 23
  Device: "BenchmarkDiode"	RelError: 2.52889e-02	AbsError: 2.60519e+13
    Region: "SiRegion"	RelError: 2.52889e-02	AbsError: 2.60519e+13
      Equation: "ElectronContinuityEquation"	RelError: 1.02219e-02	AbsError: 1.70890e+11
      Equation: "HoleContinuityEquation"	RelError: 7.29305e-04	AbsError: 2.58810e+13
      Equation: "PotentialEquation"	RelError: 1.43377e-02	AbsError: 1.90117e-02
Iteration: 24
  Device: "BenchmarkDiode"	RelError: 1.20662e-02	AbsError: 2.26237e+13
    Region: "SiRegion"	RelError: 1.20662e-02	AbsError: 2.26237e+13
      Equation: "ElectronContinuityEquation"	RelError: 1.54450e-03	AbsError: 6.47618e+10
      Equation: "HoleContinuityEquation"	RelError: 6.35288e-04	AbsError: 2.25590e+13
      Equation: "PotentialEquation"	RelError: 9.88639e-03	AbsError: 1.71911e-05
Iteration: 25
  Device: "BenchmarkDiode"	RelError: 5.80113e-07	AbsError: 1.91990e+09
    Region: "SiRegion"	RelError: 5.80113e-07	AbsError: 1.91990e+09
      Equation: "ElectronContinuityEquation"	RelError: 3.65943e-08	AbsError: 3.38432e+06
      Equation: "HoleContinuityEquation"	RelError: 6.98444e-08	AbsError: 1.91651e+09
      Equation: "PotentialEquation"	RelError: 4.73674e-07	AbsError: 8.38624e-10
Iteration: 26
  Device: "BenchmarkDiode"	RelError: 9.89912e-14	AbsError: 8.27076e+01
    Region: "SiRegion"	RelError: 9.89912e-14	AbsError: 8.27076e+01
      Equation: "ElectronContinuityEquation"	RelError: 1.70579e-15	AbsError: 3.19069e+01
      Equation: "HoleContinuityEquation"	RelError: 2.01968e-15	AbsError: 5.08008e+01
      Equation: "PotentialEquation"	RelError: 9.52658e-14	AbsError: 1.45681e-16
Charge Relative Error 9.99301e-01
number of equations 5085
Iteration: 0
  Device: "BenchmarkDiode"	RelError: 9.84676e+03	AbsError: 3.61833e+15
    Region: "SiRegion"	RelError: 9.84676e+03	AbsError: 3.61833e+15
      Equation: "ElectronContinuityEquation"	RelError: 9.99000e+02	AbsError: 3.45664e+14
      Equation: "HoleContinuityEquation"	RelError: 8.78688e+03	AbsError: 3.27267e+15
      Equation: "PotentialEquation"	RelError: 6.08736e+01	AbsError: 4.63030e-02
Iteration: 1
  Device: "BenchmarkDiode"	RelError: 8.55563e+01	AbsError: 3.73080e+14
    Region: "SiRegion"	RelError: 8.55563e+01	AbsError: 3.73080e+14
      Equation: "ElectronContinuityEquation"	RelError: 1.41772e+01	AbsError: 6.96055e+13
      Equation: "HoleContinuityEquation"	RelError: 4.47527e+00	AbsError: 3.03474e+14
      Equation: "PotentialEquation"	RelError: 6.69038e+01	AbsError: 3.87616e-02
Iteration: 2
  Device: "BenchmarkDiode"	RelError: 3.16511e+01	AbsError: 5.99194e+13
    Region: "SiRegion"	RelError: 3.16511e+01	AbsError: 5.99194e+13
      Equation: "ElectronContinuityEquation"	RelError: 2.80512e+01	AbsError: 6.77171e+12
      Equation: "HoleContinuityEquation"	RelError: 1.53928e+00	AbsError: 5.31477e+13
      Equation: "PotentialEquation"	RelError: 2.06068e+00	AbsError: 2.85721e-02
Iteration: 3
  Device: "BenchmarkDiode"	RelError: 1.14831e+01	AbsError: 4.54753e+12
    Region: "SiRegion"	RelError: 1.14831e+01	AbsError: 4.54753e+12
      Equation: "ElectronContinuityEquation"	RelError: 1.10123e+01	AbsError: 7.24989e+11
      Equation: "HoleContinuityEquation"	RelError: 2.87412e-01	AbsError: 3.82255e+12
      Equation: "PotentialEquation"	RelError: 1.83377e-01	AbsError: 2.37173e-02
Iteration: 4
  Device: "BenchmarkDiode"	RelError: 7.45893e-01	AbsError: 5.44948e+11
    Region: "SiRegion"	RelError: 7.45893e-01	AbsError: 5.44948e+11
      Equation: "ElectronContinuityEquation"	RelError: 6.55908e-01	AbsError: 6.33165e+10
      Equation: "HoleContinuityEquation"	RelError: 7.41720e-02	AbsError: 4.81632e+11
      Equation: "PotentialEquation"	RelError: 1.58130e-02	AbsError: 1.24771e-05
Iteration: 5
  Device: "BenchmarkDiode"	RelError: 1.55852e-05	AbsError: 8.41146e+06
    Region: "SiRegion"	RelError: 1.55852e-05	AbsError: 8.41146e+06
      Equation: "ElectronContinuityEquation"	RelError: 1.41688e-05	AbsError: 1.03572e+06
      Equation: "HoleContinuityEquation"	RelError: 1.21543e-06	AbsError: 7.37574e+06
      Equation: "PotentialEquation"	RelError: 2.00905e-07	AbsError: 1.76413e-10
Iteration: 6
  Device: "BenchmarkDiode"	RelError: 1.74403e-13	AbsError: 6.91685e+01
    Region: "SiRegion"	RelError: 1.74403e-13	AbsError: 6.91685e+01
      Equation: "ElectronContinuityEquation"	RelError: 9.93346e-15	AbsError: 3.61632e+01
      Equation: "HoleContinuityEquation"	RelError: 1.43538e-15	AbsError: 3.30053e+01
      Equation: "PotentialEquation"	RelError: 1.63034e-13	AbsError: 1.57525e-16
Charge Relative Error 1.00000e+00
number of equations 5085
Iteration: 0
  Device: "BenchmarkDiode"	RelError: 4.22732e+03	AbsError: 4.92128e+13
    Region: "SiRegion"	RelError: 4.22732e+03	AbsError: 4.92128e+13
      Equation: "ElectronContinuityEquation"	RelError: 3.44563e+03	AbsError: 7.38082e+12
      Equation: "HoleContinuityEquation"	RelError: 7.80967e+02	AbsError: 4.18320e+13
      Equation: "PotentialEquation"	RelError: 7.25234e-01	AbsError: 1.88123e-03
Iteration: 1
  Device: "BenchmarkDiode"	RelError: 2.33494e+00	AbsError: 8.87780e+10
    Region: "SiRegion"	RelError: 2.33494e+00	AbsError: 8.87780e+10
      Equation: "ElectronContinuityEquation"	RelError: 1.66676e+00	AbsError: 1.83253e+10
      Equation: "HoleContinuityEquation"	RelError: 6.67418e-01	AbsError: 7.04528e+10
      Equation: "PotentialEquation"	RelError: 7.55696e-04	AbsError: 2.23581e-06
Iteration: 2
  Device: "BenchmarkDiode"	RelError: 1.97150e-05	AbsError: 3.93423e+05
    Region: "SiRegion"	RelError: 1.97150e-05	AbsError: 3.93423e+05
      Equation: "ElectronContinuityEquation"	RelError: 1.88561e-05	AbsError: 4.07127e+04
      Equation: "HoleContinuityEquation"	RelError: 8.56576e-07	AbsError: 3.52710e+05
      Equation: "PotentialEquation"	RelError: 2.32325e-09	AbsError: 6.80504e-12
Iteration: 3
  Device: "BenchmarkDiode"	RelError: 1.93359e-14	AbsError: 7.61604e+01
    Region: "SiRegion"	RelError: 1.93359e-14	AbsError: 7.61604e+01
      Equation: "ElectronContinuityEquation"	RelError: 1.78335e-15	AbsError: 2.59225e+01
      Equation: "HoleContinuityEquation"	RelError: 1.49381e-15	AbsError: 5.02379e+01
      Equation: "PotentialEquation"	RelError: 1.60587e-14	AbsError: 1.20398e-16
Charge Relative Error 1.00000e+00
number of equations 5085
Iteration: 0
  Device: "BenchmarkDiode"	RelError: 6.09183e+02	AbsError: 3.97933e+11
    Region: "SiRegion"	RelError: 6.09183e+02	AbsError: 3.97933e+11
      Equation: "ElectronContinuityEquation"	RelError: 3.97892e+02	AbsError: 7.27349e+10
      Equation: "HoleContinuityEquation"	RelError: 2.11285e+02	AbsError: 3.25199e+11
      Equation: "PotentialEquation"	RelError: 5.72950e-03	AbsError: 1.35627e-05
Iteration: 1
  Device: "BenchmarkDiode"	RelError: 1.54609e-02	AbsError: 5.38473e+06
    Region: "SiRegion"	RelError: 1.54609e-02	AbsError: 5.38473e+06
      Equation: "ElectronContinuityEquation"	RelError: 1.20817e-02	AbsError: 1.13252e+06
      Equation: "HoleContinuityEquation"	RelError: 3.37911e-03	AbsError: 4.25221e+06
      Equation: "PotentialEquation"	RelError: 4.38786e-08	AbsError: 1.22541e-10
Iteration: 2
  Device: "BenchmarkDiode"	RelError: 8.70124e-12	AbsError: 7.57830e+01
    Region: "SiRegion"	RelError: 8.70124e-12	AbsError: 7.57830e+01
      Equation: "ElectronContinuityEquation"	RelError: 8.45158e-12	AbsError: 3.85951e+01
      Equation: "HoleContinuityEquation"	RelError: 2.24780e-13	AbsError: 3.71879e+01
      Equation: "PotentialEquation"	RelError: 2.48802e-14	AbsError: 1.28580e-16
Charge Relative Error 1.00000e+00
number of equations 5085
Iteration: 0
  Device: "BenchmarkDiode"	RelError: 3.32271e+02	AbsError: 2.51719e+09
    Region: "SiRegion"	RelError: 3.32271e+02	AbsError: 2.51719e+09
      Equation: "ElectronContinuityEquation"	RelError: 2.05240e+02	AbsError: 5.08949e+08
      Equation: "HoleContinuityEquation"	RelError: 1.27032e+02	AbsError: 2.00824e+09
      Equation: "PotentialEquation"	RelError: 3.60202e-05	AbsError: 7.90196e-08
Iteration: 1
  Device: "BenchmarkDiode"	RelError: 7.69862e-05	AbsError: 2.17405e+02
    Region: "SiRegion"	RelError: 7.69862e-05	AbsError: 2.17405e+02
      Equation: "ElectronContinuityEquation"	RelError: 6.65131e-05	AbsError: 6.06346e+01
      Equation: "HoleContinuityEquation"	RelError: 1.04732e-05	AbsError: 1.56770e+02
      Equation: "PotentialEquation"	RelError: 2.67368e-12	AbsError: 4.25113e-15
Iteration: 2
  Device: "BenchmarkDiode"	RelError: 3.36145e-14	AbsError: 4.55502e+01
    Region: "SiRegion"	RelError: 3.36145e-14	AbsError: 4.55502e+01
      Equation: "ElectronContinuityEquation"	RelError: 1.03753e-15	AbsError: 2.57034e+01
      Equation: "HoleContinuityEquation"	RelError: 2.04307e-15	AbsError: 1.98468e+01
      Equation: "PotentialEquation"	RelError: 3.05339e-14	AbsError: 1.27288e-16
Charge Relative Error 9.99993e-01
number of equations 5085
Iteration: 0
  Device: "BenchmarkDiode"	RelError: 1.30945e+02	AbsError: 1.49989e+07
    Region: "SiRegion"	RelError: 1.30945e+02	AbsError: 1.49989e+07
      Equation: "ElectronContinuityEquation"	RelError: 3.46762e+01	AbsError: 3.44132e+06
      Equation: "HoleContinuityEquation"	RelError: 9.62686e+01	AbsError: 1.15576e+07
      Equation: "PotentialEquation"	RelError: 2.26911e-07	AbsError: 4.52400e-10
Iteration: 1
  Device: "BenchmarkDiode"	RelError: 1.04610e-07	AbsError: 6.39090e+01
    Region: "SiRegion"	RelError: 1.04610e-07	AbsError: 6.39090e+01
      Equation: "ElectronContinuityEquation"	RelError: 4.99992e-08	AbsError: 3.73081e+01
      Equation: "HoleContinuityEquation"	RelError: 5.46108e-08	AbsError: 2.66009e+01
      Equation: "PotentialEquation"	RelError: 3.57602e-14	AbsError: 1.47165e-16
Iteration: 2
  Device: "BenchmarkDiode"	RelError: 2.92571e-14	AbsError: 3.97047e+01
    Region: "SiRegion"	RelError: 2.92571e-14	AbsError: 3.97047e+01
      Equation: "ElectronContinuityEquation"	RelError: 1.22475e-15	AbsError: 2.01794e+01
      Equation: "HoleContinuityEquation"	RelError: 7.82294e-16	AbsError: 1.95254e+01
      Equation: "PotentialEquation"	RelError: 2.72500e-14	AbsError: 1.12503e-16
Charge Relative Error 9.98382e-01
number of equations 5085
Iteration: 0
  Device: "BenchmarkDiode"	RelError: 1.12394e+01	AbsError: 9.72409e+04
    Region: "SiRegion"	RelError: 1.12394e+01	AbsError: 9.72409e+04
      Equation: "ElectronContinuityEquation"	RelError: 1.98968e-01	AbsError: 2.59573e+04
      Equation: "HoleContinuityEquation"	RelError: 1.10404e+01	AbsError: 7.12837e+04
      Equation: "PotentialEquation"	RelError: 1.63557e-09	AbsError: 2.95507e-12
Iteration: 1
  Device: "BenchmarkDiode"	RelError: 4.65858e-11	AbsError: 6.26519e+01
    Region: "SiRegion"	RelError: 4.65858e-11	AbsError: 6.26519e+01
      Equation: "ElectronContinuityEquation"	RelError: 1.79841e-12	AbsError: 3.25293e+01
      Equation: "HoleContinuityEquation"	RelError: 4.47531e-11	AbsError: 3.01226e+01
      Equation: "PotentialEquation"	RelError: 3.42427e-14	AbsError: 1.16964e-16
Charge Relative Error 6.87426e-01
number of equations 5085
Iteration: 0
  Device: "BenchmarkDiode"	RelError: 1.18682e-01	AbsError: 7.41526e+02
    Region: "SiRegion"	RelError: 1.18682e-01	AbsError: 7.41526e+02
      Equation: "ElectronContinuityEquation"	RelError: 9.54510e-04	AbsError: 2.25945e+02
      Equation: "HoleContinuityEquation"	RelError: 1.17728e-01	AbsError: 5.15581e+02
      Equation: "PotentialEquation"	RelError: 1.36018e-11	AbsError: 2.31458e-14
Iteration: 1
  Device: "BenchmarkDiode"	RelError: 2.48071e-14	AbsError: 4.44133e+01
    Region: "SiRegion"	RelError: 2.48071e-14	AbsError: 4.44133e+01
      Equation: "ElectronContinuityEquation"	RelError: 1.89311e-15	AbsError: 2.23129e+01
      Equation: "HoleContinuityEquation"	RelError: 2.04427e-14	AbsError: 2.21004e+01
      Equation: "PotentialEquation"	RelError: 2.47134e-15	AbsError: 1.30449e-16
Charge Relative Error 8.50154e-03
number of equations 5085
Iteration: 0
  Device: "BenchmarkDiode"	RelError: 1.12936e-03	AbsError: 3.39872e+01
    Region: "SiRegion"	RelError: 1.12936e-03	AbsError: 3.39872e+01
      Equation: "ElectronContinuityEquation"	RelError: 4.57620e-06	AbsError: 1.37267e+01
      Equation: "HoleContinuityEquation"	RelError: 1.12478e-03	AbsError: 2.02605e+01
      Equation: "PotentialEquation"	RelError: 1.28259e-13	AbsError: 2.57629e-16
Iteration: 1
  Device: "BenchmarkDiode"	RelError: 8.88560e-15	AbsError: 2.90306e+01
    Region: "SiRegion"	RelError: 8.88560e-15	AbsError: 2.90306e+01
      Equation: "ElectronContinuityEquation"	RelError: 2.64270e-15	AbsError: 1.44900e+01
      Equation: "HoleContinuityEquation"	RelError: 4.45140e-15	AbsError: 1.45407e+01
      Equation: "PotentialEquation"	RelError: 1.79150e-15	AbsError: 1.17665e-16
Charge Relative Error 8.16631e-05
number of equations 5085
Iteration: 0
  Device: "BenchmarkDiode"	RelError: 1.07571e-05	AbsError: 2.25848e+01
    Region: "SiRegion"	RelError: 1.07571e-05	AbsError: 2.25848e+01
      Equation: "ElectronContinuityEquation"	RelError: 2.19413e-08	AbsError: 1.46342e+01
      Equation: "HoleContinuityEquation"	RelError: 1.07351e-05	AbsError: 7.95068e+00
      Equation: "PotentialEquation"	RelError: 3.36872e-15	AbsError: 1.11604e-16
Iteration: 1
  Device: "BenchmarkDiode"	RelError: 7.28036e-15	AbsError: 2.25580e+01
    Region: "SiRegion"	RelError: 7.28036e-15	AbsError: 2.25580e+01
      Equation: "ElectronContinuityEquation"	RelError: 1.38778e-15	AbsError: 1.45724e+01
      Equation: "HoleContinuityEquation"	RelError: 2.08964e-15	AbsError: 7.98558e+00
      Equation: "PotentialEquation"	RelError: 3.80294e-15	AbsError: 1.12564e-16
Charge Relative Error 7.79352e-07
number of equations 5085
Iteration: 0
  Device: "BenchmarkDiode"	RelError: 1.02564e-07	AbsError: 2.25259e+01
    Region: "SiRegion"	RelError: 1.02564e-07	AbsError: 2.25259e+01
      Equation: "ElectronContinuityEquation"	RelError: 1.05202e-10	AbsError: 1.45969e+01
      Equation: "HoleContinuityEquation"	RelError: 1.02459e-07	AbsError: 7.92901e+00
      Equation: "PotentialEquation"	RelError: 3.70475e-15	AbsError: 1.13258e-16
Iteration: 1
  Device: "BenchmarkDiode"	RelError: 6.71782e-15	AbsError: 2.25247e+01
    Region: "SiRegion"	RelError: 6.71782e-15	AbsError: 2.25247e+01
      Equation: "ElectronContinuityEquation"	RelError: 1.20938e-15	AbsError: 1.45840e+01
      Equation: "HoleContinuityEquation"	RelError: 1.63777e-15	AbsError: 7.94068e+00
      Equation: "PotentialEquation"	RelError: 3.87068e-15	AbsError: 1.11292e-16
Charge Relative Error 1.14479e-08
number of equations 5085
Iteration: 0
  Device: "BenchmarkDiode"	RelError: 9.78414e-10	AbsError: 2.25925e+01
    Region: "SiRegion"	RelError: 9.78414e-10	AbsError: 2.25925e+01
      Equation: "ElectronContinuityEquation"	RelError: 5.05522e-13	AbsError: 1.45960e+01
      Equation: "HoleContinuityEquation"	RelError: 9.77903e-10	AbsError: 7.99650e+00
      Equation: "PotentialEquation"	RelError: 4.92400e-15	AbsError: 1.13748e-16
Iteration: 1
  Device: "BenchmarkDiode"	RelError: 9.30333e-15	AbsError: 2.25117e+01
    Region: "SiRegion"	RelError: 9.30333e-15	AbsError: 2.25117e+01
      Equation: "ElectronContinuityEquation"	RelError: 1.54906e-15	AbsError: 1.45827e+01
      Equation: "HoleContinuityEquation"	RelError: 1.60280e-15	AbsError: 7.92901e+00
      Equation: "PotentialEquation"	RelError: 6.15147e-15	AbsError: 1.13581e-16
Charge Relative Error 1.14479e-08
number of equations 5085
Iteration: 0
  Device: "BenchmarkDiode"	RelError: 9.34179e-12	AbsError: 2.25433e+01
    Region: "SiRegion"	RelError: 9.34179e-12	AbsError: 2.25433e+01
      Equation: "ElectronContinuityEquation"	RelError: 2.61462e-15	AbsError: 1.45957e+01
      Equation: "HoleContinuityEquation"	RelError: 9.33342e-12	AbsError: 7.94755e+00
      Equation: "PotentialEquation"	RelError: 5.74921e-15	AbsError: 1.13282e-16
Charge Relative Error 1.14479e-08
number of equations 5085
Iteration: 0
  Device: "BenchmarkDiode"	RelError: 9.69361e-14	AbsError: 2.25596e+01
    Region: "SiRegion"	RelError: 9.69361e-14	AbsError: 2.25596e+01
      Equation: "ElectronContinuityEquation"	RelError: 1.78292e-15	AbsError: 1.45867e+01
      Equation: "HoleContinuityEquation"	RelError: 9.03257e-14	AbsError: 7.97289e+00
      Equation: "PotentialEquation"	RelError: 4.82749e-15	AbsError: 1.11655e-16
Charge Relative Error 1.14479e-08
number of equations 5085
Iteration: 0
  Device: "BenchmarkDiode"	RelError: 8.69549e-15	AbsError: 2.25274e+01
    Region: "SiRegion"	RelError: 8.69549e-15	AbsError: 2.25274e+01
      Equation: "ElectronContinuityEquation"	RelError: 1.80837e-15	AbsError: 1.45984e+01
      Equation: "HoleContinuityEquation"	RelError: 3.05962e-15	AbsError: 7.92901e+00
      Equation: "PotentialEquation"	RelError: 3.82749e-15	AbsError: 1.12545e-16
Charge Relative Error 1.14479e-08
number of equations 5085
Iteration: 0
  Device: "BenchmarkDiode"	RelError: 9.01784e-15	AbsError: 2.25181e+01
    Region: "SiRegion"	RelError: 9.01784e-15	AbsError: 2.25181e+01
      Equation: "ElectronContinuityEquation"	RelError: 2.44315e-15	AbsError: 1.45825e+01
      Equation: "HoleContinuityEquation"	RelError: 2.89565e-15	AbsError: 7.93560e+00
      Equation: "PotentialEquation"	RelError: 3.67904e-15	AbsError: 1.11022e-16
Charge Relative Error 1.14479e-08
number of equations 5085
Iteration: 0
  Device: "BenchmarkDiode"	RelError: 9.63516e-15	AbsError: 2.25389e+01
    Region: "SiRegion"	RelError: 9.63516e-15	AbsError: 2.25389e+01
      Equation: "ElectronContinuityEquation"	RelError: 2.35339e-15	AbsError: 1.45959e+01
      Equation: "HoleContinuityEquation"	RelError: 3.22851e-15	AbsError: 7.94302e+00
      Equation: "PotentialEquation"	RelError: 4.05326e-15	AbsError: 1.12127e-16
Charge Relative Error 1.14479e-08
number of equations 5085
Iteration: 0
  Device: "BenchmarkDiode"	RelError: 8.26133e-15	AbsError: 2.25714e+01
    Region: "SiRegion"	RelError: 8.26133e-15	AbsError: 2.25714e+01
      Equation: "ElectronContinuityEquation"	RelError: 2.01665e-15	AbsError: 1.45866e+01
      Equation: "HoleContinuityEquation"	RelError: 2.59967e-15	AbsError: 7.98478e+00
      Equation: "PotentialEquation"	RelError: 3.64501e-15	AbsError: 1.12016e-16
Charge Relative Error 1.14479e-08
number of equations 5085
Iteration: 0
  Device: "BenchmarkDiode"	RelError: 7.32163e-15	AbsError: 2.25278e+01
    Region: "SiRegion"	RelError: 7.32163e-15	AbsError: 2.25278e+01
      Equation: "ElectronContinuityEquation"	RelError: 2.83053e-15	AbsError: 1.45988e+01
      Equation: "HoleContinuityEquation"	RelError: 1.60134e-15	AbsError: 7.92901e+00
      Equation: "PotentialEquation"	RelError: 2.88976e-15	AbsError: 1.12892e-16
Charge Relative Error 1.14479e-08
number of equations 5085
Iteration: 0
  Device: "BenchmarkDiode"	RelError: 7.39647e-15	AbsError: 2.25186e+01
    Region: "SiRegion"	RelError: 7.39647e-15	AbsError: 2.25186e+01
      Equation: "ElectronContinuityEquation"	RelError: 3.20535e-15	AbsError: 1.45834e+01
      Equation: "HoleContinuityEquation"	RelError: 1.19700e-15	AbsError: 7.93519e+00
      Equation: "PotentialEquation"	RelError: 2.99412e-15	AbsError: 1.11022e-16
Charge Relative Error 1.14479e-08
number of equations 5085
Iteration: 0
  Device: "BenchmarkDiode"	RelError: 7.12630e-15	AbsError: 2.25393e+01
    Region: "SiRegion"	RelError: 7.12630e-15	AbsError: 2.25393e+01
      Equation: "ElectronContinuityEquation"	RelError: 2.72434e-15	AbsError: 1.45953e+01
      Equation: "HoleContinuityEquation"	RelError: 1.00005e-15	AbsError: 7.94402e+00
      Equation: "PotentialEquation"	RelError: 3.40191e-15	AbsError: 1.12067e-16
Charge Relative Error 1.14479e-08
recovery_vfixed_tau_1e-06_dt_5e-09_mesh_2e-07: Qrr=4.612e-07 C, Irrm=1.832e+02 A, elapsed=1.53s
p_i
i_n
bot
 (region: SiRegion)
 (contact: top)
 (contact: bot)
number of equations 1695
Iteration: 0
  Device: "BenchmarkDiode"	RelError: 1.00000e+00	AbsError: 1.63902e-01
    Region: "SiRegion"	RelError: 1.00000e+00	AbsError: 1.63902e-01
      Equation: "PotentialEquation"	RelError: 1.00000e+00	AbsError: 1.63902e-01
Iteration: 1
  Device: "BenchmarkDiode"	RelError: 4.97944e-01	AbsError: 1.62430e-01
    Region: "SiRegion"	RelError: 4.97944e-01	AbsError: 1.62430e-01
      Equation: "PotentialEquation"	RelError: 4.97944e-01	AbsError: 1.62430e-01
Iteration: 2
  Device: "BenchmarkDiode"	RelError: 2.39824e+01	AbsError: 1.03408e-01
    Region: "SiRegion"	RelError: 2.39824e+01	AbsError: 1.03408e-01
      Equation: "PotentialEquation"	RelError: 2.39824e+01	AbsError: 1.03408e-01
Iteration: 3
  Device: "BenchmarkDiode"	RelError: 1.53991e+01	AbsError: 5.73651e-02
    Region: "SiRegion"	RelError: 1.53991e+01	AbsError: 5.73651e-02
      Equation: "PotentialEquation"	RelError: 1.53991e+01	AbsError: 5.73651e-02
Iteration: 4
  Device: "BenchmarkDiode"	RelError: 5.98642e+00	AbsError: 5.01960e-02
    Region: "SiRegion"	RelError: 5.98642e+00	AbsError: 5.01960e-02
      Equation: "PotentialEquation"	RelError: 5.98642e+00	AbsError: 5.01960e-02
Iteration: 5
  Device: "BenchmarkDiode"	RelError: 2.30820e+00	AbsError: 4.17220e-02
    Region: "SiRegion"	RelError: 2.30820e+00	AbsError: 4.17220e-02
      Equation: "PotentialEquation"	RelError: 2.30820e+00	AbsError: 4.17220e-02
Iteration: 6
  Device: "BenchmarkDiode"	RelError: 1.27440e+00	AbsError: 3.16681e-02
    Region: "SiRegion"	RelError: 1.27440e+00	AbsError: 3.16681e-02
      Equation: "PotentialEquation"	RelError: 1.27440e+00	AbsError: 3.16681e-02
Iteration: 7
  Device: "BenchmarkDiode"	RelError: 3.45009e-01	AbsError: 2.38740e-02
    Region: "SiRegion"	RelError: 3.45009e-01	AbsError: 2.38740e-02
      Equation: "PotentialEquation"	RelError: 3.45009e-01	AbsError: 2.38740e-02
Iteration: 8
  Device: "BenchmarkDiode"	RelError: 2.46584e-02	AbsError: 1.02888e-02
    Region: "SiRegion"	RelError: 2.46584e-02	AbsError: 1.02888e-02
      Equation: "PotentialEquation"	RelError: 2.46584e-02	AbsError: 1.02888e-02
Iteration: 9
  Device: "BenchmarkDiode"	RelError: 1.38055e-05	AbsError: 5.76038e-06
    Region: "SiRegion"	RelError: 1.38055e-05	AbsError: 5.76038e-06
      Equation: "PotentialEquation"	RelError: 1.38055e-05	AbsError: 5.76038e-06
Iteration: 10
  Device: "BenchmarkDiode"	RelError: 1.83872e-10	AbsError: 7.67209e-11
    Region: "SiRegion"	RelError: 1.83872e-10	AbsError: 7.67209e-11
      Equation: "PotentialEquation"	RelError: 1.83872e-10	AbsError: 7.67209e-11
Iteration: 11
  Device: "BenchmarkDiode"	RelError: 4.22940e-15	AbsError: 3.95529e-17
    Region: "SiRegion"	RelError: 4.22940e-15	AbsError: 3.95529e-17
      Equation: "PotentialEquation"	RelError: 4.22940e-15	AbsError: 3.95529e-17
Warning: Replacing equation with equation of the same name.
Region: SiRegion, Equation: PotentialEquation, Variable: Potential
number of equations 5085
Iteration: 0
  Device: "BenchmarkDiode"	RelError: 1.81124e-13	AbsError: 1.00800e+03
    Region: "SiRegion"	RelError: 1.81124e-13	AbsError: 1.00800e+03
      Equation: "ElectronContinuityEquation"	RelError: 1.00400e-14	AbsError: 4.96000e+02
      Equation: "HoleContinuityEquation"	RelError: 7.70527e-15	AbsError: 5.12000e+02
      Equation: "PotentialEquation"	RelError: 1.63379e-13	AbsError: 1.33092e-16
number of equations 5085
Iteration: 0
  Device: "BenchmarkDiode"	RelError: 5.61605e+02	AbsError: 2.64843e+15
    Region: "SiRegion"	RelError: 5.61605e+02	AbsError: 2.64843e+15
      Equation: "ElectronContinuityEquation"	RelError: 9.68302e-01	AbsError: 1.31751e+15
      Equation: "HoleContinuityEquation"	RelError: 9.68300e-01	AbsError: 1.33092e+15
      Equation: "PotentialEquation"	RelError: 5.59668e+02	AbsError: 8.96718e-02
Iteration: 1
  Device: "BenchmarkDiode"	RelError: 4.20250e+03	AbsError: 1.06011e+15
    Region: "SiRegion"	RelError: 4.20250e+03	AbsError: 1.06011e+15
      Equation: "ElectronContinuityEquation"	RelError: 9.64791e-01	AbsError: 5.15967e+14
      Equation: "HoleContinuityEquation"	RelError: 9.94407e-01	AbsError: 5.44146e+14
      Equation: "PotentialEquation"	RelError: 4.20054e+03	AbsError: 8.66950e-02
Iteration: 2
  Device: "BenchmarkDiode"	RelError: 7.11557e+02	AbsError: 4.74103e+14
    Region: "SiRegion"	RelError: 7.11557e+02	AbsError: 4.74103e+14
      Equation: "ElectronContinuityEquation"	RelError: 9.60128e-01	AbsError: 2.51466e+14
      Equation: "HoleContinuityEquation"	RelError: 9.94173e-01	AbsError: 2.22636e+14
      Equation: "PotentialEquation"	RelError: 7.09603e+02	AbsError: 8.34501e-02
Iteration: 3
  Device: "BenchmarkDiode"	RelError: 1.31574e+02	AbsError: 6.19735e+14
    Region: "SiRegion"	RelError: 1.31574e+02	AbsError: 6.19735e+14
      Equation: "ElectronContinuityEquation"	RelError: 9.54235e-01	AbsError: 3.42192e+14
      Equation: "HoleContinuityEquation"	RelError: 9.90898e-01	AbsError: 2.77543e+14
      Equation: "PotentialEquation"	RelError: 1.29629e+02	AbsError: 7.98885e-02
Iteration: 4
  Device: "BenchmarkDiode"	RelError: 2.91332e+03	AbsError: 1.47446e+15
    Region: "SiRegion"	RelError: 2.91332e+03	AbsError: 1.47446e+15
      Equation: "ElectronContinuityEquation"	RelError: 9.46725e-01	AbsError: 8.58428e+14
      Equation: "HoleContinuityEquation"	RelError: 9.84017e-01	AbsError: 6.16029e+14
      Equation: "PotentialEquation"	RelError: 2.91139e+03	AbsError: 7.59483e-02
Iteration: 5
  Device: "BenchmarkDiode"	RelError: 2.88586e+00	AbsError: 4.52392e+15
    Region: "SiRegion"	RelError: 2.88586e+00	AbsError: 4.52392e+15
      Equation: "ElectronContinuityEquation"	RelError: 9.36877e-01	AbsError: 2.05651e+15
      Equation: "HoleContinuityEquation"	RelError: 9.26125e-01	AbsError: 2.46741e+15
      Equation: "PotentialEquation"	RelError: 1.02285e+00	AbsError: 7.15491e-02
Iteration: 6
  Device: "BenchmarkDiode"	RelError: 2.08252e+00	AbsError: 3.28836e+15
    Region: "SiRegion"	RelError: 2.08252e+00	AbsError: 3.28836e+15
      Equation: "ElectronContinuityEquation"	RelError: 9.23504e-01	AbsError: 2.14820e+15
      Equation: "HoleContinuityEquation"	RelError: 6.71339e-01	AbsError: 1.14015e+15
      Equation: "PotentialEquation"	RelError: 4.87677e-01	AbsError: 6.65854e-02
Iteration: 7
  Device: "BenchmarkDiode"	RelError: 1.83373e+00	AbsError: 6.79781e+15
    Region: "SiRegion"	RelError: 1.83373e+00	AbsError: 6.79781e+15
      Equation: "ElectronContinuityEquation"	RelError: 9.04675e-01	AbsError: 3.94665e+15
      Equation: "HoleContinuityEquation"	RelError: 6.20542e-01	AbsError: 2.85115e+15
      Equation: "PotentialEquation"	RelError: 3.08511e-01	AbsError: 6.09160e-02
Iteration: 8
  Device: "BenchmarkDiode"	RelError: 1.79721e+00	AbsError: 1.27725e+16
    Region: "SiRegion"	RelError: 1.79721e+00	AbsError: 1.27725e+16
      Equation: "ElectronContinuityEquation"	RelError: 8.75311e-01	AbsError: 7.27571e+15
      Equation: "HoleContinuityEquation"	RelError: 7.06052e-01	AbsError: 5.49683e+15
      Equation: "PotentialEquation"	RelError: 2.15851e-01	AbsError: 5.43523e-02
Iteration: 9
  Device: "BenchmarkDiode"	RelError: 1.66460e+00	AbsError: 2.03099e+16
    Region: "SiRegion"	RelError: 1.66460e+00	AbsError: 2.03099e+16
      Equation: "ElectronContinuityEquation"	RelError: 8.22992e-01	AbsError: 1.15898e+16
      Equation: "HoleContinuityEquation"	RelError: 6.85315e-01	AbsError: 8.72008e+15
      Equation: "PotentialEquation"	RelError: 1.56294e-01	AbsError: 4.66461e-02
Iteration: 10
  Device: "BenchmarkDiode"	RelError: 1.39469e+00	AbsError: 2.14122e+16
    Region: "SiRegion"	RelError: 1.39469e+00	AbsError: 2.14122e+16
      Equation: "ElectronContinuityEquation"	RelError: 7.15565e-01	AbsError: 1.24380e+16
      Equation: "HoleContinuityEquation"	RelError: 5.67495e-01	AbsError: 8.97420e+15
      Equation: "PotentialEquation"	RelError: 1.11634e-01	AbsError: 3.75040e-02
Iteration: 11
  Device: "BenchmarkDiode"	RelError: 9.00426e-01	AbsError: 1.07573e+16
    Region: "SiRegion"	RelError: 9.00426e-01	AbsError: 1.07573e+16
      Equation: "ElectronContinuityEquation"	RelError: 4.87968e-01	AbsError: 6.33484e+15
      Equation: "HoleContinuityEquation"	RelError: 3.38760e-01	AbsError: 4.42246e+15
      Equation: "PotentialEquation"	RelError: 7.36980e-02	AbsError: 2.67290e-02
Iteration: 12
  Device: "BenchmarkDiode"	RelError: 2.96843e-01	AbsError: 1.80272e+15
    Region: "SiRegion"	RelError: 2.96843e-01	AbsError: 1.80272e+15
      Equation: "ElectronContinuityEquation"	RelError: 1.62783e-01	AbsError: 9.28382e+14
      Equation: "HoleContinuityEquation"	RelError: 8.16372e-02	AbsError: 8.74343e+14
      Equation: "PotentialEquation"	RelError: 5.24222e-02	AbsError: 2.00645e-02
Iteration: 13
  Device: "BenchmarkDiode"	RelError: 1.88738e-02	AbsError: 4.70765e+14
    Region: "SiRegion"	RelError: 1.88738e-02	AbsError: 4.70765e+14
      Equation: "ElectronContinuityEquation"	RelError: 1.23425e-02	AbsError: 2.74627e+14
      Equation: "HoleContinuityEquation"	RelError: 6.19646e-03	AbsError: 1.96138e+14
      Equation: "PotentialEquation"	RelError: 3.34818e-04	AbsError: 1.38121e-04
Iteration: 14
  Device: "BenchmarkDiode"	RelError: 2.99414e-05	AbsError: 6.96516e+11
    Region: "SiRegion"	RelError: 2.99414e-05	AbsError: 6.96516e+11
      Equation: "ElectronContinuityEquation"	RelError: 1.77588e-05	AbsError: 3.97523e+11
      Equation: "HoleContinuityEquation"	RelError: 1.08290e-05	AbsError: 2.98993e+11
      Equation: "PotentialEquation"	RelError: 1.35362e-06	AbsError: 5.58406e-07
Iteration: 15
  Device: "BenchmarkDiode"	RelError: 1.70632e-10	AbsError: 3.90951e+06
    Region: "SiRegion"	RelError: 1.70632e-10	AbsError: 3.90951e+06
      Equation: "ElectronContinuityEquation"	RelError: 8.12664e-11	AbsError: 2.06507e+06
      Equation: "HoleContinuityEquation"	RelError: 7.80599e-11	AbsError: 1.84444e+06
      Equation: "PotentialEquation"	RelError: 1.13052e-11	AbsError: 4.66310e-12
Iteration: 16
  Device: "BenchmarkDiode"	RelError: 8.08990e-15	AbsError: 1.61146e+02
    Region: "SiRegion"	RelError: 8.08990e-15	AbsError: 1.61146e+02
      Equation: "ElectronContinuityEquation"	RelError: 2.90423e-15	AbsError: 8.01598e+01
      Equation: "HoleContinuityEquation"	RelError: 5.00161e-15	AbsError: 8.09860e+01
      Equation: "PotentialEquation"	RelError: 1.84058e-16	AbsError: 7.56371e-17
number of equations 5085
Iteration: 0
  Device: "BenchmarkDiode"	RelError: 3.40355e-15	AbsError: 8.25312e+01
    Region: "SiRegion"	RelError: 3.40355e-15	AbsError: 8.25312e+01
      Equation: "ElectronContinuityEquation"	RelError: 1.97004e-15	AbsError: 3.97460e+01
      Equation: "HoleContinuityEquation"	RelError: 1.32878e-15	AbsError: 4.27852e+01
      Equation: "PotentialEquation"	RelError: 1.04725e-16	AbsError: 4.27335e-17
number of equations 5085
Iteration: 0
  Device: "BenchmarkDiode"	RelError: 1.61774e-15	AbsError: 4.97793e+01
    Region: "SiRegion"	RelError: 1.61774e-15	AbsError: 4.97793e+01
      Equation: "ElectronContinuityEquation"	RelError: 7.39329e-16	AbsError: 2.20304e+01
      Equation: "HoleContinuityEquation"	RelError: 7.72310e-16	AbsError: 2.77489e+01
      Equation: "PotentialEquation"	RelError: 1.06099e-16	AbsError: 4.21863e-17
Charge Relative Error 3.20434e-09
number of equations 5085
Iteration: 0
  Device: "BenchmarkDiode"	RelError: 2.44999e-15	AbsError: 4.64112e+01
    Region: "SiRegion"	RelError: 2.44999e-15	AbsError: 4.64112e+01
      Equation: "ElectronContinuityEquation"	RelError: 8.70127e-16	AbsError: 2.01335e+01
      Equation: "HoleContinuityEquation"	RelError: 1.41225e-15	AbsError: 2.62776e+01
      Equation: "PotentialEquation"	RelError: 1.67617e-16	AbsError: 6.65186e-17
Charge Relative Error 3.20434e-09
number of equations 5085
Iteration: 0
  Device: "BenchmarkDiode"	RelError: 3.20766e-15	AbsError: 5.20598e+01
    Region: "SiRegion"	RelError: 3.20766e-15	AbsError: 5.20598e+01
      Equation: "ElectronContinuityEquation"	RelError: 7.12365e-16	AbsError: 3.00884e+01
      Equation: "HoleContinuityEquation"	RelError: 2.26808e-15	AbsError: 2.19714e+01
      Equation: "PotentialEquation"	RelError: 2.27208e-16	AbsError: 8.79734e-17
Charge Relative Error 3.20434e-09
number of equations 5085
Iteration: 0
  Device: "BenchmarkDiode"	RelError: 2.16966e-15	AbsError: 5.66070e+01
    Region: "SiRegion"	RelError: 2.16966e-15	AbsError: 5.66070e+01
      Equation: "ElectronContinuityEquation"	RelError: 9.96583e-16	AbsError: 3.05458e+01
      Equation: "HoleContinuityEquation"	RelError: 1.03936e-15	AbsError: 2.60612e+01
      Equation: "PotentialEquation"	RelError: 1.33717e-16	AbsError: 5.52104e-17
Charge Relative Error 3.20434e-09
number of equations 5085
Iteration: 0
  Device: "BenchmarkDiode"	RelError: 2.66601e-15	AbsError: 6.89231e+01
    Region: "SiRegion"	RelError: 2.66601e-15	AbsError: 6.89231e+01
      Equation: "ElectronContinuityEquation"	RelError: 1.57145e-15	AbsError: 2.82953e+01
      Equation: "HoleContinuityEquation"	RelError: 9.25156e-16	AbsError: 4.06279e+01
      Equation: "PotentialEquation"	RelError: 1.69405e-16	AbsError: 6.99538e-17
Charge Relative Error 3.20434e-09
number of equations 5085
Iteration: 0
  Device: "BenchmarkDiode"	RelError: 2.69987e-15	AbsError: 6.33378e+01
    Region: "SiRegion"	RelError: 2.69987e-15	AbsError: 6.33378e+01
      Equation: "ElectronContinuityEquation"	RelError: 1.08097e-15	AbsError: 2.98359e+01
      Equation: "HoleContinuityEquation"	RelError: 1.48035e-15	AbsError: 3.35020e+01
      Equation: "PotentialEquation"	RelError: 1.38544e-16	AbsError: 5.39597e-17
Charge Relative Error 3.20434e-09
number of equations 5085
Iteration: 0
  Device: "BenchmarkDiode"	RelError: 2.72599e-15	AbsError: 6.82414e+01
    Region: "SiRegion"	RelError: 2.72599e-15	AbsError: 6.82414e+01
      Equation: "ElectronContinuityEquation"	RelError: 1.15849e-15	AbsError: 3.19749e+01
      Equation: "HoleContinuityEquation"	RelError: 1.45482e-15	AbsError: 3.62665e+01
      Equation: "PotentialEquation"	RelError: 1.12683e-16	AbsError: 4.51951e-17
Charge Relative Error 3.20434e-09
number of equations 5085
Iteration: 0
  Device: "BenchmarkDiode"	RelError: 1.93915e-15	AbsError: 5.77812e+01
    Region: "SiRegion"	RelError: 1.93915e-15	AbsError: 5.77812e+01
      Equation: "ElectronContinuityEquation"	RelError: 1.00734e-15	AbsError: 2.15681e+01
      Equation: "HoleContinuityEquation"	RelError: 8.38028e-16	AbsError: 3.62130e+01
      Equation: "PotentialEquation"	RelError: 9.37816e-17	AbsError: 3.85067e-17
Charge Relative Error 3.20434e-09
number of equations 5085
Iteration: 0
  Device: "BenchmarkDiode"	RelError: 2.15301e-15	AbsError: 5.75026e+01
    Region: "SiRegion"	RelError: 2.15301e-15	AbsError: 5.75026e+01
      Equation: "ElectronContinuityEquation"	RelError: 1.12947e-15	AbsError: 2.45234e+01
      Equation: "HoleContinuityEquation"	RelError: 9.09643e-16	AbsError: 3.29792e+01
      Equation: "PotentialEquation"	RelError: 1.13898e-16	AbsError: 4.45462e-17
Charge Relative Error 3.20434e-09
number of equations 5085
Iteration: 0
  Device: "BenchmarkDiode"	RelError: 2.88897e-15	AbsError: 7.44948e+01
    Region: "SiRegion"	RelError: 2.88897e-15	AbsError: 7.44948e+01
      Equation: "ElectronContinuityEquation"	RelError: 1.59448e-15	AbsError: 3.16619e+01
      Equation: "HoleContinuityEquation"	RelError: 1.10005e-15	AbsError: 4.28330e+01
      Equation: "PotentialEquation"	RelError: 1.94443e-16	AbsError: 7.64844e-17
Charge Relative Error 3.20434e-09
number of equations 5085
Iteration: 0
  Device: "BenchmarkDiode"	RelError: 1.99840e+03	AbsError: 2.11768e+17
    Region: "SiRegion"	RelError: 1.99840e+03	AbsError: 2.11768e+17
      Equation: "ElectronContinuityEquation"	RelError: 9.99000e+02	AbsError: 1.05883e+17
      Equation: "HoleContinuityEquation"	RelError: 9.99000e+02	AbsError: 1.05886e+17
      Equation: "PotentialEquation"	RelError: 4.04434e-01	AbsError: 1.10220e-01
Iteration: 1
  Device: "BenchmarkDiode"	RelError: 2.66178e+00	AbsError: 2.24458e+17
    Region: "SiRegion"	RelError: 2.66178e+00	AbsError: 2.24458e+17
      Equation: "ElectronContinuityEquation"	RelError: 9.99256e-01	AbsError: 1.40562e+17
      Equation: "HoleContinuityEquation"	RelError: 9.98750e-01	AbsError: 8.38961e+16
      Equation: "PotentialEquation"	RelError: 6.63774e-01	AbsError: 1.36334e-01
Iteration: 2
  Device: "BenchmarkDiode"	RelError: 1.99988e+03	AbsError: 1.29329e+17
    Region: "SiRegion"	RelError: 1.99988e+03	AbsError: 1.29329e+17
      Equation: "ElectronContinuityEquation"	RelError: 9.99000e+02	AbsError: 6.25037e+16
      Equation: "HoleContinuityEquation"	RelError: 9.99000e+02	AbsError: 6.68253e+16
      Equation: "PotentialEquation"	RelError: 1.87543e+00	AbsError: 1.06913e-01
Iteration: 3
  Device: "BenchmarkDiode"	RelError: 3.75651e+02	AbsError: 1.47773e+17
    Region: "SiRegion"	RelError: 3.75651e+02	AbsError: 1.47773e+17
      Equation: "ElectronContinuityEquation"	RelError: 9.98826e-01	AbsError: 3.11997e+16
      Equation: "HoleContinuityEquation"	RelError: 9.99412e-01	AbsError: 1.16573e+17
      Equation: "PotentialEquation"	RelError: 3.73653e+02	AbsError: 1.27522e-01
Iteration: 4
  Device: "BenchmarkDiode"	RelError: 2.01883e+03	AbsError: 1.06878e+17
    Region: "SiRegion"	RelError: 2.01883e+03	AbsError: 1.06878e+17
      Equation: "ElectronContinuityEquation"	RelError: 9.99000e+02	AbsError: 1.46074e+16
      Equation: "HoleContinuityEquation"	RelError: 9.99000e+02	AbsError: 9.22703e+16
      Equation: "PotentialEquation"	RelError: 2.08329e+01	AbsError: 1.03412e-01
Iteration: 5
  Device: "BenchmarkDiode"	RelError: 2.69046e+02	AbsError: 7.06394e+16
    Region: "SiRegion"	RelError: 2.69046e+02	AbsError: 7.06394e+16
      Equation: "ElectronContinuityEquation"	RelError: 9.99584e-01	AbsError: 5.34255e+16
      Equation: "HoleContinuityEquation"	RelError: 9.99066e-01	AbsError: 1.72139e+16
      Equation: "PotentialEquation"	RelError: 2.67047e+02	AbsError: 1.07014e-01
Iteration: 6
  Device: "BenchmarkDiode"	RelError: 4.66589e+03	AbsError: 6.61586e+16
    Region: "SiRegion"	RelError: 4.66589e+03	AbsError: 6.61586e+16
      Equation: "ElectronContinuityEquation"	RelError: 9.99000e+02	AbsError: 4.96724e+16
      Equation: "HoleContinuityEquation"	RelError: 9.99000e+02	AbsError: 1.64862e+16
      Equation: "PotentialEquation"	RelError: 2.66789e+03	AbsError: 9.93149e-02
Iteration: 7
  Device: "BenchmarkDiode"	RelError: 6.89442e+01	AbsError: 3.43117e+16
    Region: "SiRegion"	RelError: 6.89442e+01	AbsError: 3.43117e+16
      Equation: "ElectronContinuityEquation"	RelError: 9.99172e-01	AbsError: 1.63573e+16
      Equation: "HoleContinuityEquation"	RelError: 9.99553e-01	AbsError: 1.79544e+16
      Equation: "PotentialEquation"	RelError: 6.69454e+01	AbsError: 9.81533e-02
Iteration: 8
  Device: "BenchmarkDiode"	RelError: 2.29480e+03	AbsError: 1.47320e+16
    Region: "SiRegion"	RelError: 2.29480e+03	AbsError: 1.47320e+16
      Equation: "ElectronContinuityEquation"	RelError: 9.99000e+02	AbsError: 8.35234e+15
      Equation: "HoleContinuityEquation"	RelError: 9.99000e+02	AbsError: 6.37971e+15
      Equation: "PotentialEquation"	RelError: 2.96802e+02	AbsError: 9.53990e-02
Iteration: 9
  Device: "BenchmarkDiode"	RelError: 1.52960e+02	AbsError: 1.92648e+16
    Region: "SiRegion"	RelError: 1.52960e+02	AbsError: 1.92648e+16
      Equation: "ElectronContinuityEquation"	RelError: 9.99268e-01	AbsError: 1.19512e+16
      Equation: "HoleContinuityEquation"	RelError: 5.96534e+01	AbsError: 7.31356e+15
      Equation: "PotentialEquation"	RelError: 9.23069e+01	AbsError: 9.22437e-02
Iteration: 10
  Device: "BenchmarkDiode"	RelError: 1.95873e+05	AbsError: 1.80217e+16
    Region: "SiRegion"	RelError: 1.95873e+05	AbsError: 1.80217e+16
      Equation: "ElectronContinuityEquation"	RelError: 1.38631e+03	AbsError: 9.88269e+15
      Equation: "HoleContinuityEquation"	RelError: 1.94410e+05	AbsError: 8.13897e+15
      Equation: "PotentialEquation"	RelError: 7.69402e+01	AbsError: 9.04072e-02
Iteration: 11
  Device: "BenchmarkDiode"	RelError: 7.65016e+02	AbsError: 8.39813e+15
    Region: "SiRegion"	RelError: 7.65016e+02	AbsError: 8.39813e+15
      Equation: "ElectronContinuityEquation"	RelError: 9.99036e-01	AbsError: 4.89656e+15
      Equation: "HoleContinuityEquation"	RelError: 5.05477e+02	AbsError: 3.50156e+15
      Equation: "PotentialEquation"	RelError: 2.58539e+02	AbsError: 8.77472e-02
Iteration: 12
  Device: "BenchmarkDiode"	RelError: 1.11857e+04	AbsError: 5.73790e+15
    Region: "SiRegion"	RelError: 1.11857e+04	AbsError: 5.73790e+15
      Equation: "ElectronContinuityEquation"	RelError: 9.83684e+03	AbsError: 2.78652e+15
      Equation: "HoleContinuityEquation"	RelError: 9.99000e+02	AbsError: 2.95138e+15
      Equation: "PotentialEquation"	RelError: 3.49906e+02	AbsError: 8.40130e-02
Iteration: 13
  Device: "BenchmarkDiode"	RelError: 1.67452e+03	AbsError: 4.52866e+15
    Region: "SiRegion"	RelError: 1.67452e+03	AbsError: 4.52866e+15
      Equation: "ElectronContinuityEquation"	RelError: 9.99774e-01	AbsError: 1.32105e+15
      Equation: "HoleContinuityEquation"	RelError: 4.68256e+00	AbsError: 3.20761e+15
      Equation: "PotentialEquation"	RelError: 1.66884e+03	AbsError: 8.13266e-02
Iteration: 14
  Device: "BenchmarkDiode"	RelError: 1.07789e+03	AbsError: 3.10139e+15
    Region: "SiRegion"	RelError: 1.07789e+03	AbsError: 3.10139e+15
      Equation: "ElectronContinuityEquation"	RelError: 9.99000e+02	AbsError: 1.01302e+15
      Equation: "HoleContinuityEquation"	RelError: 1.02667e+00	AbsError: 2.08837e+15
      Equation: "PotentialEquation"	RelError: 7.78673e+01	AbsError: 7.69153e-02
Iteration: 15
  Device: "BenchmarkDiode"	RelError: 5.35490e+01	AbsError: 1.92585e+15
    Region: "SiRegion"	RelError: 5.35490e+01	AbsError: 1.92585e+15
      Equation: "ElectronContinuityEquation"	RelError: 9.98907e-01	AbsError: 5.87535e+14
      Equation: "HoleContinuityEquation"	RelError: 9.85110e-01	AbsError: 1.33831e+15
      Equation: "PotentialEquation"	RelError: 5.15650e+01	AbsError: 7.31053e-02
Iteration: 16
  Device: "BenchmarkDiode"	RelError: 1.18133e+02	AbsError: 7.51843e+14
    Region: "SiRegion"	RelError: 1.18133e+02	AbsError: 7.51843e+14
      Equation: "ElectronContinuityEquation"	RelError: 5.37067e+00	AbsError: 2.72388e+14
      Equation: "HoleContinuityEquation"	RelError: 3.28457e-01	AbsError: 4.79455e+14
      Equation: "PotentialEquation"	RelError: 1.12434e+02	AbsError: 6.81413e-02
Iteration: 17
  Device: "BenchmarkDiode"	RelError: 1.80653e+01	AbsError: 2.36426e+14
    Region: "SiRegion"	RelError: 1.80653e+01	AbsError: 2.36426e+14
      Equation: "ElectronContinuityEquation"	RelError: 7.91199e-01	AbsError: 8.89985e+13
      Equation: "HoleContinuityEquation"	RelError: 1.69403e-01	AbsError: 1.47427e+14
      Equation: "PotentialEquation"	RelError: 1.71046e+01	AbsError: 6.27364e-02
Iteration: 18
  Device: "BenchmarkDiode"	RelError: 9.80240e-01	AbsError: 1.01442e+14
    Region: "SiRegion"	RelError: 9.80240e-01	AbsError: 1.01442e+14
      Equation: "ElectronContinuityEquation"	RelError: 8.10071e-01	AbsError: 2.51538e+13
      Equation: "HoleContinuityEquation"	RelError: 9.51841e-02	AbsError: 7.62883e+13
      Equation: "PotentialEquation"	RelError: 7.49851e-02	AbsError: 5.64922e-02
Iteration: 19
  Device: "BenchmarkDiode"	RelError: 9.60753e-01	AbsError: 4.12060e+13
    Region: "SiRegion"	RelError: 9.60753e-01	AbsError: 4.12060e+13
      Equation: "ElectronContinuityEquation"	RelError: 2.68516e-01	AbsError: 1.06544e+13
      Equation: "HoleContinuityEquation"	RelError: 3.65734e-02	AbsError: 3.05516e+13
      Equation: "PotentialEquation"	RelError: 6.55664e-01	AbsError: 4.91467e-02
Iteration: 20
  Device: "BenchmarkDiode"	RelError: 4.22080e-01	AbsError: 1.24756e+13
    Region: "SiRegion"	RelError: 4.22080e-01	AbsError: 1.24756e+13
      Equation: "ElectronContinuityEquation"	RelError: 1.05375e-01	AbsError: 3.57983e+12
      Equation: "HoleContinuityEquation"	RelError: 1.07173e-02	AbsError: 8.89574e+12
      Equation: "PotentialEquation"	RelError: 3.05987e-01	AbsError: 4.04848e-02
Iteration: 21
  Device: "BenchmarkDiode"	RelError: 8.67807e-02	AbsError: 2.82796e+12
    Region: "SiRegion"	RelError: 8.67807e-02	AbsError: 2.82796e+12
      Equation: "ElectronContinuityEquation"	RelError: 2.70856e-02	AbsError: 9.00653e+11
      Equation: "HoleContinuityEquation"	RelError: 2.29297e-03	AbsError: 1.92731e+12
      Equation: "PotentialEquation"	RelError: 5.74021e-02	AbsError: 3.02090e-02
Iteration: 22
  Device: "BenchmarkDiode"	RelError: 2.65529e-02	AbsError: 7.72755e+11
    Region: "SiRegion"	RelError: 2.65529e-02	AbsError: 7.72755e+11
      Equation: "ElectronContinuityEquation"	RelError: 4.92567e-03	AbsError: 1.56025e+11
      Equation: "HoleContinuityEquation"	RelError: 7.34279e-04	AbsError: 6.16730e+11
      Equation: "PotentialEquation"	RelError: 2.08929e-02	AbsError: 2.57079e-02
Iteration: 23
  Device: "BenchmarkDiode"	RelError: 7.51812e-03	AbsError: 3.04423e+11
    Region: "SiRegion"	RelError: 7.51812e-03	AbsError: 3.04423e+11
      Equation: "ElectronContinuityEquation"	RelError: 5.10706e-04	AbsError: 1.54018e+10
      Equation: "HoleContinuityEquation"	RelError: 2.26768e-04	AbsError: 2.89021e+11
      Equation: "PotentialEquation"	RelError: 6.78065e-03	AbsError: 8.52322e-03
Iteration: 24
  Device: "BenchmarkDiode"	RelError: 1.64777e-03	AbsError: 4.74868e+11
    Region: "SiRegion"	RelError: 1.64777e-03	AbsError: 4.74868e+11
      Equation: "ElectronContinuityEquation"	RelError: 1.55577e-04	AbsError: 4.30605e+09
      Equation: "HoleContinuityEquation"	RelError: 3.69070e-04	AbsError: 4.70562e+11
      Equation: "PotentialEquation"	RelError: 1.12312e-03	AbsError: 1.16935e-06
Iteration: 25
  Device: "BenchmarkDiode"	RelError: 4.88281e-09	AbsError: 1.03044e+06
    Region: "SiRegion"	RelError: 4.88281e-09	AbsError: 1.03044e+06
      Equation: "ElectronContinuityEquation"	RelError: 5.40868e-10	AbsError: 1.36748e+04
      Equation: "HoleContinuityEquation"	RelError: 1.01979e-09	AbsError: 1.01677e+06
      Equation: "PotentialEquation"	RelError: 3.32216e-09	AbsError: 3.40670e-12
Iteration: 26
  Device: "BenchmarkDiode"	RelError: 2.86256e-14	AbsError: 6.96568e+01
    Region: "SiRegion"	RelError: 2.86256e-14	AbsError: 6.96568e+01
      Equation: "ElectronContinuityEquation"	RelError: 1.16284e-15	AbsError: 3.77972e+01
      Equation: "HoleContinuityEquation"	RelError: 2.12204e-15	AbsError: 3.18596e+01
      Equation: "PotentialEquation"	RelError: 2.53407e-14	AbsError: 1.16828e-16
Charge Relative Error 9.98676e-01
number of equations 5085
Iteration: 0
  Device: "BenchmarkDiode"	RelError: 5.59247e+03	AbsError: 8.14711e+15
    Region: "SiRegion"	RelError: 5.59247e+03	AbsError: 8.14711e+15
      Equation: "ElectronContinuityEquation"	RelError: 9.99000e+02	AbsError: 1.05678e+15
      Equation: "HoleContinuityEquation"	RelError: 4.29502e+03	AbsError: 7.09034e+15
      Equation: "PotentialEquation"	RelError: 2.98447e+02	AbsError: 6.18528e-02
Iteration: 1
  Device: "BenchmarkDiode"	RelError: 5.67605e+01	AbsError: 1.43448e+15
    Region: "SiRegion"	RelError: 5.67605e+01	AbsError: 1.43448e+15
      Equation: "ElectronContinuityEquation"	RelError: 8.82361e+00	AbsError: 1.58276e+14
      Equation: "HoleContinuityEquation"	RelError: 2.25414e+00	AbsError: 1.27620e+15
      Equation: "PotentialEquation"	RelError: 4.56828e+01	AbsError: 5.90494e-02
Iteration: 2
  Device: "BenchmarkDiode"	RelError: 2.69844e+01	AbsError: 3.97304e+14
    Region: "SiRegion"	RelError: 2.69844e+01	AbsError: 3.97304e+14
      Equation: "ElectronContinuityEquation"	RelError: 5.84084e+00	AbsError: 5.47786e+13
      Equation: "HoleContinuityEquation"	RelError: 1.35938e+00	AbsError: 3.42526e+14
      Equation: "PotentialEquation"	RelError: 1.97841e+01	AbsError: 5.31590e-02
Iteration: 3
  Device: "BenchmarkDiode"	RelError: 6.88413e+00	AbsError: 7.68620e+13
    Region: "SiRegion"	RelError: 6.88413e+00	AbsError: 7.68620e+13
      Equation: "ElectronContinuityEquation"	RelError: 6.35038e+00	AbsError: 2.47785e+12
      Equation: "HoleContinuityEquation"	RelError: 3.79828e-01	AbsError: 7.43841e+13
      Equation: "PotentialEquation"	RelError: 1.53922e-01	AbsError: 4.54124e-02
Iteration: 4
  Device: "BenchmarkDiode"	RelError: 4.00715e+00	AbsError: 1.25967e+13
    Region: "SiRegion"	RelError: 4.00715e+00	AbsError: 1.25967e+13
      Equation: "ElectronContinuityEquation"	RelError: 3.45153e+00	AbsError: 3.83903e+12
      Equation: "HoleContinuityEquation"	RelError: 1.50685e-01	AbsError: 8.75766e+12
      Equation: "PotentialEquation"	RelError: 4.04935e-01	AbsError: 3.61430e-02
Iteration: 5
  Device: "BenchmarkDiode"	RelError: 9.24608e-01	AbsError: 1.89751e+12
    Region: "SiRegion"	RelError: 9.24608e-01	AbsError: 1.89751e+12
      Equation: "ElectronContinuityEquation"	RelError: 8.18128e-01	AbsError: 1.98473e+11
      Equation: "HoleContinuityEquation"	RelError: 5.06852e-02	AbsError: 1.69904e+12
      Equation: "PotentialEquation"	RelError: 5.57945e-02	AbsError: 2.58530e-02
Iteration: 6
  Device: "BenchmarkDiode"	RelError: 1.12897e-01	AbsError: 2.81422e+11
    Region: "SiRegion"	RelError: 1.12897e-01	AbsError: 2.81422e+11
      Equation: "ElectronContinuityEquation"	RelError: 8.13201e-02	AbsError: 5.48463e+10
      Equation: "HoleContinuityEquation"	RelError: 6.07396e-03	AbsError: 2.26576e+11
      Equation: "PotentialEquation"	RelError: 2.55033e-02	AbsError: 1.74009e-02
Iteration: 7
  Device: "BenchmarkDiode"	RelError: 1.90336e-03	AbsError: 2.23232e+10
    Region: "SiRegion"	RelError: 1.90336e-03	AbsError: 2.23232e+10
      Equation: "ElectronContinuityEquation"	RelError: 1.06718e-03	AbsError: 4.20138e+09
      Equation: "HoleContinuityEquation"	RelError: 4.96202e-04	AbsError: 1.81219e+10
      Equation: "PotentialEquation"	RelError: 3.39974e-04	AbsError: 5.23699e-07
Iteration: 8
  Device: "BenchmarkDiode"	RelError: 6.49818e-10	AbsError: 8.61155e+03
    Region: "SiRegion"	RelError: 6.49818e-10	AbsError: 8.61155e+03
      Equation: "ElectronContinuityEquation"	RelError: 3.58030e-10	AbsError: 1.45188e+03
      Equation: "HoleContinuityEquation"	RelError: 1.98834e-10	AbsError: 7.15968e+03
      Equation: "PotentialEquation"	RelError: 9.29546e-11	AbsError: 1.89247e-13
Iteration: 9
  Device: "BenchmarkDiode"	RelError: 1.16711e-14	AbsError: 6.34055e+01
    Region: "SiRegion"	RelError: 1.16711e-14	AbsError: 6.34055e+01
      Equation: "ElectronContinuityEquation"	RelError: 8.53061e-16	AbsError: 3.49610e+01
      Equation: "HoleContinuityEquation"	RelError: 1.24645e-15	AbsError: 2.84445e+01
      Equation: "PotentialEquation"	RelError: 9.57161e-15	AbsError: 1.41188e-16
Charge Relative Error 1.00000e+00
number of equations 5085
Iteration: 0
  Device: "BenchmarkDiode"	RelError: 3.20037e+04	AbsError: 3.55026e+14
    Region: "SiRegion"	RelError: 3.20037e+04	AbsError: 3.55026e+14
      Equation: "ElectronContinuityEquation"	RelError: 1.98289e+04	AbsError: 5.73444e+13
      Equation: "HoleContinuityEquation"	RelError: 1.21681e+04	AbsError: 2.97681e+14
      Equation: "PotentialEquation"	RelError: 6.70564e+00	AbsError: 1.41545e-02
Iteration: 1
  Device: "BenchmarkDiode"	RelError: 5.14429e+00	AbsError: 4.44006e+12
    Region: "SiRegion"	RelError: 5.14429e+00	AbsError: 4.44006e+12
      Equation: "ElectronContinuityEquation"	RelError: 4.08458e+00	AbsError: 1.00659e+12
      Equation: "HoleContinuityEquation"	RelError: 1.01672e+00	AbsError: 3.43347e+12
      Equation: "PotentialEquation"	RelError: 4.29786e-02	AbsError: 1.13609e-04
Iteration: 2
  Device: "BenchmarkDiode"	RelError: 2.49898e-03	AbsError: 9.12644e+08
    Region: "SiRegion"	RelError: 2.49898e-03	AbsError: 9.12644e+08
      Equation: "ElectronContinuityEquation"	RelError: 2.21850e-03	AbsError: 9.49711e+07
      Equation: "HoleContinuityEquation"	RelError: 2.74146e-04	AbsError: 8.17673e+08
      Equation: "PotentialEquation"	RelError: 6.32989e-06	AbsError: 1.66309e-08
Iteration: 3
  Device: "BenchmarkDiode"	RelError: 2.46637e-10	AbsError: 9.07600e+01
    Region: "SiRegion"	RelError: 2.46637e-10	AbsError: 9.07600e+01
      Equation: "ElectronContinuityEquation"	RelError: 2.30508e-10	AbsError: 4.09496e+01
      Equation: "HoleContinuityEquation"	RelError: 1.59426e-11	AbsError: 4.98104e+01
      Equation: "PotentialEquation"	RelError: 1.85548e-13	AbsError: 6.94508e-16
Iteration: 4
  Device: "BenchmarkDiode"	RelError: 8.85375e-15	AbsError: 4.63719e+01
    Region: "SiRegion"	RelError: 8.85375e-15	AbsError: 4.63719e+01
      Equation: "ElectronContinuityEquation"	RelError: 1.88131e-15	AbsError: 2.22324e+01
      Equation: "HoleContinuityEquation"	RelError: 1.73957e-15	AbsError: 2.41395e+01
      Equation: "PotentialEquation"	RelError: 5.23287e-15	AbsError: 1.36281e-16
Charge Relative Error 1.00000e+00
number of equations 5085
Iteration: 0
  Device: "BenchmarkDiode"	RelError: 2.80058e+02	AbsError: 7.63921e+12
    Region: "SiRegion"	RelError: 2.80058e+02	AbsError: 7.63921e+12
      Equation: "ElectronContinuityEquation"	RelError: 1.81870e+02	AbsError: 1.47412e+12
      Equation: "HoleContinuityEquation"	RelError: 9.80726e+01	AbsError: 6.16509e+12
      Equation: "PotentialEquation"	RelError: 1.15589e-01	AbsError: 2.66717e-04
Iteration: 1
  Device: "BenchmarkDiode"	RelError: 9.98463e-02	AbsError: 1.91580e+09
    Region: "SiRegion"	RelError: 9.98463e-02	AbsError: 1.91580e+09
      Equation: "ElectronContinuityEquation"	RelError: 6.88472e-02	AbsError: 3.69468e+08
      Equation: "HoleContinuityEquation"	RelError: 3.09860e-02	AbsError: 1.54633e+09
      Equation: "PotentialEquation"	RelError: 1.30853e-05	AbsError: 4.70317e-08
Iteration: 2
  Device: "BenchmarkDiode"	RelError: 1.70178e-08	AbsError: 2.07734e+02
    Region: "SiRegion"	RelError: 1.70178e-08	AbsError: 2.07734e+02
      Equation: "ElectronContinuityEquation"	RelError: 1.61811e-08	AbsError: 3.71450e+01
      Equation: "HoleContinuityEquation"	RelError: 8.35222e-10	AbsError: 1.70589e+02
      Equation: "PotentialEquation"	RelError: 1.41615e-12	AbsError: 3.14773e-15
Iteration: 3
  Device: "BenchmarkDiode"	RelError: 1.27223e-14	AbsError: 3.18460e+01
    Region: "SiRegion"	RelError: 1.27223e-14	AbsError: 3.18460e+01
      Equation: "ElectronContinuityEquation"	RelError: 1.07565e-15	AbsError: 1.92297e+01
      Equation: "HoleContinuityEquation"	RelError: 1.21669e-15	AbsError: 1.26163e+01
      Equation: "PotentialEquation"	RelError: 1.04300e-14	AbsError: 1.23654e-16
Charge Relative Error 1.00000e+00
number of equations 5085
Iteration: 0
  Device: "BenchmarkDiode"	RelError: 2.08785e+02	AbsError: 1.19850e+11
    Region: "SiRegion"	RelError: 2.08785e+02	AbsError: 1.19850e+11
      Equation: "ElectronContinuityEquation"	RelError: 1.28045e+02	AbsError: 2.41097e+10
      Equation: "HoleContinuityEquation"	RelError: 8.07374e+01	AbsError: 9.57405e+10
      Equation: "PotentialEquation"	RelError: 1.71236e-03	AbsError: 3.79042e-06
Iteration: 1
  Device: "BenchmarkDiode"	RelError: 6.91706e-03	AbsError: 4.76942e+05
    Region: "SiRegion"	RelError: 6.91706e-03	AbsError: 4.76942e+05
      Equation: "ElectronContinuityEquation"	RelError: 6.62758e-03	AbsError: 1.13363e+05
      Equation: "HoleContinuityEquation"	RelError: 2.89473e-04	AbsError: 3.63580e+05
      Equation: "PotentialEquation"	RelError: 4.43779e-09	AbsError: 9.81142e-12
Iteration: 2
  Device: "BenchmarkDiode"	RelError: 9.62808e-14	AbsError: 6.28313e+01
    Region: "SiRegion"	RelError: 9.62808e-14	AbsError: 6.28313e+01
      Equation: "ElectronContinuityEquation"	RelError: 7.59515e-14	AbsError: 3.00816e+01
      Equation: "HoleContinuityEquation"	RelError: 3.33076e-15	AbsError: 3.27497e+01
      Equation: "PotentialEquation"	RelError: 1.69986e-14	AbsError: 1.20752e-16
Charge Relative Error 1.00000e+00
number of equations 5085
Iteration: 0
  Device: "BenchmarkDiode"	RelError: 1.32866e+02	AbsError: 1.68487e+09
    Region: "SiRegion"	RelError: 1.32866e+02	AbsError: 1.68487e+09
      Equation: "ElectronContinuityEquation"	RelError: 8.13778e+01	AbsError: 3.67038e+08
      Equation: "HoleContinuityEquation"	RelError: 5.14887e+01	AbsError: 1.31784e+09
      Equation: "PotentialEquation"	RelError: 2.44569e-05	AbsError: 5.04168e-08
Iteration: 1
  Device: "BenchmarkDiode"	RelError: 2.87037e-05	AbsError: 1.07403e+02
    Region: "SiRegion"	RelError: 2.87037e-05	AbsError: 1.07403e+02
      Equation: "ElectronContinuityEquation"	RelError: 2.61165e-05	AbsError: 3.94987e+01
      Equation: "HoleContinuityEquation"	RelError: 2.58722e-06	AbsError: 6.79039e+01
      Equation: "PotentialEquation"	RelError: 9.62447e-13	AbsError: 1.82073e-15
Iteration: 2
  Device: "BenchmarkDiode"	RelError: 7.66712e-15	AbsError: 4.21715e+01
    Region: "SiRegion"	RelError: 7.66712e-15	AbsError: 4.21715e+01
      Equation: "ElectronContinuityEquation"	RelError: 1.27881e-15	AbsError: 2.04228e+01
      Equation: "HoleContinuityEquation"	RelError: 2.92007e-15	AbsError: 2.17487e+01
      Equation: "PotentialEquation"	RelError: 3.46824e-15	AbsError: 1.19103e-16
Charge Relative Error 9.99974e-01
number of equations 5085
Iteration: 0
  Device: "BenchmarkDiode"	RelError: 7.00217e+01	AbsError: 2.48837e+07
    Region: "SiRegion"	RelError: 7.00217e+01	AbsError: 2.48837e+07
      Equation: "ElectronContinuityEquation"	RelError: 2.91150e+01	AbsError: 6.24865e+06
      Equation: "HoleContinuityEquation"	RelError: 4.09066e+01	AbsError: 1.86350e+07
      Equation: "PotentialEquation"	RelError: 3.97288e-07	AbsError: 7.41263e-10
Iteration: 1
  Device: "BenchmarkDiode"	RelError: 1.08638e-07	AbsError: 6.50845e+01
    Region: "SiRegion"	RelError: 1.08638e-07	AbsError: 6.50845e+01
      Equation: "ElectronContinuityEquation"	RelError: 6.76761e-08	AbsError: 3.15931e+01
      Equation: "HoleContinuityEquation"	RelError: 4.09617e-08	AbsError: 3.34914e+01
      Equation: "PotentialEquation"	RelError: 2.58463e-14	AbsError: 1.34111e-16
Iteration: 2
  Device: "BenchmarkDiode"	RelError: 1.79101e-14	AbsError: 3.19851e+01
    Region: "SiRegion"	RelError: 1.79101e-14	AbsError: 3.19851e+01
      Equation: "ElectronContinuityEquation"	RelError: 3.13208e-15	AbsError: 1.51252e+01
      Equation: "HoleContinuityEquation"	RelError: 4.05685e-15	AbsError: 1.68600e+01
      Equation: "PotentialEquation"	RelError: 1.07212e-14	AbsError: 1.26537e-16
Charge Relative Error 9.97261e-01
number of equations 5085
Iteration: 0
  Device: "BenchmarkDiode"	RelError: 2.57090e+01	AbsError: 4.30149e+05
    Region: "SiRegion"	RelError: 2.57090e+01	AbsError: 4.30149e+05
      Equation: "ElectronContinuityEquation"	RelError: 5.29904e-01	AbsError: 1.24387e+05
      Equation: "HoleContinuityEquation"	RelError: 2.51791e+01	AbsError: 3.05762e+05
      Equation: "PotentialEquation"	RelError: 7.69146e-09	AbsError: 1.32646e-11
Iteration: 1
  Device: "BenchmarkDiode"	RelError: 5.07124e-10	AbsError: 6.86968e+01
    Region: "SiRegion"	RelError: 5.07124e-10	AbsError: 6.86968e+01
      Equation: "ElectronContinuityEquation"	RelError: 2.05413e-11	AbsError: 3.40015e+01
      Equation: "HoleContinuityEquation"	RelError: 4.86558e-10	AbsError: 3.46952e+01
      Equation: "PotentialEquation"	RelError: 2.44219e-14	AbsError: 1.62493e-16
Iteration: 2
  Device: "BenchmarkDiode"	RelError: 3.44713e-14	AbsError: 4.37512e+01
    Region: "SiRegion"	RelError: 3.44713e-14	AbsError: 4.37512e+01
      Equation: "ElectronContinuityEquation"	RelError: 1.86909e-15	AbsError: 2.56898e+01
      Equation: "HoleContinuityEquation"	RelError: 1.75630e-15	AbsError: 1.80614e+01
      Equation: "PotentialEquation"	RelError: 3.08459e-14	AbsError: 1.13848e-16
Charge Relative Error 7.83836e-01
number of equations 5085
Iteration: 0
  Device: "BenchmarkDiode"	RelError: 1.45880e+00	AbsError: 8.70773e+03
    Region: "SiRegion"	RelError: 1.45880e+00	AbsError: 8.70773e+03
      Equation: "ElectronContinuityEquation"	RelError: 6.34593e-03	AbsError: 2.74110e+03
      Equation: "HoleContinuityEquation"	RelError: 1.45245e+00	AbsError: 5.96663e+03
      Equation: "PotentialEquation"	RelError: 1.67514e-10	AbsError: 2.78139e-13
Iteration: 1
  Device: "BenchmarkDiode"	RelError: 7.13182e-13	AbsError: 4.65906e+01
    Region: "SiRegion"	RelError: 7.13182e-13	AbsError: 4.65906e+01
      Equation: "ElectronContinuityEquation"	RelError: 3.65390e-15	AbsError: 2.33689e+01
      Equation: "HoleContinuityEquation"	RelError: 6.89947e-13	AbsError: 2.32217e+01
      Equation: "PotentialEquation"	RelError: 1.95816e-14	AbsError: 1.19160e-16
Charge Relative Error 4.19635e-02
number of equations 5085
Iteration: 0
  Device: "BenchmarkDiode"	RelError: 3.54508e-02	AbsError: 1.91833e+02
    Region: "SiRegion"	RelError: 3.54508e-02	AbsError: 1.91833e+02
      Equation: "ElectronContinuityEquation"	RelError: 7.55286e-05	AbsError: 6.35339e+01
      Equation: "HoleContinuityEquation"	RelError: 3.53753e-02	AbsError: 1.28299e+02
      Equation: "PotentialEquation"	RelError: 3.86458e-12	AbsError: 6.34679e-15
Iteration: 1
  Device: "BenchmarkDiode"	RelError: 2.96699e-14	AbsError: 4.50201e+01
    Region: "SiRegion"	RelError: 2.96699e-14	AbsError: 4.50201e+01
      Equation: "ElectronContinuityEquation"	RelError: 3.45357e-15	AbsError: 2.03588e+01
      Equation: "HoleContinuityEquation"	RelError: 5.20577e-15	AbsError: 2.46613e+01
      Equation: "PotentialEquation"	RelError: 2.10105e-14	AbsError: 1.16114e-16
Charge Relative Error 1.02920e-03
number of equations 5085
Iteration: 0
  Device: "BenchmarkDiode"	RelError: 8.33757e-04	AbsError: 5.03613e+01
    Region: "SiRegion"	RelError: 8.33757e-04	AbsError: 5.03613e+01
      Equation: "ElectronContinuityEquation"	RelError: 8.98884e-07	AbsError: 2.74624e+01
      Equation: "HoleContinuityEquation"	RelError: 8.32858e-04	AbsError: 2.28989e+01
      Equation: "PotentialEquation"	RelError: 5.80665e-14	AbsError: 2.06325e-16
Iteration: 1
  Device: "BenchmarkDiode"	RelError: 2.33827e-14	AbsError: 3.34953e+01
    Region: "SiRegion"	RelError: 2.33827e-14	AbsError: 3.34953e+01
      Equation: "ElectronContinuityEquation"	RelError: 1.48017e-15	AbsError: 2.05733e+01
      Equation: "HoleContinuityEquation"	RelError: 2.61860e-15	AbsError: 1.29220e+01
      Equation: "PotentialEquation"	RelError: 1.92840e-14	AbsError: 1.14874e-16
Charge Relative Error 2.41866e-05
number of equations 5085
Iteration: 0
  Device: "BenchmarkDiode"	RelError: 1.96032e-05	AbsError: 3.99127e+01
    Region: "SiRegion"	RelError: 1.96032e-05	AbsError: 3.99127e+01
      Equation: "ElectronContinuityEquation"	RelError: 1.06979e-08	AbsError: 3.19838e+01
      Equation: "HoleContinuityEquation"	RelError: 1.95925e-05	AbsError: 7.92893e+00
      Equation: "PotentialEquation"	RelError: 3.43798e-15	AbsError: 1.11022e-16
Iteration: 1
  Device: "BenchmarkDiode"	RelError: 1.59419e-14	AbsError: 3.29115e+01
    Region: "SiRegion"	RelError: 1.59419e-14	AbsError: 3.29115e+01
      Equation: "ElectronContinuityEquation"	RelError: 1.72058e-15	AbsError: 2.49640e+01
      Equation: "HoleContinuityEquation"	RelError: 2.52995e-15	AbsError: 7.94757e+00
      Equation: "PotentialEquation"	RelError: 1.16913e-14	AbsError: 1.13425e-16
Charge Relative Error 5.68955e-07
number of equations 5085
Iteration: 0
  Device: "BenchmarkDiode"	RelError: 4.61024e-07	AbsError: 2.79777e+01
    Region: "SiRegion"	RelError: 4.61024e-07	AbsError: 2.79777e+01
      Equation: "ElectronContinuityEquation"	RelError: 1.27318e-10	AbsError: 2.00047e+01
      Equation: "HoleContinuityEquation"	RelError: 4.60896e-07	AbsError: 7.97296e+00
      Equation: "PotentialEquation"	RelError: 1.29904e-14	AbsError: 1.11967e-16
Iteration: 1
  Device: "BenchmarkDiode"	RelError: 2.13891e-14	AbsError: 2.16563e+01
    Region: "SiRegion"	RelError: 2.13891e-14	AbsError: 2.16563e+01
      Equation: "ElectronContinuityEquation"	RelError: 2.30688e-15	AbsError: 1.37274e+01
      Equation: "HoleContinuityEquation"	RelError: 3.99312e-15	AbsError: 7.92893e+00
      Equation: "PotentialEquation"	RelError: 1.50891e-14	AbsError: 1.12459e-16
Charge Relative Error 1.33856e-08
number of equations 5085
Iteration: 0
  Device: "BenchmarkDiode"	RelError: 1.08437e-08	AbsError: 3.08909e+01
    Region: "SiRegion"	RelError: 1.08437e-08	AbsError: 3.08909e+01
      Equation: "ElectronContinuityEquation"	RelError: 1.51603e-12	AbsError: 2.29574e+01
      Equation: "HoleContinuityEquation"	RelError: 1.08421e-08	AbsError: 7.93351e+00
      Equation: "PotentialEquation"	RelError: 2.18404e-14	AbsError: 1.13817e-16
Iteration: 1
  Device: "BenchmarkDiode"	RelError: 1.95327e-14	AbsError: 2.28420e+01
    Region: "SiRegion"	RelError: 1.95327e-14	AbsError: 2.28420e+01
      Equation: "ElectronContinuityEquation"	RelError: 1.43140e-15	AbsError: 1.49001e+01
      Equation: "HoleContinuityEquation"	RelError: 1.42858e-15	AbsError: 7.94188e+00
      Equation: "PotentialEquation"	RelError: 1.66727e-14	AbsError: 1.11747e-16
Charge Relative Error 4.57916e-09
number of equations 5085
Iteration: 0
  Device: "BenchmarkDiode"	RelError: 2.55079e-10	AbsError: 2.79898e+01
    Region: "SiRegion"	RelError: 2.55079e-10	AbsError: 2.79898e+01
      Equation: "ElectronContinuityEquation"	RelError: 1.94944e-14	AbsError: 2.00058e+01
      Equation: "HoleContinuityEquation"	RelError: 2.55053e-10	AbsError: 7.98404e+00
      Equation: "PotentialEquation"	RelError: 7.30958e-15	AbsError: 1.11965e-16
Iteration: 1
  Device: "BenchmarkDiode"	RelError: 1.58520e-14	AbsError: 2.16571e+01
    Region: "SiRegion"	RelError: 1.58520e-14	AbsError: 2.16571e+01
      Equation: "ElectronContinuityEquation"	RelError: 1.26801e-15	AbsError: 1.37281e+01
      Equation: "HoleContinuityEquation"	RelError: 1.77711e-15	AbsError: 7.92893e+00
      Equation: "PotentialEquation"	RelError: 1.28069e-14	AbsError: 1.12752e-16
Charge Relative Error 4.57916e-09
number of equations 5085
Iteration: 0
  Device: "BenchmarkDiode"	RelError: 6.02207e-12	AbsError: 3.09036e+01
    Region: "SiRegion"	RelError: 6.02207e-12	AbsError: 3.09036e+01
      Equation: "ElectronContinuityEquation"	RelError: 1.92354e-15	AbsError: 2.29701e+01
      Equation: "HoleContinuityEquation"	RelError: 5.99866e-12	AbsError: 7.93348e+00
      Equation: "PotentialEquation"	RelError: 2.14910e-14	AbsError: 1.13575e-16
Charge Relative Error 4.57916e-09
number of equations 5085
Iteration: 0
  Device: "BenchmarkDiode"	RelError: 1.58738e-13	AbsError: 2.28823e+01
    Region: "SiRegion"	RelError: 1.58738e-13	AbsError: 2.28823e+01
      Equation: "ElectronContinuityEquation"	RelError: 1.00766e-15	AbsError: 1.49394e+01
      Equation: "HoleContinuityEquation"	RelError: 1.41981e-13	AbsError: 7.94292e+00
      Equation: "PotentialEquation"	RelError: 1.57493e-14	AbsError: 1.11939e-16
Charge Relative Error 4.57916e-09
number of equations 5085
Iteration: 0
  Device: "BenchmarkDiode"	RelError: 1.38915e-14	AbsError: 2.79858e+01
    Region: "SiRegion"	RelError: 1.38915e-14	AbsError: 2.79858e+01
      Equation: "ElectronContinuityEquation"	RelError: 1.07552e-15	AbsError: 2.00040e+01
      Equation: "HoleContinuityEquation"	RelError: 3.31254e-15	AbsError: 7.98185e+00
      Equation: "PotentialEquation"	RelError: 9.50339e-15	AbsError: 1.11746e-16
Charge Relative Error 4.57916e-09
number of equations 5085
Iteration: 0
  Device: "BenchmarkDiode"	RelError: 1.59711e-14	AbsError: 2.16567e+01
    Region: "SiRegion"	RelError: 1.59711e-14	AbsError: 2.16567e+01
      Equation: "ElectronContinuityEquation"	RelError: 1.34206e-15	AbsError: 1.37277e+01
      Equation: "HoleContinuityEquation"	RelError: 1.36683e-15	AbsError: 7.92893e+00
      Equation: "PotentialEquation"	RelError: 1.32622e-14	AbsError: 1.12742e-16
Charge Relative Error 4.57916e-09
number of equations 5085
Iteration: 0
  Device: "BenchmarkDiode"	RelError: 2.48666e-14	AbsError: 3.08725e+01
    Region: "SiRegion"	RelError: 2.48666e-14	AbsError: 3.08725e+01
      Equation: "ElectronContinuityEquation"	RelError: 2.87581e-15	AbsError: 2.29393e+01
      Equation: "HoleContinuityEquation"	RelError: 1.41867e-15	AbsError: 7.93315e+00
      Equation: "PotentialEquation"	RelError: 2.05721e-14	AbsError: 1.11022e-16
Charge Relative Error 4.57916e-09
number of equations 5085
Iteration: 0
  Device: "BenchmarkDiode"	RelError: 2.11115e-14	AbsError: 2.28938e+01
    Region: "SiRegion"	RelError: 2.11115e-14	AbsError: 2.28938e+01
      Equation: "ElectronContinuityEquation"	RelError: 2.59380e-15	AbsError: 1.49510e+01
      Equation: "HoleContinuityEquation"	RelError: 1.45383e-15	AbsError: 7.94273e+00
      Equation: "PotentialEquation"	RelError: 1.70638e-14	AbsError: 1.12026e-16
Charge Relative Error 4.57916e-09
number of equations 5085
Iteration: 0
  Device: "BenchmarkDiode"	RelError: 9.85102e-15	AbsError: 2.80073e+01
    Region: "SiRegion"	RelError: 9.85102e-15	AbsError: 2.80073e+01
      Equation: "ElectronContinuityEquation"	RelError: 1.65795e-15	AbsError: 2.00230e+01
      Equation: "HoleContinuityEquation"	RelError: 1.50428e-15	AbsError: 7.98433e+00
      Equation: "PotentialEquation"	RelError: 6.68878e-15	AbsError: 1.11991e-16
Charge Relative Error 4.57916e-09
number of equations 5085
Iteration: 0
  Device: "BenchmarkDiode"	RelError: 1.17523e-14	AbsError: 2.17659e+01
    Region: "SiRegion"	RelError: 1.17523e-14	AbsError: 2.17659e+01
      Equation: "ElectronContinuityEquation"	RelError: 2.70366e-15	AbsError: 1.38369e+01
      Equation: "HoleContinuityEquation"	RelError: 1.29935e-15	AbsError: 7.92893e+00
      Equation: "PotentialEquation"	RelError: 7.74932e-15	AbsError: 1.12706e-16
Charge Relative Error 4.57916e-09
number of equations 5085
Iteration: 0
  Device: "BenchmarkDiode"	RelError: 2.53168e-14	AbsError: 3.03362e+01
    Region: "SiRegion"	RelError: 2.53168e-14	AbsError: 3.03362e+01
      Equation: "ElectronContinuityEquation"	RelError: 2.33938e-15	AbsError: 2.24031e+01
      Equation: "HoleContinuityEquation"	RelError: 1.62214e-15	AbsError: 7.93310e+00
      Equation: "PotentialEquation"	RelError: 2.13553e-14	AbsError: 1.11022e-16
Charge Relative Error 4.57916e-09
number of equations 5085
Iteration: 0
  Device: "BenchmarkDiode"	RelError: 2.91368e-14	AbsError: 2.22762e+01
    Region: "SiRegion"	RelError: 2.91368e-14	AbsError: 2.22762e+01
      Equation: "ElectronContinuityEquation"	RelError: 3.73090e-15	AbsError: 1.43328e+01
      Equation: "HoleContinuityEquation"	RelError: 1.86014e-15	AbsError: 7.94344e+00
      Equation: "PotentialEquation"	RelError: 2.35458e-14	AbsError: 1.12411e-16
Charge Relative Error 4.57916e-09
number of equations 5085
Iteration: 0
  Device: "BenchmarkDiode"	RelError: 1.60165e-14	AbsError: 2.79912e+01
    Region: "SiRegion"	RelError: 1.60165e-14	AbsError: 2.79912e+01
      Equation: "ElectronContinuityEquation"	RelError: 2.90248e-15	AbsError: 2.00075e+01
      Equation: "HoleContinuityEquation"	RelError: 1.44778e-15	AbsError: 7.98371e+00
      Equation: "PotentialEquation"	RelError: 1.16662e-14	AbsError: 1.11926e-16
Charge Relative Error 4.57916e-09
number of equations 5085
Iteration: 0
  Device: "BenchmarkDiode"	RelError: 1.91768e-14	AbsError: 2.16580e+01
    Region: "SiRegion"	RelError: 1.91768e-14	AbsError: 2.16580e+01
      Equation: "ElectronContinuityEquation"	RelError: 3.55872e-15	AbsError: 1.37291e+01
      Equation: "HoleContinuityEquation"	RelError: 1.56675e-15	AbsError: 7.92893e+00
      Equation: "PotentialEquation"	RelError: 1.40513e-14	AbsError: 1.12686e-16
Charge Relative Error 4.57916e-09
number of equations 5085
Iteration: 0
  Device: "BenchmarkDiode"	RelError: 2.80743e-14	AbsError: 3.07877e+01
    Region: "SiRegion"	RelError: 2.80743e-14	AbsError: 3.07877e+01
      Equation: "ElectronContinuityEquation"	RelError: 2.60785e-15	AbsError: 2.28547e+01
      Equation: "HoleContinuityEquation"	RelError: 2.18313e-15	AbsError: 7.93302e+00
      Equation: "PotentialEquation"	RelError: 2.32833e-14	AbsError: 1.14045e-16
Charge Relative Error 4.57916e-09
number of equations 5085
Iteration: 0
  Device: "BenchmarkDiode"	RelError: 2.32166e-14	AbsError: 2.29550e+01
    Region: "SiRegion"	RelError: 2.32166e-14	AbsError: 2.29550e+01
      Equation: "ElectronContinuityEquation"	RelError: 2.88114e-15	AbsError: 1.50126e+01
      Equation: "HoleContinuityEquation"	RelError: 2.47470e-15	AbsError: 7.94242e+00
      Equation: "PotentialEquation"	RelError: 1.78608e-14	AbsError: 1.11819e-16
Charge Relative Error 4.57916e-09
number of equations 5085
Iteration: 0
  Device: "BenchmarkDiode"	RelError: 1.37616e-14	AbsError: 2.79712e+01
    Region: "SiRegion"	RelError: 1.37616e-14	AbsError: 2.79712e+01
      Equation: "ElectronContinuityEquation"	RelError: 2.01869e-15	AbsError: 1.99876e+01
      Equation: "HoleContinuityEquation"	RelError: 1.29493e-15	AbsError: 7.98355e+00
      Equation: "PotentialEquation"	RelError: 1.04480e-14	AbsError: 1.11915e-16
Charge Relative Error 4.57916e-09
number of equations 5085
Iteration: 0
  Device: "BenchmarkDiode"	RelError: 1.12972e-14	AbsError: 2.15879e+01
    Region: "SiRegion"	RelError: 1.12972e-14	AbsError: 2.15879e+01
      Equation: "ElectronContinuityEquation"	RelError: 1.74619e-15	AbsError: 1.36589e+01
      Equation: "HoleContinuityEquation"	RelError: 7.21173e-16	AbsError: 7.92893e+00
      Equation: "PotentialEquation"	RelError: 8.82980e-15	AbsError: 1.12815e-16
Charge Relative Error 4.57916e-09
number of equations 5085
Iteration: 0
  Device: "BenchmarkDiode"	RelError: 1.28800e-14	AbsError: 2.79032e+01
    Region: "SiRegion"	RelError: 1.28800e-14	AbsError: 2.79032e+01
      Equation: "ElectronContinuityEquation"	RelError: 1.36124e-15	AbsError: 1.99692e+01
      Equation: "HoleContinuityEquation"	RelError: 1.42736e-15	AbsError: 7.93397e+00
      Equation: "PotentialEquation"	RelError: 1.00914e-14	AbsError: 1.11022e-16
Charge Relative Error 4.57916e-09
number of equations 5085
Iteration: 0
  Device: "BenchmarkDiode"	RelError: 1.61149e-14	AbsError: 2.16067e+01
    Region: "SiRegion"	RelError: 1.61149e-14	AbsError: 2.16067e+01
      Equation: "ElectronContinuityEquation"	RelError: 1.09836e-15	AbsError: 1.36635e+01
      Equation: "HoleContinuityEquation"	RelError: 1.90280e-15	AbsError: 7.94317e+00
      Equation: "PotentialEquation"	RelError: 1.31137e-14	AbsError: 1.12171e-16
Charge Relative Error 4.57916e-09
number of equations 5085
Iteration: 0
  Device: "BenchmarkDiode"	RelError: 1.56987e-14	AbsError: 2.79564e+01
    Region: "SiRegion"	RelError: 1.56987e-14	AbsError: 2.79564e+01
      Equation: "ElectronContinuityEquation"	RelError: 1.78612e-15	AbsError: 1.99731e+01
      Equation: "HoleContinuityEquation"	RelError: 2.27797e-15	AbsError: 7.98337e+00
      Equation: "PotentialEquation"	RelError: 1.16346e-14	AbsError: 1.11893e-16
Charge Relative Error 4.57916e-09
number of equations 5085
Iteration: 0
  Device: "BenchmarkDiode"	RelError: 1.41560e-14	AbsError: 2.15877e+01
    Region: "SiRegion"	RelError: 1.41560e-14	AbsError: 2.15877e+01
      Equation: "ElectronContinuityEquation"	RelError: 1.72271e-15	AbsError: 1.36588e+01
      Equation: "HoleContinuityEquation"	RelError: 3.01782e-15	AbsError: 7.92893e+00
      Equation: "PotentialEquation"	RelError: 9.41546e-15	AbsError: 1.12841e-16
Charge Relative Error 4.57916e-09
number of equations 5085
Iteration: 0
  Device: "BenchmarkDiode"	RelError: 1.34793e-14	AbsError: 2.79398e+01
    Region: "SiRegion"	RelError: 1.34793e-14	AbsError: 2.79398e+01
      Equation: "ElectronContinuityEquation"	RelError: 1.45629e-15	AbsError: 2.00051e+01
      Equation: "HoleContinuityEquation"	RelError: 2.83155e-15	AbsError: 7.93470e+00
      Equation: "PotentialEquation"	RelError: 9.19141e-15	AbsError: 1.11022e-16
Charge Relative Error 4.57916e-09
number of equations 5085
Iteration: 0
  Device: "BenchmarkDiode"	RelError: 1.91900e-14	AbsError: 2.16731e+01
    Region: "SiRegion"	RelError: 1.91900e-14	AbsError: 2.16731e+01
      Equation: "ElectronContinuityEquation"	RelError: 1.51555e-15	AbsError: 1.37296e+01
      Equation: "HoleContinuityEquation"	RelError: 2.23570e-15	AbsError: 7.94350e+00
      Equation: "PotentialEquation"	RelError: 1.54387e-14	AbsError: 1.12789e-16
Charge Relative Error 4.57916e-09
number of equations 5085
Iteration: 0
  Device: "BenchmarkDiode"	RelError: 2.77461e-14	AbsError: 3.08615e+01
    Region: "SiRegion"	RelError: 2.77461e-14	AbsError: 3.08615e+01
      Equation: "ElectronContinuityEquation"	RelError: 2.82378e-15	AbsError: 2.28792e+01
      Equation: "HoleContinuityEquation"	RelError: 1.97998e-15	AbsError: 7.98230e+00
      Equation: "PotentialEquation"	RelError: 2.29424e-14	AbsError: 1.12447e-16
Charge Relative Error 4.57916e-09
number of equations 5085
Iteration: 0
  Device: "BenchmarkDiode"	RelError: 2.22723e-14	AbsError: 2.26695e+01
    Region: "SiRegion"	RelError: 2.22723e-14	AbsError: 2.26695e+01
      Equation: "ElectronContinuityEquation"	RelError: 1.92497e-15	AbsError: 1.47405e+01
      Equation: "HoleContinuityEquation"	RelError: 2.63461e-15	AbsError: 7.92893e+00
      Equation: "PotentialEquation"	RelError: 1.77127e-14	AbsError: 1.12809e-16
Charge Relative Error 4.57916e-09
number of equations 5085
Iteration: 0
  Device: "BenchmarkDiode"	RelError: 1.33064e-14	AbsError: 2.79326e+01
    Region: "SiRegion"	RelError: 1.33064e-14	AbsError: 2.79326e+01
      Equation: "ElectronContinuityEquation"	RelError: 1.33269e-15	AbsError: 1.99982e+01
      Equation: "HoleContinuityEquation"	RelError: 2.73728e-15	AbsError: 7.93447e+00
      Equation: "PotentialEquation"	RelError: 9.23641e-15	AbsError: 1.11022e-16
Charge Relative Error 4.57916e-09
number of equations 5085
Iteration: 0
  Device: "BenchmarkDiode"	RelError: 1.51186e-14	AbsError: 2.17026e+01
    Region: "SiRegion"	RelError: 1.51186e-14	AbsError: 2.17026e+01
      Equation: "ElectronContinuityEquation"	RelError: 1.74109e-15	AbsError: 1.37591e+01
      Equation: "HoleContinuityEquation"	RelError: 2.20905e-15	AbsError: 7.94350e+00
      Equation: "PotentialEquation"	RelError: 1.11685e-14	AbsError: 1.12479e-16
Charge Relative Error 4.57916e-09
number of equations 5085
Iteration: 0
  Device: "BenchmarkDiode"	RelError: 1.50814e-14	AbsError: 2.79532e+01
    Region: "SiRegion"	RelError: 1.50814e-14	AbsError: 2.79532e+01
      Equation: "ElectronContinuityEquation"	RelError: 1.78533e-15	AbsError: 1.99696e+01
      Equation: "HoleContinuityEquation"	RelError: 2.51527e-15	AbsError: 7.98364e+00
      Equation: "PotentialEquation"	RelError: 1.07809e-14	AbsError: 1.11919e-16
Charge Relative Error 4.57916e-09
number of equations 5085
Iteration: 0
  Device: "BenchmarkDiode"	RelError: 1.30747e-14	AbsError: 2.15902e+01
    Region: "SiRegion"	RelError: 1.30747e-14	AbsError: 2.15902e+01
      Equation: "ElectronContinuityEquation"	RelError: 1.27111e-15	AbsError: 1.36613e+01
      Equation: "HoleContinuityEquation"	RelError: 3.15375e-15	AbsError: 7.92893e+00
      Equation: "PotentialEquation"	RelError: 8.64984e-15	AbsError: 1.12775e-16
Charge Relative Error 4.57916e-09
number of equations 5085
Iteration: 0
  Device: "BenchmarkDiode"	RelError: 1.75107e-14	AbsError: 2.78895e+01
    Region: "SiRegion"	RelError: 1.75107e-14	AbsError: 2.78895e+01
      Equation: "ElectronContinuityEquation"	RelError: 1.17882e-15	AbsError: 1.99553e+01
      Equation: "HoleContinuityEquation"	RelError: 2.31025e-15	AbsError: 7.93422e+00
      Equation: "PotentialEquation"	RelError: 1.40216e-14	AbsError: 1.11022e-16
Charge Relative Error 4.57916e-09
number of equations 5085
Iteration: 0
  Device: "BenchmarkDiode"	RelError: 2.01711e-14	AbsError: 2.16067e+01
    Region: "SiRegion"	RelError: 2.01711e-14	AbsError: 2.16067e+01
      Equation: "ElectronContinuityEquation"	RelError: 1.92316e-15	AbsError: 1.36637e+01
      Equation: "HoleContinuityEquation"	RelError: 1.95830e-15	AbsError: 7.94303e+00
      Equation: "PotentialEquation"	RelError: 1.62896e-14	AbsError: 1.12325e-16
Charge Relative Error 4.57916e-09
number of equations 5085
Iteration: 0
  Device: "BenchmarkDiode"	RelError: 1.52129e-14	AbsError: 2.79593e+01
    Region: "SiRegion"	RelError: 1.52129e-14	AbsError: 2.79593e+01
      Equation: "ElectronContinuityEquation"	RelError: 2.29356e-15	AbsError: 1.99754e+01
      Equation: "HoleContinuityEquation"	RelError: 1.52064e-15	AbsError: 7.98389e+00
      Equation: "PotentialEquation"	RelError: 1.13987e-14	AbsError: 1.11948e-16
Charge Relative Error 4.57916e-09
number of equations 5085
Iteration: 0
  Device: "BenchmarkDiode"	RelError: 1.37312e-14	AbsError: 2.15915e+01
    Region: "SiRegion"	RelError: 1.37312e-14	AbsError: 2.15915e+01
      Equation: "ElectronContinuityEquation"	RelError: 1.47325e-15	AbsError: 1.36626e+01
      Equation: "HoleContinuityEquation"	RelError: 2.33173e-15	AbsError: 7.92893e+00
      Equation: "PotentialEquation"	RelError: 9.92622e-15	AbsError: 1.12717e-16
Charge Relative Error 4.57916e-09
number of equations 5085
Iteration: 0
  Device: "BenchmarkDiode"	RelError: 1.34608e-14	AbsError: 2.79308e+01
    Region: "SiRegion"	RelError: 1.34608e-14	AbsError: 2.79308e+01
      Equation: "ElectronContinuityEquation"	RelError: 1.87434e-15	AbsError: 1.99960e+01
      Equation: "HoleContinuityEquation"	RelError: 2.67577e-15	AbsError: 7.93475e+00
      Equation: "PotentialEquation"	RelError: 8.91074e-15	AbsError: 1.12608e-16
Charge Relative Error 4.57916e-09
number of equations 5085
Iteration: 0
  Device: "BenchmarkDiode"	RelError: 1.34092e-14	AbsError: 2.19617e+01
    Region: "SiRegion"	RelError: 1.34092e-14	AbsError: 2.19617e+01
      Equation: "ElectronContinuityEquation"	RelError: 1.88793e-15	AbsError: 1.40182e+01
      Equation: "HoleContinuityEquation"	RelError: 2.11223e-15	AbsError: 7.94353e+00
      Equation: "PotentialEquation"	RelError: 9.40902e-15	AbsError: 1.12517e-16
Charge Relative Error 4.57916e-09
number of equations 5085
Iteration: 0
  Device: "BenchmarkDiode"	RelError: 1.54555e-14	AbsError: 2.79365e+01
    Region: "SiRegion"	RelError: 1.54555e-14	AbsError: 2.79365e+01
      Equation: "ElectronContinuityEquation"	RelError: 1.81405e-15	AbsError: 1.99532e+01
      Equation: "HoleContinuityEquation"	RelError: 1.71250e-15	AbsError: 7.98330e+00
      Equation: "PotentialEquation"	RelError: 1.19289e-14	AbsError: 1.11886e-16
Charge Relative Error 4.57916e-09
number of equations 5085
Iteration: 0
  Device: "BenchmarkDiode"	RelError: 1.44642e-14	AbsError: 2.15878e+01
    Region: "SiRegion"	RelError: 1.44642e-14	AbsError: 2.15878e+01
      Equation: "ElectronContinuityEquation"	RelError: 2.33609e-15	AbsError: 1.36589e+01
      Equation: "HoleContinuityEquation"	RelError: 2.52077e-15	AbsError: 7.92893e+00
      Equation: "PotentialEquation"	RelError: 9.60735e-15	AbsError: 1.12829e-16
Charge Relative Error 4.57916e-09
recovery_vfixed_tau_1e-06_dt_2e-09_mesh_2e-07: Qrr=4.614e-07 C, Irrm=4.524e+02 A, elapsed=2.42s
p_i
i_n
bot
 (region: SiRegion)
 (contact: top)
 (contact: bot)
number of equations 1695
Iteration: 0
  Device: "BenchmarkDiode"	RelError: 1.00000e+00	AbsError: 1.63902e-01
    Region: "SiRegion"	RelError: 1.00000e+00	AbsError: 1.63902e-01
      Equation: "PotentialEquation"	RelError: 1.00000e+00	AbsError: 1.63902e-01
Iteration: 1
  Device: "BenchmarkDiode"	RelError: 4.97944e-01	AbsError: 1.62430e-01
    Region: "SiRegion"	RelError: 4.97944e-01	AbsError: 1.62430e-01
      Equation: "PotentialEquation"	RelError: 4.97944e-01	AbsError: 1.62430e-01
Iteration: 2
  Device: "BenchmarkDiode"	RelError: 2.39824e+01	AbsError: 1.03408e-01
    Region: "SiRegion"	RelError: 2.39824e+01	AbsError: 1.03408e-01
      Equation: "PotentialEquation"	RelError: 2.39824e+01	AbsError: 1.03408e-01
Iteration: 3
  Device: "BenchmarkDiode"	RelError: 1.53991e+01	AbsError: 5.73651e-02
    Region: "SiRegion"	RelError: 1.53991e+01	AbsError: 5.73651e-02
      Equation: "PotentialEquation"	RelError: 1.53991e+01	AbsError: 5.73651e-02
Iteration: 4
  Device: "BenchmarkDiode"	RelError: 5.98642e+00	AbsError: 5.01960e-02
    Region: "SiRegion"	RelError: 5.98642e+00	AbsError: 5.01960e-02
      Equation: "PotentialEquation"	RelError: 5.98642e+00	AbsError: 5.01960e-02
Iteration: 5
  Device: "BenchmarkDiode"	RelError: 2.30820e+00	AbsError: 4.17220e-02
    Region: "SiRegion"	RelError: 2.30820e+00	AbsError: 4.17220e-02
      Equation: "PotentialEquation"	RelError: 2.30820e+00	AbsError: 4.17220e-02
Iteration: 6
  Device: "BenchmarkDiode"	RelError: 1.27440e+00	AbsError: 3.16681e-02
    Region: "SiRegion"	RelError: 1.27440e+00	AbsError: 3.16681e-02
      Equation: "PotentialEquation"	RelError: 1.27440e+00	AbsError: 3.16681e-02
Iteration: 7
  Device: "BenchmarkDiode"	RelError: 3.45009e-01	AbsError: 2.38740e-02
    Region: "SiRegion"	RelError: 3.45009e-01	AbsError: 2.38740e-02
      Equation: "PotentialEquation"	RelError: 3.45009e-01	AbsError: 2.38740e-02
Iteration: 8
  Device: "BenchmarkDiode"	RelError: 2.46584e-02	AbsError: 1.02888e-02
    Region: "SiRegion"	RelError: 2.46584e-02	AbsError: 1.02888e-02
      Equation: "PotentialEquation"	RelError: 2.46584e-02	AbsError: 1.02888e-02
Iteration: 9
  Device: "BenchmarkDiode"	RelError: 1.38055e-05	AbsError: 5.76038e-06
    Region: "SiRegion"	RelError: 1.38055e-05	AbsError: 5.76038e-06
      Equation: "PotentialEquation"	RelError: 1.38055e-05	AbsError: 5.76038e-06
Iteration: 10
  Device: "BenchmarkDiode"	RelError: 1.83872e-10	AbsError: 7.67209e-11
    Region: "SiRegion"	RelError: 1.83872e-10	AbsError: 7.67209e-11
      Equation: "PotentialEquation"	RelError: 1.83872e-10	AbsError: 7.67209e-11
Iteration: 11
  Device: "BenchmarkDiode"	RelError: 4.22940e-15	AbsError: 3.95529e-17
    Region: "SiRegion"	RelError: 4.22940e-15	AbsError: 3.95529e-17
      Equation: "PotentialEquation"	RelError: 4.22940e-15	AbsError: 3.95529e-17
Warning: Replacing equation with equation of the same name.
Region: SiRegion, Equation: PotentialEquation, Variable: Potential
number of equations 5085
Iteration: 0
  Device: "BenchmarkDiode"	RelError: 1.81124e-13	AbsError: 1.00800e+03
    Region: "SiRegion"	RelError: 1.81124e-13	AbsError: 1.00800e+03
      Equation: "ElectronContinuityEquation"	RelError: 1.00400e-14	AbsError: 4.96000e+02
      Equation: "HoleContinuityEquation"	RelError: 7.70527e-15	AbsError: 5.12000e+02
      Equation: "PotentialEquation"	RelError: 1.63379e-13	AbsError: 1.33092e-16
number of equations 5085
Iteration: 0
  Device: "BenchmarkDiode"	RelError: 5.61605e+02	AbsError: 2.64843e+15
    Region: "SiRegion"	RelError: 5.61605e+02	AbsError: 2.64843e+15
      Equation: "ElectronContinuityEquation"	RelError: 9.68302e-01	AbsError: 1.31751e+15
      Equation: "HoleContinuityEquation"	RelError: 9.68300e-01	AbsError: 1.33092e+15
      Equation: "PotentialEquation"	RelError: 5.59668e+02	AbsError: 8.96718e-02
Iteration: 1
  Device: "BenchmarkDiode"	RelError: 4.20250e+03	AbsError: 1.06011e+15
    Region: "SiRegion"	RelError: 4.20250e+03	AbsError: 1.06011e+15
      Equation: "ElectronContinuityEquation"	RelError: 9.64791e-01	AbsError: 5.15967e+14
      Equation: "HoleContinuityEquation"	RelError: 9.94407e-01	AbsError: 5.44146e+14
      Equation: "PotentialEquation"	RelError: 4.20054e+03	AbsError: 8.66950e-02
Iteration: 2
  Device: "BenchmarkDiode"	RelError: 7.11557e+02	AbsError: 4.74103e+14
    Region: "SiRegion"	RelError: 7.11557e+02	AbsError: 4.74103e+14
      Equation: "ElectronContinuityEquation"	RelError: 9.60128e-01	AbsError: 2.51466e+14
      Equation: "HoleContinuityEquation"	RelError: 9.94173e-01	AbsError: 2.22636e+14
      Equation: "PotentialEquation"	RelError: 7.09603e+02	AbsError: 8.34501e-02
Iteration: 3
  Device: "BenchmarkDiode"	RelError: 1.31574e+02	AbsError: 6.19735e+14
    Region: "SiRegion"	RelError: 1.31574e+02	AbsError: 6.19735e+14
      Equation: "ElectronContinuityEquation"	RelError: 9.54235e-01	AbsError: 3.42192e+14
      Equation: "HoleContinuityEquation"	RelError: 9.90898e-01	AbsError: 2.77543e+14
      Equation: "PotentialEquation"	RelError: 1.29629e+02	AbsError: 7.98885e-02
Iteration: 4
  Device: "BenchmarkDiode"	RelError: 2.91332e+03	AbsError: 1.47446e+15
    Region: "SiRegion"	RelError: 2.91332e+03	AbsError: 1.47446e+15
      Equation: "ElectronContinuityEquation"	RelError: 9.46725e-01	AbsError: 8.58428e+14
      Equation: "HoleContinuityEquation"	RelError: 9.84017e-01	AbsError: 6.16029e+14
      Equation: "PotentialEquation"	RelError: 2.91139e+03	AbsError: 7.59483e-02
Iteration: 5
  Device: "BenchmarkDiode"	RelError: 2.88586e+00	AbsError: 4.52392e+15
    Region: "SiRegion"	RelError: 2.88586e+00	AbsError: 4.52392e+15
      Equation: "ElectronContinuityEquation"	RelError: 9.36877e-01	AbsError: 2.05651e+15
      Equation: "HoleContinuityEquation"	RelError: 9.26125e-01	AbsError: 2.46741e+15
      Equation: "PotentialEquation"	RelError: 1.02285e+00	AbsError: 7.15491e-02
Iteration: 6
  Device: "BenchmarkDiode"	RelError: 2.08252e+00	AbsError: 3.28836e+15
    Region: "SiRegion"	RelError: 2.08252e+00	AbsError: 3.28836e+15
      Equation: "ElectronContinuityEquation"	RelError: 9.23504e-01	AbsError: 2.14820e+15
      Equation: "HoleContinuityEquation"	RelError: 6.71339e-01	AbsError: 1.14015e+15
      Equation: "PotentialEquation"	RelError: 4.87677e-01	AbsError: 6.65854e-02
Iteration: 7
  Device: "BenchmarkDiode"	RelError: 1.83373e+00	AbsError: 6.79781e+15
    Region: "SiRegion"	RelError: 1.83373e+00	AbsError: 6.79781e+15
      Equation: "ElectronContinuityEquation"	RelError: 9.04675e-01	AbsError: 3.94665e+15
      Equation: "HoleContinuityEquation"	RelError: 6.20542e-01	AbsError: 2.85115e+15
      Equation: "PotentialEquation"	RelError: 3.08511e-01	AbsError: 6.09160e-02
Iteration: 8
  Device: "BenchmarkDiode"	RelError: 1.79721e+00	AbsError: 1.27725e+16
    Region: "SiRegion"	RelError: 1.79721e+00	AbsError: 1.27725e+16
      Equation: "ElectronContinuityEquation"	RelError: 8.75311e-01	AbsError: 7.27571e+15
      Equation: "HoleContinuityEquation"	RelError: 7.06052e-01	AbsError: 5.49683e+15
      Equation: "PotentialEquation"	RelError: 2.15851e-01	AbsError: 5.43523e-02
Iteration: 9
  Device: "BenchmarkDiode"	RelError: 1.66460e+00	AbsError: 2.03099e+16
    Region: "SiRegion"	RelError: 1.66460e+00	AbsError: 2.03099e+16
      Equation: "ElectronContinuityEquation"	RelError: 8.22992e-01	AbsError: 1.15898e+16
      Equation: "HoleContinuityEquation"	RelError: 6.85315e-01	AbsError: 8.72008e+15
      Equation: "PotentialEquation"	RelError: 1.56294e-01	AbsError: 4.66461e-02
Iteration: 10
  Device: "BenchmarkDiode"	RelError: 1.39469e+00	AbsError: 2.14122e+16
    Region: "SiRegion"	RelError: 1.39469e+00	AbsError: 2.14122e+16
      Equation: "ElectronContinuityEquation"	RelError: 7.15565e-01	AbsError: 1.24380e+16
      Equation: "HoleContinuityEquation"	RelError: 5.67495e-01	AbsError: 8.97420e+15
      Equation: "PotentialEquation"	RelError: 1.11634e-01	AbsError: 3.75040e-02
Iteration: 11
  Device: "BenchmarkDiode"	RelError: 9.00426e-01	AbsError: 1.07573e+16
    Region: "SiRegion"	RelError: 9.00426e-01	AbsError: 1.07573e+16
      Equation: "ElectronContinuityEquation"	RelError: 4.87968e-01	AbsError: 6.33484e+15
      Equation: "HoleContinuityEquation"	RelError: 3.38760e-01	AbsError: 4.42246e+15
      Equation: "PotentialEquation"	RelError: 7.36980e-02	AbsError: 2.67290e-02
Iteration: 12
  Device: "BenchmarkDiode"	RelError: 2.96843e-01	AbsError: 1.80272e+15
    Region: "SiRegion"	RelError: 2.96843e-01	AbsError: 1.80272e+15
      Equation: "ElectronContinuityEquation"	RelError: 1.62783e-01	AbsError: 9.28382e+14
      Equation: "HoleContinuityEquation"	RelError: 8.16372e-02	AbsError: 8.74343e+14
      Equation: "PotentialEquation"	RelError: 5.24222e-02	AbsError: 2.00645e-02
Iteration: 13
  Device: "BenchmarkDiode"	RelError: 1.88738e-02	AbsError: 4.70765e+14
    Region: "SiRegion"	RelError: 1.88738e-02	AbsError: 4.70765e+14
      Equation: "ElectronContinuityEquation"	RelError: 1.23425e-02	AbsError: 2.74627e+14
      Equation: "HoleContinuityEquation"	RelError: 6.19646e-03	AbsError: 1.96138e+14
      Equation: "PotentialEquation"	RelError: 3.34818e-04	AbsError: 1.38121e-04
Iteration: 14
  Device: "BenchmarkDiode"	RelError: 2.99414e-05	AbsError: 6.96516e+11
    Region: "SiRegion"	RelError: 2.99414e-05	AbsError: 6.96516e+11
      Equation: "ElectronContinuityEquation"	RelError: 1.77588e-05	AbsError: 3.97523e+11
      Equation: "HoleContinuityEquation"	RelError: 1.08290e-05	AbsError: 2.98993e+11
      Equation: "PotentialEquation"	RelError: 1.35362e-06	AbsError: 5.58406e-07
Iteration: 15
  Device: "BenchmarkDiode"	RelError: 1.70632e-10	AbsError: 3.90951e+06
    Region: "SiRegion"	RelError: 1.70632e-10	AbsError: 3.90951e+06
      Equation: "ElectronContinuityEquation"	RelError: 8.12664e-11	AbsError: 2.06507e+06
      Equation: "HoleContinuityEquation"	RelError: 7.80599e-11	AbsError: 1.84444e+06
      Equation: "PotentialEquation"	RelError: 1.13052e-11	AbsError: 4.66310e-12
Iteration: 16
  Device: "BenchmarkDiode"	RelError: 8.08990e-15	AbsError: 1.61146e+02
    Region: "SiRegion"	RelError: 8.08990e-15	AbsError: 1.61146e+02
      Equation: "ElectronContinuityEquation"	RelError: 2.90423e-15	AbsError: 8.01598e+01
      Equation: "HoleContinuityEquation"	RelError: 5.00161e-15	AbsError: 8.09860e+01
      Equation: "PotentialEquation"	RelError: 1.84058e-16	AbsError: 7.56371e-17
number of equations 5085
Iteration: 0
  Device: "BenchmarkDiode"	RelError: 3.40355e-15	AbsError: 8.25312e+01
    Region: "SiRegion"	RelError: 3.40355e-15	AbsError: 8.25312e+01
      Equation: "ElectronContinuityEquation"	RelError: 1.97004e-15	AbsError: 3.97460e+01
      Equation: "HoleContinuityEquation"	RelError: 1.32878e-15	AbsError: 4.27852e+01
      Equation: "PotentialEquation"	RelError: 1.04725e-16	AbsError: 4.27335e-17
number of equations 5085
Iteration: 0
  Device: "BenchmarkDiode"	RelError: 1.33412e-15	AbsError: 4.96515e+01
    Region: "SiRegion"	RelError: 1.33412e-15	AbsError: 4.96515e+01
      Equation: "ElectronContinuityEquation"	RelError: 5.18048e-16	AbsError: 2.38212e+01
      Equation: "HoleContinuityEquation"	RelError: 6.98560e-16	AbsError: 2.58303e+01
      Equation: "PotentialEquation"	RelError: 1.17511e-16	AbsError: 4.67239e-17
Charge Relative Error 1.60217e-09
number of equations 5085
Iteration: 0
  Device: "BenchmarkDiode"	RelError: 2.09935e-15	AbsError: 5.06911e+01
    Region: "SiRegion"	RelError: 2.09935e-15	AbsError: 5.06911e+01
      Equation: "ElectronContinuityEquation"	RelError: 1.11323e-15	AbsError: 2.54428e+01
      Equation: "HoleContinuityEquation"	RelError: 8.58916e-16	AbsError: 2.52482e+01
      Equation: "PotentialEquation"	RelError: 1.27198e-16	AbsError: 5.34459e-17
Charge Relative Error 1.60217e-09
number of equations 5085
Iteration: 0
  Device: "BenchmarkDiode"	RelError: 2.69629e-15	AbsError: 7.06077e+01
    Region: "SiRegion"	RelError: 2.69629e-15	AbsError: 7.06077e+01
      Equation: "ElectronContinuityEquation"	RelError: 1.29462e-15	AbsError: 3.57434e+01
      Equation: "HoleContinuityEquation"	RelError: 1.26281e-15	AbsError: 3.48643e+01
      Equation: "PotentialEquation"	RelError: 1.38863e-16	AbsError: 5.83793e-17
Charge Relative Error 1.60217e-09
number of equations 5085
Iteration: 0
  Device: "BenchmarkDiode"	RelError: 2.19250e-15	AbsError: 5.71761e+01
    Region: "SiRegion"	RelError: 2.19250e-15	AbsError: 5.71761e+01
      Equation: "ElectronContinuityEquation"	RelError: 1.14260e-15	AbsError: 2.94720e+01
      Equation: "HoleContinuityEquation"	RelError: 9.17122e-16	AbsError: 2.77041e+01
      Equation: "PotentialEquation"	RelError: 1.32778e-16	AbsError: 5.16721e-17
Charge Relative Error 1.60217e-09
number of equations 5085
Iteration: 0
  Device: "BenchmarkDiode"	RelError: 1.87267e-15	AbsError: 6.11541e+01
    Region: "SiRegion"	RelError: 1.87267e-15	AbsError: 6.11541e+01
      Equation: "ElectronContinuityEquation"	RelError: 9.27391e-16	AbsError: 3.64941e+01
      Equation: "HoleContinuityEquation"	RelError: 8.33421e-16	AbsError: 2.46599e+01
      Equation: "PotentialEquation"	RelError: 1.11860e-16	AbsError: 4.25993e-17
Charge Relative Error 1.60217e-09
number of equations 5085
Iteration: 0
  Device: "BenchmarkDiode"	RelError: 2.48138e-15	AbsError: 6.48694e+01
    Region: "SiRegion"	RelError: 2.48138e-15	AbsError: 6.48694e+01
      Equation: "ElectronContinuityEquation"	RelError: 1.18713e-15	AbsError: 3.27661e+01
      Equation: "HoleContinuityEquation"	RelError: 1.16316e-15	AbsError: 3.21033e+01
      Equation: "PotentialEquation"	RelError: 1.31087e-16	AbsError: 5.10404e-17
Charge Relative Error 1.60217e-09
number of equations 5085
Iteration: 0
  Device: "BenchmarkDiode"	RelError: 2.53742e-15	AbsError: 4.97446e+01
    Region: "SiRegion"	RelError: 2.53742e-15	AbsError: 4.97446e+01
      Equation: "ElectronContinuityEquation"	RelError: 7.15244e-16	AbsError: 2.81027e+01
      Equation: "HoleContinuityEquation"	RelError: 1.68264e-15	AbsError: 2.16418e+01
      Equation: "PotentialEquation"	RelError: 1.39543e-16	AbsError: 5.55250e-17
Charge Relative Error 1.60217e-09
number of equations 5085
Iteration: 0
  Device: "BenchmarkDiode"	RelError: 2.39779e-15	AbsError: 6.23945e+01
    Region: "SiRegion"	RelError: 2.39779e-15	AbsError: 6.23945e+01
      Equation: "ElectronContinuityEquation"	RelError: 1.16433e-15	AbsError: 3.21362e+01
      Equation: "HoleContinuityEquation"	RelError: 1.09633e-15	AbsError: 3.02584e+01
      Equation: "PotentialEquation"	RelError: 1.37129e-16	AbsError: 5.36829e-17
Charge Relative Error 1.60217e-09
number of equations 5085
Iteration: 0
  Device: "BenchmarkDiode"	RelError: 2.07717e-15	AbsError: 4.96107e+01
    Region: "SiRegion"	RelError: 2.07717e-15	AbsError: 4.96107e+01
      Equation: "ElectronContinuityEquation"	RelError: 9.16431e-16	AbsError: 2.52941e+01
      Equation: "HoleContinuityEquation"	RelError: 1.04843e-15	AbsError: 2.43167e+01
      Equation: "PotentialEquation"	RelError: 1.12314e-16	AbsError: 4.48349e-17
Charge Relative Error 1.60217e-09
number of equations 5085
Iteration: 0
  Device: "BenchmarkDiode"	RelError: 2.28386e-15	AbsError: 4.87865e+01
    Region: "SiRegion"	RelError: 2.28386e-15	AbsError: 4.87865e+01
      Equation: "ElectronContinuityEquation"	RelError: 1.07204e-15	AbsError: 2.51149e+01
      Equation: "HoleContinuityEquation"	RelError: 1.10279e-15	AbsError: 2.36716e+01
      Equation: "PotentialEquation"	RelError: 1.09031e-16	AbsError: 4.41894e-17
Charge Relative Error 1.60217e-09
number of equations 5085
Iteration: 0
  Device: "BenchmarkDiode"	RelError: 1.99840e+03	AbsError: 2.11753e+17
    Region: "SiRegion"	RelError: 1.99840e+03	AbsError: 2.11753e+17
      Equation: "ElectronContinuityEquation"	RelError: 9.99000e+02	AbsError: 1.05867e+17
      Equation: "HoleContinuityEquation"	RelError: 9.99000e+02	AbsError: 1.05886e+17
      Equation: "PotentialEquation"	RelError: 4.04434e-01	AbsError: 1.10220e-01
Iteration: 1
  Device: "BenchmarkDiode"	RelError: 2.66195e+00	AbsError: 2.31849e+17
    Region: "SiRegion"	RelError: 2.66195e+00	AbsError: 2.31849e+17
      Equation: "ElectronContinuityEquation"	RelError: 9.99280e-01	AbsError: 1.47237e+17
      Equation: "HoleContinuityEquation"	RelError: 9.98882e-01	AbsError: 8.46113e+16
      Equation: "PotentialEquation"	RelError: 6.63791e-01	AbsError: 1.28762e-01
Iteration: 2
  Device: "BenchmarkDiode"	RelError: 1.99988e+03	AbsError: 1.42896e+17
    Region: "SiRegion"	RelError: 1.99988e+03	AbsError: 1.42896e+17
      Equation: "ElectronContinuityEquation"	RelError: 9.99000e+02	AbsError: 7.44600e+16
      Equation: "HoleContinuityEquation"	RelError: 9.99000e+02	AbsError: 6.84356e+16
      Equation: "PotentialEquation"	RelError: 1.87542e+00	AbsError: 1.06913e-01
Iteration: 3
  Device: "BenchmarkDiode"	RelError: 1.40929e+02	AbsError: 1.59982e+17
    Region: "SiRegion"	RelError: 1.40929e+02	AbsError: 1.59982e+17
      Equation: "ElectronContinuityEquation"	RelError: 9.98938e-01	AbsError: 5.13823e+16
      Equation: "HoleContinuityEquation"	RelError: 9.99648e-01	AbsError: 1.08600e+17
      Equation: "PotentialEquation"	RelError: 1.38930e+02	AbsError: 1.32954e-01
Iteration: 4
  Device: "BenchmarkDiode"	RelError: 5.00583e+03	AbsError: 6.75297e+16
    Region: "SiRegion"	RelError: 5.00583e+03	AbsError: 6.75297e+16
      Equation: "ElectronContinuityEquation"	RelError: 9.99000e+02	AbsError: 2.26451e+16
      Equation: "HoleContinuityEquation"	RelError: 3.99073e+03	AbsError: 4.48847e+16
      Equation: "PotentialEquation"	RelError: 1.60983e+01	AbsError: 1.03248e-01
Iteration: 5
  Device: "BenchmarkDiode"	RelError: 1.20533e+03	AbsError: 5.76843e+16
    Region: "SiRegion"	RelError: 1.20533e+03	AbsError: 5.76843e+16
      Equation: "ElectronContinuityEquation"	RelError: 9.99238e-01	AbsError: 3.99904e+16
      Equation: "HoleContinuityEquation"	RelError: 9.99000e+02	AbsError: 1.76939e+16
      Equation: "PotentialEquation"	RelError: 2.05327e+02	AbsError: 1.01261e-01
Iteration: 6
  Device: "BenchmarkDiode"	RelError: 1.22862e+04	AbsError: 5.07151e+16
    Region: "SiRegion"	RelError: 1.22862e+04	AbsError: 5.07151e+16
      Equation: "ElectronContinuityEquation"	RelError: 1.47772e+03	AbsError: 3.62273e+16
      Equation: "HoleContinuityEquation"	RelError: 1.05750e+04	AbsError: 1.44878e+16
      Equation: "PotentialEquation"	RelError: 2.33553e+02	AbsError: 9.91428e-02
Iteration: 7
  Device: "BenchmarkDiode"	RelError: 1.88177e+02	AbsError: 2.85802e+16
    Region: "SiRegion"	RelError: 1.88177e+02	AbsError: 2.85802e+16
      Equation: "ElectronContinuityEquation"	RelError: 9.98978e-01	AbsError: 1.62848e+16
      Equation: "HoleContinuityEquation"	RelError: 9.99877e-01	AbsError: 1.22954e+16
      Equation: "PotentialEquation"	RelError: 1.86178e+02	AbsError: 9.68908e-02
Iteration: 8
  Device: "BenchmarkDiode"	RelError: 9.40979e+03	AbsError: 2.78263e+16
    Region: "SiRegion"	RelError: 9.40979e+03	AbsError: 2.78263e+16
      Equation: "ElectronContinuityEquation"	RelError: 5.91895e+03	AbsError: 1.08086e+16
      Equation: "HoleContinuityEquation"	RelError: 2.09559e+03	AbsError: 1.70177e+16
      Equation: "PotentialEquation"	RelError: 1.39525e+03	AbsError: 9.44829e-02
Iteration: 9
  Device: "BenchmarkDiode"	RelError: 1.04295e+03	AbsError: 1.71106e+16
    Region: "SiRegion"	RelError: 1.04295e+03	AbsError: 1.71106e+16
      Equation: "ElectronContinuityEquation"	RelError: 9.99707e-01	AbsError: 9.98160e+15
      Equation: "HoleContinuityEquation"	RelError: 9.99000e+02	AbsError: 7.12899e+15
      Equation: "PotentialEquation"	RelError: 4.29485e+01	AbsError: 9.18974e-02
Iteration: 10
  Device: "BenchmarkDiode"	RelError: 2.10936e+03	AbsError: 1.22468e+16
    Region: "SiRegion"	RelError: 2.10936e+03	AbsError: 1.22468e+16
      Equation: "ElectronContinuityEquation"	RelError: 9.99000e+02	AbsError: 5.58827e+15
      Equation: "HoleContinuityEquation"	RelError: 9.99000e+02	AbsError: 6.65853e+15
      Equation: "PotentialEquation"	RelError: 1.11363e+02	AbsError: 8.91078e-02
Iteration: 11
  Device: "BenchmarkDiode"	RelError: 1.18998e+03	AbsError: 1.22670e+16
    Region: "SiRegion"	RelError: 1.18998e+03	AbsError: 1.22670e+16
      Equation: "ElectronContinuityEquation"	RelError: 9.98962e-01	AbsError: 2.37338e+15
      Equation: "HoleContinuityEquation"	RelError: 9.99000e+02	AbsError: 9.89366e+15
      Equation: "PotentialEquation"	RelError: 1.89980e+02	AbsError: 8.60818e-02
Iteration: 12
  Device: "BenchmarkDiode"	RelError: 2.12149e+03	AbsError: 6.58246e+15
    Region: "SiRegion"	RelError: 2.12149e+03	AbsError: 6.58246e+15
      Equation: "ElectronContinuityEquation"	RelError: 9.99000e+02	AbsError: 8.14364e+14
      Equation: "HoleContinuityEquation"	RelError: 9.99000e+02	AbsError: 5.76810e+15
      Equation: "PotentialEquation"	RelError: 1.23487e+02	AbsError: 8.27791e-02
Iteration: 13
  Device: "BenchmarkDiode"	RelError: 3.33487e+02	AbsError: 4.35269e+15
    Region: "SiRegion"	RelError: 3.33487e+02	AbsError: 4.35269e+15
      Equation: "ElectronContinuityEquation"	RelError: 9.99021e-01	AbsError: 8.91682e+14
      Equation: "HoleContinuityEquation"	RelError: 7.78652e+00	AbsError: 3.46101e+15
      Equation: "PotentialEquation"	RelError: 3.24701e+02	AbsError: 7.91487e-02
Iteration: 14
  Device: "BenchmarkDiode"	RelError: 2.41880e+03	AbsError: 3.43693e+15
    Region: "SiRegion"	RelError: 2.41880e+03	AbsError: 3.43693e+15
      Equation: "ElectronContinuityEquation"	RelError: 9.99000e+02	AbsError: 6.30320e+14
      Equation: "HoleContinuityEquation"	RelError: 1.35430e+03	AbsError: 2.80661e+15
      Equation: "PotentialEquation"	RelError: 6.54977e+01	AbsError: 7.51256e-02
Iteration: 15
  Device: "BenchmarkDiode"	RelError: 4.60077e+01	AbsError: 2.13721e+15
    Region: "SiRegion"	RelError: 4.60077e+01	AbsError: 2.13721e+15
      Equation: "ElectronContinuityEquation"	RelError: 9.98870e-01	AbsError: 2.45077e+14
      Equation: "HoleContinuityEquation"	RelError: 9.98818e-01	AbsError: 1.89213e+15
      Equation: "PotentialEquation"	RelError: 4.40101e+01	AbsError: 7.06251e-02
Iteration: 16
  Device: "BenchmarkDiode"	RelError: 5.42276e+00	AbsError: 1.05652e+15
    Region: "SiRegion"	RelError: 5.42276e+00	AbsError: 1.05652e+15
      Equation: "ElectronContinuityEquation"	RelError: 2.52377e+00	AbsError: 1.52320e+14
      Equation: "HoleContinuityEquation"	RelError: 9.20105e-01	AbsError: 9.04203e+14
      Equation: "PotentialEquation"	RelError: 1.97888e+00	AbsError: 6.55355e-02
Iteration: 17
  Device: "BenchmarkDiode"	RelError: 2.03128e+01	AbsError: 5.55853e+14
    Region: "SiRegion"	RelError: 2.03128e+01	AbsError: 5.55853e+14
      Equation: "ElectronContinuityEquation"	RelError: 5.87338e-01	AbsError: 7.74801e+13
      Equation: "HoleContinuityEquation"	RelError: 3.68342e-01	AbsError: 4.78373e+14
      Equation: "PotentialEquation"	RelError: 1.93571e+01	AbsError: 5.97076e-02
Iteration: 18
  Device: "BenchmarkDiode"	RelError: 3.47833e+00	AbsError: 2.60011e+14
    Region: "SiRegion"	RelError: 3.47833e+00	AbsError: 2.60011e+14
      Equation: "ElectronContinuityEquation"	RelError: 3.55163e-01	AbsError: 3.15928e+13
      Equation: "HoleContinuityEquation"	RelError: 1.68544e-01	AbsError: 2.28418e+14
      Equation: "PotentialEquation"	RelError: 2.95462e+00	AbsError: 5.29415e-02
Iteration: 19
  Device: "BenchmarkDiode"	RelError: 5.07772e-01	AbsError: 9.15490e+13
    Region: "SiRegion"	RelError: 5.07772e-01	AbsError: 9.15490e+13
      Equation: "ElectronContinuityEquation"	RelError: 1.04810e-01	AbsError: 9.60279e+12
      Equation: "HoleContinuityEquation"	RelError: 6.74596e-02	AbsError: 8.19462e+13
      Equation: "PotentialEquation"	RelError: 3.35502e-01	AbsError: 4.49775e-02
Iteration: 20
  Device: "BenchmarkDiode"	RelError: 1.75407e-01	AbsError: 2.16407e+13
    Region: "SiRegion"	RelError: 1.75407e-01	AbsError: 2.16407e+13
      Equation: "ElectronContinuityEquation"	RelError: 2.44388e-02	AbsError: 2.04586e+12
      Equation: "HoleContinuityEquation"	RelError: 1.61580e-02	AbsError: 1.95948e+13
      Equation: "PotentialEquation"	RelError: 1.34810e-01	AbsError: 3.55223e-02
Iteration: 21
  Device: "BenchmarkDiode"	RelError: 3.10873e-02	AbsError: 5.03793e+12
    Region: "SiRegion"	RelError: 3.10873e-02	AbsError: 5.03793e+12
      Equation: "ElectronContinuityEquation"	RelError: 4.07966e-03	AbsError: 3.23314e+11
      Equation: "HoleContinuityEquation"	RelError: 2.70982e-03	AbsError: 4.71462e+12
      Equation: "PotentialEquation"	RelError: 2.42978e-02	AbsError: 2.58903e-02
Iteration: 22
  Device: "BenchmarkDiode"	RelError: 1.34249e-02	AbsError: 3.02853e+12
    Region: "SiRegion"	RelError: 1.34249e-02	AbsError: 3.02853e+12
      Equation: "ElectronContinuityEquation"	RelError: 9.53738e-04	AbsError: 7.55120e+10
      Equation: "HoleContinuityEquation"	RelError: 1.03154e-03	AbsError: 2.95302e+12
      Equation: "PotentialEquation"	RelError: 1.14397e-02	AbsError: 1.62129e-02
Iteration: 23
  Device: "BenchmarkDiode"	RelError: 8.05247e-03	AbsError: 2.84095e+12
    Region: "SiRegion"	RelError: 8.05247e-03	AbsError: 2.84095e+12
      Equation: "ElectronContinuityEquation"	RelError: 2.26608e-04	AbsError: 1.42825e+10
      Equation: "HoleContinuityEquation"	RelError: 9.86431e-04	AbsError: 2.82667e+12
      Equation: "PotentialEquation"	RelError: 6.83943e-03	AbsError: 2.89880e-06
Iteration: 24
  Device: "BenchmarkDiode"	RelError: 6.99260e-08	AbsError: 1.61413e+07
    Region: "SiRegion"	RelError: 6.99260e-08	AbsError: 1.61413e+07
      Equation: "ElectronContinuityEquation"	RelError: 2.24571e-09	AbsError: 9.34364e+04
      Equation: "HoleContinuityEquation"	RelError: 8.28546e-09	AbsError: 1.60478e+07
      Equation: "PotentialEquation"	RelError: 5.93949e-08	AbsError: 2.15618e-11
Iteration: 25
  Device: "BenchmarkDiode"	RelError: 4.14986e-13	AbsError: 7.53828e+01
    Region: "SiRegion"	RelError: 4.14986e-13	AbsError: 7.53828e+01
      Equation: "ElectronContinuityEquation"	RelError: 1.58951e-15	AbsError: 3.00837e+01
      Equation: "HoleContinuityEquation"	RelError: 1.40835e-15	AbsError: 4.52991e+01
      Equation: "PotentialEquation"	RelError: 4.11988e-13	AbsError: 1.51835e-16
Charge Relative Error 9.97938e-01
number of equations 5085
Iteration: 0
  Device: "BenchmarkDiode"	RelError: 2.15634e+04	AbsError: 1.32501e+16
    Region: "SiRegion"	RelError: 2.15634e+04	AbsError: 1.32501e+16
      Equation: "ElectronContinuityEquation"	RelError: 1.31965e+03	AbsError: 3.63155e+15
      Equation: "HoleContinuityEquation"	RelError: 1.99817e+04	AbsError: 9.61854e+15
      Equation: "PotentialEquation"	RelError: 2.62046e+02	AbsError: 6.42883e-02
Iteration: 1
  Device: "BenchmarkDiode"	RelError: 5.83158e+02	AbsError: 4.00232e+15
    Region: "SiRegion"	RelError: 5.83158e+02	AbsError: 4.00232e+15
      Equation: "ElectronContinuityEquation"	RelError: 4.31680e+00	AbsError: 6.26641e+14
      Equation: "HoleContinuityEquation"	RelError: 1.04499e+00	AbsError: 3.37568e+15
      Equation: "PotentialEquation"	RelError: 5.77796e+02	AbsError: 6.81971e-02
Iteration: 2
  Device: "BenchmarkDiode"	RelError: 1.49048e+04	AbsError: 1.46459e+15
    Region: "SiRegion"	RelError: 1.49048e+04	AbsError: 1.46459e+15
      Equation: "ElectronContinuityEquation"	RelError: 1.37615e+04	AbsError: 5.04139e+14
      Equation: "HoleContinuityEquation"	RelError: 9.99000e+02	AbsError: 9.60447e+14
      Equation: "PotentialEquation"	RelError: 1.44274e+02	AbsError: 6.54795e-02
Iteration: 3
  Device: "BenchmarkDiode"	RelError: 1.36641e+01	AbsError: 4.61179e+14
    Region: "SiRegion"	RelError: 1.36641e+01	AbsError: 4.61179e+14
      Equation: "ElectronContinuityEquation"	RelError: 2.93021e+00	AbsError: 2.72216e+14
      Equation: "HoleContinuityEquation"	RelError: 9.98637e-01	AbsError: 1.88964e+14
      Equation: "PotentialEquation"	RelError: 9.73523e+00	AbsError: 5.89178e-02
Iteration: 4
  Device: "BenchmarkDiode"	RelError: 2.04283e+01	AbsError: 2.50155e+14
    Region: "SiRegion"	RelError: 2.04283e+01	AbsError: 2.50155e+14
      Equation: "ElectronContinuityEquation"	RelError: 4.91030e+00	AbsError: 1.27723e+14
      Equation: "HoleContinuityEquation"	RelError: 4.44474e+00	AbsError: 1.22432e+14
      Equation: "PotentialEquation"	RelError: 1.10733e+01	AbsError: 5.25272e-02
Iteration: 5
  Device: "BenchmarkDiode"	RelError: 5.41106e+00	AbsError: 7.92108e+13
    Region: "SiRegion"	RelError: 5.41106e+00	AbsError: 7.92108e+13
      Equation: "ElectronContinuityEquation"	RelError: 7.86646e-01	AbsError: 2.95727e+13
      Equation: "HoleContinuityEquation"	RelError: 6.90768e-01	AbsError: 4.96381e+13
      Equation: "PotentialEquation"	RelError: 3.93365e+00	AbsError: 4.45533e-02
Iteration: 6
  Device: "BenchmarkDiode"	RelError: 8.38637e-01	AbsError: 2.86158e+13
    Region: "SiRegion"	RelError: 8.38637e-01	AbsError: 2.86158e+13
      Equation: "ElectronContinuityEquation"	RelError: 4.32281e-01	AbsError: 9.54588e+12
      Equation: "HoleContinuityEquation"	RelError: 2.53732e-01	AbsError: 1.90699e+13
      Equation: "PotentialEquation"	RelError: 1.52624e-01	AbsError: 3.48871e-02
Iteration: 7
  Device: "BenchmarkDiode"	RelError: 3.35374e-01	AbsError: 6.82825e+12
    Region: "SiRegion"	RelError: 3.35374e-01	AbsError: 6.82825e+12
      Equation: "ElectronContinuityEquation"	RelError: 1.03026e-01	AbsError: 2.21033e+12
      Equation: "HoleContinuityEquation"	RelError: 4.39718e-02	AbsError: 4.61792e+12
      Equation: "PotentialEquation"	RelError: 1.88376e-01	AbsError: 2.57831e-02
Iteration: 8
  Device: "BenchmarkDiode"	RelError: 5.74565e-02	AbsError: 1.00025e+12
    Region: "SiRegion"	RelError: 5.74565e-02	AbsError: 1.00025e+12
      Equation: "ElectronContinuityEquation"	RelError: 1.95952e-02	AbsError: 5.71143e+11
      Equation: "HoleContinuityEquation"	RelError: 5.75938e-04	AbsError: 4.29103e+11
      Equation: "PotentialEquation"	RelError: 3.72854e-02	AbsError: 1.52106e-02
Iteration: 9
  Device: "BenchmarkDiode"	RelError: 6.54033e-03	AbsError: 9.79435e+10
    Region: "SiRegion"	RelError: 6.54033e-03	AbsError: 9.79435e+10
      Equation: "ElectronContinuityEquation"	RelError: 5.12489e-03	AbsError: 7.60804e+10
      Equation: "HoleContinuityEquation"	RelError: 3.53705e-05	AbsError: 2.18631e+10
      Equation: "PotentialEquation"	RelError: 1.38007e-03	AbsError: 2.35878e-06
Iteration: 10
  Device: "BenchmarkDiode"	RelError: 4.20145e-09	AbsError: 6.81013e+04
    Region: "SiRegion"	RelError: 4.20145e-09	AbsError: 6.81013e+04
      Equation: "ElectronContinuityEquation"	RelError: 3.64766e-09	AbsError: 5.05988e+04
      Equation: "HoleContinuityEquation"	RelError: 3.89463e-11	AbsError: 1.75026e+04
      Equation: "PotentialEquation"	RelError: 5.14842e-10	AbsError: 5.71791e-13
Iteration: 11
  Device: "BenchmarkDiode"	RelError: 2.26109e-14	AbsError: 5.71671e+01
    Region: "SiRegion"	RelError: 2.26109e-14	AbsError: 5.71671e+01
      Equation: "ElectronContinuityEquation"	RelError: 1.20880e-15	AbsError: 2.69908e+01
      Equation: "HoleContinuityEquation"	RelError: 1.61152e-15	AbsError: 3.01763e+01
      Equation: "PotentialEquation"	RelError: 1.97906e-14	AbsError: 1.60102e-16
Charge Relative Error 1.00000e+00
number of equations 5085
Iteration: 0
  Device: "BenchmarkDiode"	RelError: 6.51402e+03	AbsError: 1.84222e+15
    Region: "SiRegion"	RelError: 6.51402e+03	AbsError: 1.84222e+15
      Equation: "ElectronContinuityEquation"	RelError: 2.77795e+03	AbsError: 2.88985e+14
      Equation: "HoleContinuityEquation"	RelError: 3.70895e+03	AbsError: 1.55323e+15
      Equation: "PotentialEquation"	RelError: 2.71118e+01	AbsError: 3.55594e-02
Iteration: 1
  Device: "BenchmarkDiode"	RelError: 1.38100e+01	AbsError: 1.02889e+14
    Region: "SiRegion"	RelError: 1.38100e+01	AbsError: 1.02889e+14
      Equation: "ElectronContinuityEquation"	RelError: 5.22401e+00	AbsError: 2.64885e+13
      Equation: "HoleContinuityEquation"	RelError: 1.53601e+00	AbsError: 7.64002e+13
      Equation: "PotentialEquation"	RelError: 7.05002e+00	AbsError: 2.58964e-02
Iteration: 2
  Device: "BenchmarkDiode"	RelError: 2.95555e+00	AbsError: 7.51421e+12
    Region: "SiRegion"	RelError: 2.95555e+00	AbsError: 7.51421e+12
      Equation: "ElectronContinuityEquation"	RelError: 2.32786e+00	AbsError: 1.58166e+12
      Equation: "HoleContinuityEquation"	RelError: 4.09564e-01	AbsError: 5.93255e+12
      Equation: "PotentialEquation"	RelError: 2.18134e-01	AbsError: 1.76332e-02
Iteration: 3
  Device: "BenchmarkDiode"	RelError: 2.26026e-01	AbsError: 4.45305e+11
    Region: "SiRegion"	RelError: 2.26026e-01	AbsError: 4.45305e+11
      Equation: "ElectronContinuityEquation"	RelError: 1.78560e-01	AbsError: 3.54171e+10
      Equation: "HoleContinuityEquation"	RelError: 4.25358e-02	AbsError: 4.09888e+11
      Equation: "PotentialEquation"	RelError: 4.93052e-03	AbsError: 9.70126e-06
Iteration: 4
  Device: "BenchmarkDiode"	RelError: 2.78736e-06	AbsError: 4.18455e+06
    Region: "SiRegion"	RelError: 2.78736e-06	AbsError: 4.18455e+06
      Equation: "ElectronContinuityEquation"	RelError: 2.33262e-06	AbsError: 5.82948e+05
      Equation: "HoleContinuityEquation"	RelError: 3.83424e-07	AbsError: 3.60160e+06
      Equation: "PotentialEquation"	RelError: 7.13175e-08	AbsError: 8.78448e-11
Iteration: 5
  Device: "BenchmarkDiode"	RelError: 1.08606e-14	AbsError: 6.08815e+01
    Region: "SiRegion"	RelError: 1.08606e-14	AbsError: 6.08815e+01
      Equation: "ElectronContinuityEquation"	RelError: 1.63799e-15	AbsError: 3.32015e+01
      Equation: "HoleContinuityEquation"	RelError: 1.10783e-15	AbsError: 2.76800e+01
      Equation: "PotentialEquation"	RelError: 8.11473e-15	AbsError: 1.18888e-16
Charge Relative Error 1.00000e+00
number of equations 5085
Iteration: 0
  Device: "BenchmarkDiode"	RelError: 2.67772e+02	AbsError: 8.90771e+13
    Region: "SiRegion"	RelError: 2.67772e+02	AbsError: 8.90771e+13
      Equation: "ElectronContinuityEquation"	RelError: 1.87950e+02	AbsError: 1.82928e+13
      Equation: "HoleContinuityEquation"	RelError: 7.83103e+01	AbsError: 7.07842e+13
      Equation: "PotentialEquation"	RelError: 1.51156e+00	AbsError: 3.24224e-03
Iteration: 1
  Device: "BenchmarkDiode"	RelError: 6.96792e-01	AbsError: 2.54800e+11
    Region: "SiRegion"	RelError: 6.96792e-01	AbsError: 2.54800e+11
      Equation: "ElectronContinuityEquation"	RelError: 4.42327e-01	AbsError: 5.32952e+10
      Equation: "HoleContinuityEquation"	RelError: 2.52664e-01	AbsError: 2.01505e+11
      Equation: "PotentialEquation"	RelError: 1.80075e-03	AbsError: 6.38390e-06
Iteration: 2
  Device: "BenchmarkDiode"	RelError: 1.32750e-05	AbsError: 3.16147e+06
    Region: "SiRegion"	RelError: 1.32750e-05	AbsError: 3.16147e+06
      Equation: "ElectronContinuityEquation"	RelError: 1.13960e-05	AbsError: 3.05528e+05
      Equation: "HoleContinuityEquation"	RelError: 1.85859e-06	AbsError: 2.85594e+06
      Equation: "PotentialEquation"	RelError: 2.04832e-08	AbsError: 5.50349e-11
Iteration: 3
  Device: "BenchmarkDiode"	RelError: 3.68742e-14	AbsError: 8.11013e+01
    Region: "SiRegion"	RelError: 3.68742e-14	AbsError: 8.11013e+01
      Equation: "ElectronContinuityEquation"	RelError: 3.13191e-15	AbsError: 3.38973e+01
      Equation: "HoleContinuityEquation"	RelError: 2.20892e-15	AbsError: 4.72039e+01
      Equation: "PotentialEquation"	RelError: 3.15334e-14	AbsError: 1.36976e-16
Charge Relative Error 1.00000e+00
number of equations 5085
Iteration: 0
  Device: "BenchmarkDiode"	RelError: 1.31312e+02	AbsError: 2.84891e+12
    Region: "SiRegion"	RelError: 1.31312e+02	AbsError: 2.84891e+12
      Equation: "ElectronContinuityEquation"	RelError: 8.30569e+01	AbsError: 5.74562e+11
      Equation: "HoleContinuityEquation"	RelError: 4.82138e+01	AbsError: 2.27435e+12
      Equation: "PotentialEquation"	RelError: 4.12764e-02	AbsError: 9.20852e-05
Iteration: 1
  Device: "BenchmarkDiode"	RelError: 1.65639e-02	AbsError: 2.54915e+08
    Region: "SiRegion"	RelError: 1.65639e-02	AbsError: 2.54915e+08
      Equation: "ElectronContinuityEquation"	RelError: 1.20313e-02	AbsError: 4.52054e+07
      Equation: "HoleContinuityEquation"	RelError: 4.53112e-03	AbsError: 2.09710e+08
      Equation: "PotentialEquation"	RelError: 1.56473e-06	AbsError: 6.04833e-09
Iteration: 2
  Device: "BenchmarkDiode"	RelError: 1.05557e-09	AbsError: 8.00469e+01
    Region: "SiRegion"	RelError: 1.05557e-09	AbsError: 8.00469e+01
      Equation: "ElectronContinuityEquation"	RelError: 1.03692e-09	AbsError: 4.27707e+01
      Equation: "HoleContinuityEquation"	RelError: 1.86465e-11	AbsError: 3.72762e+01
      Equation: "PotentialEquation"	RelError: 4.25411e-15	AbsError: 1.69714e-16
Iteration: 3
  Device: "BenchmarkDiode"	RelError: 2.05532e-14	AbsError: 4.25606e+01
    Region: "SiRegion"	RelError: 2.05532e-14	AbsError: 4.25606e+01
      Equation: "ElectronContinuityEquation"	RelError: 1.10342e-15	AbsError: 3.16561e+01
      Equation: "HoleContinuityEquation"	RelError: 1.21924e-15	AbsError: 1.09046e+01
      Equation: "PotentialEquation"	RelError: 1.82305e-14	AbsError: 1.14528e-16
Charge Relative Error 1.00000e+00
number of equations 5085
Iteration: 0
  Device: "BenchmarkDiode"	RelError: 8.67674e+01	AbsError: 7.55269e+10
    Region: "SiRegion"	RelError: 8.67674e+01	AbsError: 7.55269e+10
      Equation: "ElectronContinuityEquation"	RelError: 4.58393e+01	AbsError: 1.52673e+10
      Equation: "HoleContinuityEquation"	RelError: 4.09271e+01	AbsError: 6.02596e+10
      Equation: "PotentialEquation"	RelError: 1.03812e-03	AbsError: 2.25717e-06
Iteration: 1
  Device: "BenchmarkDiode"	RelError: 4.44310e-03	AbsError: 1.86924e+05
    Region: "SiRegion"	RelError: 4.44310e-03	AbsError: 1.86924e+05
      Equation: "ElectronContinuityEquation"	RelError: 4.37015e-03	AbsError: 4.34949e+04
      Equation: "HoleContinuityEquation"	RelError: 7.29426e-05	AbsError: 1.43429e+05
      Equation: "PotentialEquation"	RelError: 1.74259e-09	AbsError: 3.73653e-12
Iteration: 2
  Device: "BenchmarkDiode"	RelError: 3.99715e-14	AbsError: 5.09971e+01
    Region: "SiRegion"	RelError: 3.99715e-14	AbsError: 5.09971e+01
      Equation: "ElectronContinuityEquation"	RelError: 1.08812e-14	AbsError: 2.20356e+01
      Equation: "HoleContinuityEquation"	RelError: 1.88307e-15	AbsError: 2.89615e+01
      Equation: "PotentialEquation"	RelError: 2.72073e-14	AbsError: 1.42592e-16
Charge Relative Error 9.99999e-01
number of equations 5085
Iteration: 0
  Device: "BenchmarkDiode"	RelError: 6.80213e+01	AbsError: 1.94190e+09
    Region: "SiRegion"	RelError: 6.80213e+01	AbsError: 1.94190e+09
      Equation: "ElectronContinuityEquation"	RelError: 4.08588e+01	AbsError: 4.31170e+08
      Equation: "HoleContinuityEquation"	RelError: 2.71625e+01	AbsError: 1.51073e+09
      Equation: "PotentialEquation"	RelError: 2.80166e-05	AbsError: 5.61894e-08
Iteration: 1
  Device: "BenchmarkDiode"	RelError: 3.13648e-05	AbsError: 1.22137e+02
    Region: "SiRegion"	RelError: 3.13648e-05	AbsError: 1.22137e+02
      Equation: "ElectronContinuityEquation"	RelError: 2.99009e-05	AbsError: 3.14887e+01
      Equation: "HoleContinuityEquation"	RelError: 1.46398e-06	AbsError: 9.06483e+01
      Equation: "PotentialEquation"	RelError: 1.17213e-12	AbsError: 2.33721e-15
Iteration: 2
  Device: "BenchmarkDiode"	RelError: 1.45114e-14	AbsError: 4.08288e+01
    Region: "SiRegion"	RelError: 1.45114e-14	AbsError: 4.08288e+01
      Equation: "ElectronContinuityEquation"	RelError: 1.19295e-15	AbsError: 2.84257e+01
      Equation: "HoleContinuityEquation"	RelError: 1.98123e-15	AbsError: 1.24032e+01
      Equation: "PotentialEquation"	RelError: 1.13372e-14	AbsError: 1.15229e-16
Charge Relative Error 9.99955e-01
number of equations 5085
Iteration: 0
  Device: "BenchmarkDiode"	RelError: 4.51727e+01	AbsError: 5.61363e+07
    Region: "SiRegion"	RelError: 4.51727e+01	AbsError: 5.61363e+07
      Equation: "ElectronContinuityEquation"	RelError: 2.44781e+01	AbsError: 1.46474e+07
      Equation: "HoleContinuityEquation"	RelError: 2.06946e+01	AbsError: 4.14889e+07
      Equation: "PotentialEquation"	RelError: 9.17937e-07	AbsError: 1.66079e-09
Iteration: 1
  Device: "BenchmarkDiode"	RelError: 1.74191e-07	AbsError: 6.94534e+01
    Region: "SiRegion"	RelError: 1.74191e-07	AbsError: 6.94534e+01
      Equation: "ElectronContinuityEquation"	RelError: 1.26416e-07	AbsError: 3.35877e+01
      Equation: "HoleContinuityEquation"	RelError: 4.77752e-08	AbsError: 3.58657e+01
      Equation: "PotentialEquation"	RelError: 2.61389e-14	AbsError: 1.59627e-16
Iteration: 2
  Device: "BenchmarkDiode"	RelError: 1.07892e-14	AbsError: 3.32244e+01
    Region: "SiRegion"	RelError: 1.07892e-14	AbsError: 3.32244e+01
      Equation: "ElectronContinuityEquation"	RelError: 2.44128e-15	AbsError: 1.74191e+01
      Equation: "HoleContinuityEquation"	RelError: 4.44735e-15	AbsError: 1.58053e+01
      Equation: "PotentialEquation"	RelError: 3.90053e-15	AbsError: 1.21578e-16
Charge Relative Error 9.97447e-01
number of equations 5085
Iteration: 0
  Device: "BenchmarkDiode"	RelError: 2.08138e+01	AbsError: 1.97016e+06
    Region: "SiRegion"	RelError: 2.08138e+01	AbsError: 1.97016e+06
      Equation: "ElectronContinuityEquation"	RelError: 1.35700e+00	AbsError: 5.88505e+05
      Equation: "HoleContinuityEquation"	RelError: 1.94568e+01	AbsError: 1.38166e+06
      Equation: "PotentialEquation"	RelError: 3.61435e-08	AbsError: 6.11976e-11
Iteration: 1
  Device: "BenchmarkDiode"	RelError: 1.99507e-09	AbsError: 7.15339e+01
    Region: "SiRegion"	RelError: 1.99507e-09	AbsError: 7.15339e+01
      Equation: "ElectronContinuityEquation"	RelError: 2.38045e-10	AbsError: 3.88084e+01
      Equation: "HoleContinuityEquation"	RelError: 1.75699e-09	AbsError: 3.27255e+01
      Equation: "PotentialEquation"	RelError: 3.57040e-14	AbsError: 1.15624e-16
Iteration: 2
  Device: "BenchmarkDiode"	RelError: 4.53030e-15	AbsError: 3.34606e+01
    Region: "SiRegion"	RelError: 4.53030e-15	AbsError: 3.34606e+01
      Equation: "ElectronContinuityEquation"	RelError: 2.25975e-15	AbsError: 2.22046e+01
      Equation: "HoleContinuityEquation"	RelError: 1.70687e-15	AbsError: 1.12560e+01
      Equation: "PotentialEquation"	RelError: 5.63671e-16	AbsError: 1.11022e-16
Charge Relative Error 8.92542e-01
number of equations 5085
Iteration: 0
  Device: "BenchmarkDiode"	RelError: 8.49689e+00	AbsError: 8.06064e+04
    Region: "SiRegion"	RelError: 8.49689e+00	AbsError: 8.06064e+04
      Equation: "ElectronContinuityEquation"	RelError: 3.29718e-02	AbsError: 2.58174e+04
      Equation: "HoleContinuityEquation"	RelError: 8.46391e+00	AbsError: 5.47890e+04
      Equation: "PotentialEquation"	RelError: 1.57267e-09	AbsError: 2.59079e-12
Iteration: 1
  Device: "BenchmarkDiode"	RelError: 3.08030e-11	AbsError: 5.48659e+01
    Region: "SiRegion"	RelError: 3.08030e-11	AbsError: 5.48659e+01
      Equation: "ElectronContinuityEquation"	RelError: 2.24548e-13	AbsError: 2.98826e+01
      Equation: "HoleContinuityEquation"	RelError: 3.05564e-11	AbsError: 2.49833e+01
      Equation: "PotentialEquation"	RelError: 2.21177e-14	AbsError: 1.39297e-16
Charge Relative Error 1.72164e-01
number of equations 5085
Iteration: 0
  Device: "BenchmarkDiode"	RelError: 6.37586e-01	AbsError: 3.55173e+03
    Region: "SiRegion"	RelError: 6.37586e-01	AbsError: 3.55173e+03
      Equation: "ElectronContinuityEquation"	RelError: 7.76182e-04	AbsError: 1.16178e+03
      Equation: "HoleContinuityEquation"	RelError: 6.36809e-01	AbsError: 2.38995e+03
      Equation: "PotentialEquation"	RelError: 7.11457e-11	AbsError: 1.16132e-13
Iteration: 1
  Device: "BenchmarkDiode"	RelError: 4.93620e-14	AbsError: 5.99062e+01
    Region: "SiRegion"	RelError: 4.93620e-14	AbsError: 5.99062e+01
      Equation: "ElectronContinuityEquation"	RelError: 1.70385e-15	AbsError: 2.76685e+01
      Equation: "HoleContinuityEquation"	RelError: 4.55793e-14	AbsError: 3.22377e+01
      Equation: "PotentialEquation"	RelError: 2.07886e-15	AbsError: 1.21605e-16
Charge Relative Error 9.46910e-03
number of equations 5085
Iteration: 0
  Device: "BenchmarkDiode"	RelError: 3.01730e-02	AbsError: 1.70134e+02
    Region: "SiRegion"	RelError: 3.01730e-02	AbsError: 1.70134e+02
      Equation: "ElectronContinuityEquation"	RelError: 1.82582e-05	AbsError: 5.74115e+01
      Equation: "HoleContinuityEquation"	RelError: 3.01547e-02	AbsError: 1.12723e+02
      Equation: "PotentialEquation"	RelError: 3.24832e-12	AbsError: 5.34603e-15
Iteration: 1
  Device: "BenchmarkDiode"	RelError: 3.36208e-14	AbsError: 4.81424e+01
    Region: "SiRegion"	RelError: 3.36208e-14	AbsError: 4.81424e+01
      Equation: "ElectronContinuityEquation"	RelError: 1.76184e-15	AbsError: 2.34815e+01
      Equation: "HoleContinuityEquation"	RelError: 1.24314e-14	AbsError: 2.46609e+01
      Equation: "PotentialEquation"	RelError: 1.94276e-14	AbsError: 1.19627e-16
Charge Relative Error 4.38664e-04
number of equations 5085
Iteration: 0
  Device: "BenchmarkDiode"	RelError: 1.38847e-03	AbsError: 3.86090e+01
    Region: "SiRegion"	RelError: 1.38847e-03	AbsError: 3.86090e+01
      Equation: "ElectronContinuityEquation"	RelError: 4.29481e-07	AbsError: 1.57110e+01
      Equation: "HoleContinuityEquation"	RelError: 1.38804e-03	AbsError: 2.28980e+01
      Equation: "PotentialEquation"	RelError: 1.31519e-13	AbsError: 2.91098e-16
Iteration: 1
  Device: "BenchmarkDiode"	RelError: 1.99759e-14	AbsError: 2.51101e+01
    Region: "SiRegion"	RelError: 1.99759e-14	AbsError: 2.51101e+01
      Equation: "ElectronContinuityEquation"	RelError: 2.91812e-15	AbsError: 1.50436e+01
      Equation: "HoleContinuityEquation"	RelError: 3.37335e-15	AbsError: 1.00664e+01
      Equation: "PotentialEquation"	RelError: 1.36844e-14	AbsError: 1.12795e-16
Charge Relative Error 2.01556e-05
number of equations 5085
Iteration: 0
  Device: "BenchmarkDiode"	RelError: 6.38178e-05	AbsError: 3.28469e+01
    Region: "SiRegion"	RelError: 6.38178e-05	AbsError: 3.28469e+01
      Equation: "ElectronContinuityEquation"	RelError: 1.01025e-08	AbsError: 1.99249e+01
      Equation: "HoleContinuityEquation"	RelError: 6.38077e-05	AbsError: 1.29219e+01
      Equation: "PotentialEquation"	RelError: 1.65420e-15	AbsError: 1.17052e-16
Iteration: 1
  Device: "BenchmarkDiode"	RelError: 1.29214e-14	AbsError: 2.16139e+01
    Region: "SiRegion"	RelError: 1.29214e-14	AbsError: 2.16139e+01
      Equation: "ElectronContinuityEquation"	RelError: 1.79407e-15	AbsError: 1.36551e+01
      Equation: "HoleContinuityEquation"	RelError: 1.46835e-15	AbsError: 7.95883e+00
      Equation: "PotentialEquation"	RelError: 9.65897e-15	AbsError: 1.11022e-16
Charge Relative Error 9.26470e-07
number of equations 5085
Iteration: 0
  Device: "BenchmarkDiode"	RelError: 2.93328e-06	AbsError: 2.80253e+01
    Region: "SiRegion"	RelError: 2.93328e-06	AbsError: 2.80253e+01
      Equation: "ElectronContinuityEquation"	RelError: 2.37639e-10	AbsError: 2.00092e+01
      Equation: "HoleContinuityEquation"	RelError: 2.93305e-06	AbsError: 8.01614e+00
      Equation: "PotentialEquation"	RelError: 6.74292e-15	AbsError: 1.13212e-16
Iteration: 1
  Device: "BenchmarkDiode"	RelError: 1.44412e-14	AbsError: 2.17646e+01
    Region: "SiRegion"	RelError: 1.44412e-14	AbsError: 2.17646e+01
      Equation: "ElectronContinuityEquation"	RelError: 1.55965e-15	AbsError: 1.37274e+01
      Equation: "HoleContinuityEquation"	RelError: 1.78911e-15	AbsError: 8.03720e+00
      Equation: "PotentialEquation"	RelError: 1.10925e-14	AbsError: 1.13035e-16
Charge Relative Error 4.25875e-08
number of equations 5085
Iteration: 0
  Device: "BenchmarkDiode"	RelError: 1.34828e-07	AbsError: 3.09296e+01
    Region: "SiRegion"	RelError: 1.34828e-07	AbsError: 3.09296e+01
      Equation: "ElectronContinuityEquation"	RelError: 5.58910e-12	AbsError: 2.29593e+01
      Equation: "HoleContinuityEquation"	RelError: 1.34823e-07	AbsError: 7.97024e+00
      Equation: "PotentialEquation"	RelError: 2.04372e-14	AbsError: 1.11022e-16
Iteration: 1
  Device: "BenchmarkDiode"	RelError: 2.07556e-14	AbsError: 2.29509e+01
    Region: "SiRegion"	RelError: 2.07556e-14	AbsError: 2.29509e+01
      Equation: "ElectronContinuityEquation"	RelError: 1.89916e-15	AbsError: 1.49501e+01
      Equation: "HoleContinuityEquation"	RelError: 2.43288e-15	AbsError: 8.00079e+00
      Equation: "PotentialEquation"	RelError: 1.64236e-14	AbsError: 1.11485e-16
Charge Relative Error 2.28958e-09
number of equations 5085
Iteration: 0
  Device: "BenchmarkDiode"	RelError: 6.19751e-09	AbsError: 2.80502e+01
    Region: "SiRegion"	RelError: 6.19751e-09	AbsError: 2.80502e+01
      Equation: "ElectronContinuityEquation"	RelError: 1.31379e-13	AbsError: 2.00227e+01
      Equation: "HoleContinuityEquation"	RelError: 6.19737e-09	AbsError: 8.02751e+00
      Equation: "PotentialEquation"	RelError: 7.02706e-15	AbsError: 1.12538e-16
Iteration: 1
  Device: "BenchmarkDiode"	RelError: 1.31942e-14	AbsError: 2.18474e+01
    Region: "SiRegion"	RelError: 1.31942e-14	AbsError: 2.18474e+01
      Equation: "ElectronContinuityEquation"	RelError: 2.66176e-15	AbsError: 1.38856e+01
      Equation: "HoleContinuityEquation"	RelError: 2.22538e-15	AbsError: 7.96185e+00
      Equation: "PotentialEquation"	RelError: 8.30708e-15	AbsError: 1.11022e-16
Charge Relative Error 2.28958e-09
number of equations 5085
Iteration: 0
  Device: "BenchmarkDiode"	RelError: 2.84895e-10	AbsError: 3.03413e+01
    Region: "SiRegion"	RelError: 2.84895e-10	AbsError: 3.03413e+01
      Equation: "ElectronContinuityEquation"	RelError: 3.24548e-15	AbsError: 2.23204e+01
      Equation: "HoleContinuityEquation"	RelError: 2.84872e-10	AbsError: 8.02084e+00
      Equation: "PotentialEquation"	RelError: 1.98599e-14	AbsError: 1.12963e-16
Iteration: 1
  Device: "BenchmarkDiode"	RelError: 2.66236e-14	AbsError: 2.23924e+01
    Region: "SiRegion"	RelError: 2.66236e-14	AbsError: 2.23924e+01
      Equation: "ElectronContinuityEquation"	RelError: 1.86493e-15	AbsError: 1.43536e+01
      Equation: "HoleContinuityEquation"	RelError: 2.67961e-15	AbsError: 8.03883e+00
      Equation: "PotentialEquation"	RelError: 2.20790e-14	AbsError: 1.13326e-16
Charge Relative Error 2.28958e-09
number of equations 5085
Iteration: 0
  Device: "BenchmarkDiode"	RelError: 1.31073e-11	AbsError: 2.79790e+01
    Region: "SiRegion"	RelError: 1.31073e-11	AbsError: 2.79790e+01
      Equation: "ElectronContinuityEquation"	RelError: 1.58866e-15	AbsError: 2.00061e+01
      Equation: "HoleContinuityEquation"	RelError: 1.30947e-11	AbsError: 7.97289e+00
      Equation: "PotentialEquation"	RelError: 1.10270e-14	AbsError: 1.12379e-16
Charge Relative Error 2.28958e-09
number of equations 5085
Iteration: 0
  Device: "BenchmarkDiode"	RelError: 6.19248e-13	AbsError: 2.17290e+01
    Region: "SiRegion"	RelError: 6.19248e-13	AbsError: 2.17290e+01
      Equation: "ElectronContinuityEquation"	RelError: 2.02934e-15	AbsError: 1.37292e+01
      Equation: "HoleContinuityEquation"	RelError: 6.03003e-13	AbsError: 7.99988e+00
      Equation: "PotentialEquation"	RelError: 1.42157e-14	AbsError: 1.11022e-16
Charge Relative Error 2.28958e-09
number of equations 5085
Iteration: 0
  Device: "BenchmarkDiode"	RelError: 5.06231e-14	AbsError: 3.11111e+01
    Region: "SiRegion"	RelError: 5.06231e-14	AbsError: 3.11111e+01
      Equation: "ElectronContinuityEquation"	RelError: 2.39134e-15	AbsError: 2.31685e+01
      Equation: "HoleContinuityEquation"	RelError: 2.61880e-14	AbsError: 7.94261e+00
      Equation: "PotentialEquation"	RelError: 2.20437e-14	AbsError: 1.12989e-16
Charge Relative Error 2.28958e-09
number of equations 5085
Iteration: 0
  Device: "BenchmarkDiode"	RelError: 2.75524e-14	AbsError: 2.21039e+01
    Region: "SiRegion"	RelError: 2.75524e-14	AbsError: 2.21039e+01
      Equation: "ElectronContinuityEquation"	RelError: 3.71295e-15	AbsError: 1.41417e+01
      Equation: "HoleContinuityEquation"	RelError: 2.83814e-15	AbsError: 7.96221e+00
      Equation: "PotentialEquation"	RelError: 2.10013e-14	AbsError: 1.11263e-16
Charge Relative Error 2.28958e-09
number of equations 5085
Iteration: 0
  Device: "BenchmarkDiode"	RelError: 2.01126e-14	AbsError: 2.80168e+01
    Region: "SiRegion"	RelError: 2.01126e-14	AbsError: 2.80168e+01
      Equation: "ElectronContinuityEquation"	RelError: 4.06526e-15	AbsError: 1.99943e+01
      Equation: "HoleContinuityEquation"	RelError: 3.58404e-15	AbsError: 8.02255e+00
      Equation: "PotentialEquation"	RelError: 1.24633e-14	AbsError: 1.13546e-16
Charge Relative Error 2.28958e-09
number of equations 5085
Iteration: 0
  Device: "BenchmarkDiode"	RelError: 1.51712e-14	AbsError: 2.17009e+01
    Region: "SiRegion"	RelError: 1.51712e-14	AbsError: 2.17009e+01
      Equation: "ElectronContinuityEquation"	RelError: 4.14165e-15	AbsError: 1.36614e+01
      Equation: "HoleContinuityEquation"	RelError: 4.22709e-15	AbsError: 8.03950e+00
      Equation: "PotentialEquation"	RelError: 6.80250e-15	AbsError: 1.13564e-16
Charge Relative Error 2.28958e-09
number of equations 5085
Iteration: 0
  Device: "BenchmarkDiode"	RelError: 1.48243e-14	AbsError: 2.79356e+01
    Region: "SiRegion"	RelError: 1.48243e-14	AbsError: 2.79356e+01
      Equation: "ElectronContinuityEquation"	RelError: 1.55130e-15	AbsError: 1.99626e+01
      Equation: "HoleContinuityEquation"	RelError: 3.56166e-15	AbsError: 7.97296e+00
      Equation: "PotentialEquation"	RelError: 9.71138e-15	AbsError: 1.14426e-16
Charge Relative Error 2.28958e-09
number of equations 5085
Iteration: 0
  Device: "BenchmarkDiode"	RelError: 1.45995e-14	AbsError: 2.16597e+01
    Region: "SiRegion"	RelError: 1.45995e-14	AbsError: 2.16597e+01
      Equation: "ElectronContinuityEquation"	RelError: 1.48011e-15	AbsError: 1.36605e+01
      Equation: "HoleContinuityEquation"	RelError: 3.19992e-15	AbsError: 7.99912e+00
      Equation: "PotentialEquation"	RelError: 9.91945e-15	AbsError: 1.11361e-16
Charge Relative Error 2.28958e-09
number of equations 5085
Iteration: 0
  Device: "BenchmarkDiode"	RelError: 1.52830e-14	AbsError: 2.79285e+01
    Region: "SiRegion"	RelError: 1.52830e-14	AbsError: 2.79285e+01
      Equation: "ElectronContinuityEquation"	RelError: 1.93127e-15	AbsError: 1.99848e+01
      Equation: "HoleContinuityEquation"	RelError: 3.42849e-15	AbsError: 7.94368e+00
      Equation: "PotentialEquation"	RelError: 9.92328e-15	AbsError: 1.12725e-16
Charge Relative Error 2.28958e-09
number of equations 5085
Iteration: 0
  Device: "BenchmarkDiode"	RelError: 1.40887e-14	AbsError: 2.16210e+01
    Region: "SiRegion"	RelError: 1.40887e-14	AbsError: 2.16210e+01
      Equation: "ElectronContinuityEquation"	RelError: 1.87809e-15	AbsError: 1.36596e+01
      Equation: "HoleContinuityEquation"	RelError: 2.44583e-15	AbsError: 7.96140e+00
      Equation: "PotentialEquation"	RelError: 9.76476e-15	AbsError: 1.11022e-16
Charge Relative Error 2.28958e-09
number of equations 5085
Iteration: 0
  Device: "BenchmarkDiode"	RelError: 1.59125e-14	AbsError: 2.79857e+01
    Region: "SiRegion"	RelError: 1.59125e-14	AbsError: 2.79857e+01
      Equation: "ElectronContinuityEquation"	RelError: 2.23075e-15	AbsError: 1.99637e+01
      Equation: "HoleContinuityEquation"	RelError: 3.00761e-15	AbsError: 8.02193e+00
      Equation: "PotentialEquation"	RelError: 1.06741e-14	AbsError: 1.13177e-16
Charge Relative Error 2.28958e-09
number of equations 5085
Iteration: 0
  Device: "BenchmarkDiode"	RelError: 1.84512e-14	AbsError: 2.17050e+01
    Region: "SiRegion"	RelError: 1.84512e-14	AbsError: 2.17050e+01
      Equation: "ElectronContinuityEquation"	RelError: 2.09994e-15	AbsError: 1.36656e+01
      Equation: "HoleContinuityEquation"	RelError: 3.52875e-15	AbsError: 8.03938e+00
      Equation: "PotentialEquation"	RelError: 1.28225e-14	AbsError: 1.13518e-16
Charge Relative Error 2.28958e-09
number of equations 5085
Iteration: 0
  Device: "BenchmarkDiode"	RelError: 1.75378e-14	AbsError: 2.79349e+01
    Region: "SiRegion"	RelError: 1.75378e-14	AbsError: 2.79349e+01
      Equation: "ElectronContinuityEquation"	RelError: 2.11692e-15	AbsError: 1.99628e+01
      Equation: "HoleContinuityEquation"	RelError: 2.32740e-15	AbsError: 7.97213e+00
      Equation: "PotentialEquation"	RelError: 1.30935e-14	AbsError: 1.11802e-16
Charge Relative Error 2.28958e-09
number of equations 5085
Iteration: 0
  Device: "BenchmarkDiode"	RelError: 1.45769e-14	AbsError: 2.16570e+01
    Region: "SiRegion"	RelError: 1.45769e-14	AbsError: 2.16570e+01
      Equation: "ElectronContinuityEquation"	RelError: 1.19379e-15	AbsError: 1.36571e+01
      Equation: "HoleContinuityEquation"	RelError: 2.00049e-15	AbsError: 7.99995e+00
      Equation: "PotentialEquation"	RelError: 1.13826e-14	AbsError: 1.12010e-16
Charge Relative Error 2.28958e-09
number of equations 5085
Iteration: 0
  Device: "BenchmarkDiode"	RelError: 1.52332e-14	AbsError: 2.79499e+01
    Region: "SiRegion"	RelError: 1.52332e-14	AbsError: 2.79499e+01
      Equation: "ElectronContinuityEquation"	RelError: 1.95701e-15	AbsError: 2.00064e+01
      Equation: "HoleContinuityEquation"	RelError: 3.61945e-15	AbsError: 7.94344e+00
      Equation: "PotentialEquation"	RelError: 9.65672e-15	AbsError: 1.12748e-16
Charge Relative Error 2.28958e-09
number of equations 5085
Iteration: 0
  Device: "BenchmarkDiode"	RelError: 2.00809e-14	AbsError: 2.16918e+01
    Region: "SiRegion"	RelError: 2.00809e-14	AbsError: 2.16918e+01
      Equation: "ElectronContinuityEquation"	RelError: 1.50685e-15	AbsError: 1.37295e+01
      Equation: "HoleContinuityEquation"	RelError: 3.54891e-15	AbsError: 7.96233e+00
      Equation: "PotentialEquation"	RelError: 1.50252e-14	AbsError: 1.11463e-16
Charge Relative Error 2.28958e-09
number of equations 5085
Iteration: 0
  Device: "BenchmarkDiode"	RelError: 2.82469e-14	AbsError: 3.08953e+01
    Region: "SiRegion"	RelError: 2.82469e-14	AbsError: 3.08953e+01
      Equation: "ElectronContinuityEquation"	RelError: 2.83216e-15	AbsError: 2.28740e+01
      Equation: "HoleContinuityEquation"	RelError: 2.78278e-15	AbsError: 8.02126e+00
      Equation: "PotentialEquation"	RelError: 2.26320e-14	AbsError: 1.13005e-16
Charge Relative Error 2.28958e-09
number of equations 5085
Iteration: 0
  Device: "BenchmarkDiode"	RelError: 2.27436e-14	AbsError: 2.27929e+01
    Region: "SiRegion"	RelError: 2.27436e-14	AbsError: 2.27929e+01
      Equation: "ElectronContinuityEquation"	RelError: 2.65897e-15	AbsError: 1.47535e+01
      Equation: "HoleContinuityEquation"	RelError: 2.55236e-15	AbsError: 8.03945e+00
      Equation: "PotentialEquation"	RelError: 1.75322e-14	AbsError: 1.13646e-16
Charge Relative Error 2.28958e-09
number of equations 5085
Iteration: 0
  Device: "BenchmarkDiode"	RelError: 1.26761e-14	AbsError: 2.79811e+01
    Region: "SiRegion"	RelError: 1.26761e-14	AbsError: 2.79811e+01
      Equation: "ElectronContinuityEquation"	RelError: 1.81344e-15	AbsError: 2.00073e+01
      Equation: "HoleContinuityEquation"	RelError: 3.71497e-15	AbsError: 7.97376e+00
      Equation: "PotentialEquation"	RelError: 7.14772e-15	AbsError: 1.14579e-16
Charge Relative Error 2.28958e-09
number of equations 5085
Iteration: 0
  Device: "BenchmarkDiode"	RelError: 1.71451e-14	AbsError: 2.17260e+01
    Region: "SiRegion"	RelError: 1.71451e-14	AbsError: 2.17260e+01
      Equation: "ElectronContinuityEquation"	RelError: 2.19638e-15	AbsError: 1.37265e+01
      Equation: "HoleContinuityEquation"	RelError: 4.65476e-15	AbsError: 7.99952e+00
      Equation: "PotentialEquation"	RelError: 1.02940e-14	AbsError: 1.11022e-16
Charge Relative Error 2.28958e-09
number of equations 5085
Iteration: 0
  Device: "BenchmarkDiode"	RelError: 2.75139e-14	AbsError: 3.08671e+01
    Region: "SiRegion"	RelError: 2.75139e-14	AbsError: 3.08671e+01
      Equation: "ElectronContinuityEquation"	RelError: 1.81845e-15	AbsError: 2.29245e+01
      Equation: "HoleContinuityEquation"	RelError: 5.08544e-15	AbsError: 7.94260e+00
      Equation: "PotentialEquation"	RelError: 2.06100e-14	AbsError: 1.12962e-16
Charge Relative Error 2.28958e-09
number of equations 5085
Iteration: 0
  Device: "BenchmarkDiode"	RelError: 2.30410e-14	AbsError: 2.26905e+01
    Region: "SiRegion"	RelError: 2.30410e-14	AbsError: 2.26905e+01
      Equation: "ElectronContinuityEquation"	RelError: 1.73932e-15	AbsError: 1.47291e+01
      Equation: "HoleContinuityEquation"	RelError: 3.99351e-15	AbsError: 7.96136e+00
      Equation: "PotentialEquation"	RelError: 1.73082e-14	AbsError: 1.11022e-16
Charge Relative Error 2.28958e-09
number of equations 5085
Iteration: 0
  Device: "BenchmarkDiode"	RelError: 1.20019e-14	AbsError: 2.80241e+01
    Region: "SiRegion"	RelError: 1.20019e-14	AbsError: 2.80241e+01
      Equation: "ElectronContinuityEquation"	RelError: 1.65498e-15	AbsError: 2.00015e+01
      Equation: "HoleContinuityEquation"	RelError: 3.17083e-15	AbsError: 8.02263e+00
      Equation: "PotentialEquation"	RelError: 7.17609e-15	AbsError: 1.13614e-16
Charge Relative Error 2.28958e-09
number of equations 5085
Iteration: 0
  Device: "BenchmarkDiode"	RelError: 1.37029e-14	AbsError: 2.19088e+01
    Region: "SiRegion"	RelError: 1.37029e-14	AbsError: 2.19088e+01
      Equation: "ElectronContinuityEquation"	RelError: 1.68425e-15	AbsError: 1.38694e+01
      Equation: "HoleContinuityEquation"	RelError: 3.16555e-15	AbsError: 8.03944e+00
      Equation: "PotentialEquation"	RelError: 8.85305e-15	AbsError: 1.13527e-16
Charge Relative Error 2.28958e-09
number of equations 5085
Iteration: 0
  Device: "BenchmarkDiode"	RelError: 1.58080e-14	AbsError: 2.79390e+01
    Region: "SiRegion"	RelError: 1.58080e-14	AbsError: 2.79390e+01
      Equation: "ElectronContinuityEquation"	RelError: 1.92228e-15	AbsError: 1.99658e+01
      Equation: "HoleContinuityEquation"	RelError: 2.88431e-15	AbsError: 7.97314e+00
      Equation: "PotentialEquation"	RelError: 1.10014e-14	AbsError: 1.14459e-16
Charge Relative Error 2.28958e-09
number of equations 5085
Iteration: 0
  Device: "BenchmarkDiode"	RelError: 1.39187e-14	AbsError: 2.16595e+01
    Region: "SiRegion"	RelError: 1.39187e-14	AbsError: 2.16595e+01
      Equation: "ElectronContinuityEquation"	RelError: 1.68262e-15	AbsError: 1.36606e+01
      Equation: "HoleContinuityEquation"	RelError: 3.22938e-15	AbsError: 7.99887e+00
      Equation: "PotentialEquation"	RelError: 9.00670e-15	AbsError: 1.11516e-16
Charge Relative Error 2.28958e-09
number of equations 5085
Iteration: 0
  Device: "BenchmarkDiode"	RelError: 1.51807e-14	AbsError: 2.79044e+01
    Region: "SiRegion"	RelError: 1.51807e-14	AbsError: 2.79044e+01
      Equation: "ElectronContinuityEquation"	RelError: 1.24605e-15	AbsError: 1.99609e+01
      Equation: "HoleContinuityEquation"	RelError: 2.68343e-15	AbsError: 7.94347e+00
      Equation: "PotentialEquation"	RelError: 1.12513e-14	AbsError: 1.12745e-16
Charge Relative Error 2.28958e-09
number of equations 5085
Iteration: 0
  Device: "BenchmarkDiode"	RelError: 1.70945e-14	AbsError: 2.16266e+01
    Region: "SiRegion"	RelError: 1.70945e-14	AbsError: 2.16266e+01
      Equation: "ElectronContinuityEquation"	RelError: 1.50041e-15	AbsError: 1.36651e+01
      Equation: "HoleContinuityEquation"	RelError: 2.03918e-15	AbsError: 7.96154e+00
      Equation: "PotentialEquation"	RelError: 1.35549e-14	AbsError: 1.11022e-16
Charge Relative Error 2.28958e-09
number of equations 5085
Iteration: 0
  Device: "BenchmarkDiode"	RelError: 1.52494e-14	AbsError: 2.79965e+01
    Region: "SiRegion"	RelError: 1.52494e-14	AbsError: 2.79965e+01
      Equation: "ElectronContinuityEquation"	RelError: 2.14513e-15	AbsError: 1.99741e+01
      Equation: "HoleContinuityEquation"	RelError: 2.29064e-15	AbsError: 8.02240e+00
      Equation: "PotentialEquation"	RelError: 1.08136e-14	AbsError: 1.13461e-16
Charge Relative Error 2.28958e-09
number of equations 5085
Iteration: 0
  Device: "BenchmarkDiode"	RelError: 1.18150e-14	AbsError: 2.16987e+01
    Region: "SiRegion"	RelError: 1.18150e-14	AbsError: 2.16987e+01
      Equation: "ElectronContinuityEquation"	RelError: 1.85434e-15	AbsError: 1.36588e+01
      Equation: "HoleContinuityEquation"	RelError: 3.22791e-15	AbsError: 8.03989e+00
      Equation: "PotentialEquation"	RelError: 6.73272e-15	AbsError: 1.13813e-16
Charge Relative Error 2.28958e-09
number of equations 5085
Iteration: 0
  Device: "BenchmarkDiode"	RelError: 1.18378e-14	AbsError: 2.79787e+01
    Region: "SiRegion"	RelError: 1.18378e-14	AbsError: 2.79787e+01
      Equation: "ElectronContinuityEquation"	RelError: 1.71177e-15	AbsError: 2.00052e+01
      Equation: "HoleContinuityEquation"	RelError: 2.86957e-15	AbsError: 7.97347e+00
      Equation: "PotentialEquation"	RelError: 7.25646e-15	AbsError: 1.14523e-16
Charge Relative Error 2.28958e-09
number of equations 5085
Iteration: 0
  Device: "BenchmarkDiode"	RelError: 1.90107e-14	AbsError: 2.17292e+01
    Region: "SiRegion"	RelError: 1.90107e-14	AbsError: 2.17292e+01
      Equation: "ElectronContinuityEquation"	RelError: 1.88212e-15	AbsError: 1.37295e+01
      Equation: "HoleContinuityEquation"	RelError: 2.70883e-15	AbsError: 7.99971e+00
      Equation: "PotentialEquation"	RelError: 1.44198e-14	AbsError: 1.11022e-16
Charge Relative Error 2.28958e-09
number of equations 5085
Iteration: 0
  Device: "BenchmarkDiode"	RelError: 2.67774e-14	AbsError: 3.08138e+01
    Region: "SiRegion"	RelError: 2.67774e-14	AbsError: 3.08138e+01
      Equation: "ElectronContinuityEquation"	RelError: 1.87786e-15	AbsError: 2.28710e+01
      Equation: "HoleContinuityEquation"	RelError: 2.60363e-15	AbsError: 7.94274e+00
      Equation: "PotentialEquation"	RelError: 2.22959e-14	AbsError: 1.12829e-16
Charge Relative Error 2.28958e-09
number of equations 5085
Iteration: 0
  Device: "BenchmarkDiode"	RelError: 2.26134e-14	AbsError: 2.27002e+01
    Region: "SiRegion"	RelError: 2.26134e-14	AbsError: 2.27002e+01
      Equation: "ElectronContinuityEquation"	RelError: 2.86847e-15	AbsError: 1.47386e+01
      Equation: "HoleContinuityEquation"	RelError: 2.05943e-15	AbsError: 7.96156e+00
      Equation: "PotentialEquation"	RelError: 1.76855e-14	AbsError: 1.11022e-16
Charge Relative Error 2.28958e-09
number of equations 5085
Iteration: 0
  Device: "BenchmarkDiode"	RelError: 1.44308e-14	AbsError: 2.80217e+01
    Region: "SiRegion"	RelError: 1.44308e-14	AbsError: 2.80217e+01
      Equation: "ElectronContinuityEquation"	RelError: 3.15367e-15	AbsError: 1.99992e+01
      Equation: "HoleContinuityEquation"	RelError: 2.34328e-15	AbsError: 8.02248e+00
      Equation: "PotentialEquation"	RelError: 8.93385e-15	AbsError: 1.13490e-16
Charge Relative Error 2.28958e-09
number of equations 5085
Iteration: 0
  Device: "BenchmarkDiode"	RelError: 1.61374e-14	AbsError: 2.18073e+01
    Region: "SiRegion"	RelError: 1.61374e-14	AbsError: 2.18073e+01
      Equation: "ElectronContinuityEquation"	RelError: 3.07538e-15	AbsError: 1.37681e+01
      Equation: "HoleContinuityEquation"	RelError: 3.16847e-15	AbsError: 8.03918e+00
      Equation: "PotentialEquation"	RelError: 9.89352e-15	AbsError: 1.13382e-16
Charge Relative Error 2.28958e-09
number of equations 5085
Iteration: 0
  Device: "BenchmarkDiode"	RelError: 1.36073e-14	AbsError: 2.79418e+01
    Region: "SiRegion"	RelError: 1.36073e-14	AbsError: 2.79418e+01
      Equation: "ElectronContinuityEquation"	RelError: 2.26988e-15	AbsError: 1.99691e+01
      Equation: "HoleContinuityEquation"	RelError: 2.33899e-15	AbsError: 7.97273e+00
      Equation: "PotentialEquation"	RelError: 8.99846e-15	AbsError: 1.12324e-16
Charge Relative Error 2.28958e-09
number of equations 5085
Iteration: 0
  Device: "BenchmarkDiode"	RelError: 1.13550e-14	AbsError: 2.16596e+01
    Region: "SiRegion"	RelError: 1.13550e-14	AbsError: 2.16596e+01
      Equation: "ElectronContinuityEquation"	RelError: 1.16156e-15	AbsError: 1.36612e+01
      Equation: "HoleContinuityEquation"	RelError: 3.43187e-15	AbsError: 7.99842e+00
      Equation: "PotentialEquation"	RelError: 6.76161e-15	AbsError: 1.11514e-16
Charge Relative Error 2.28958e-09
number of equations 5085
Iteration: 0
  Device: "BenchmarkDiode"	RelError: 1.71582e-14	AbsError: 2.78992e+01
    Region: "SiRegion"	RelError: 1.71582e-14	AbsError: 2.78992e+01
      Equation: "ElectronContinuityEquation"	RelError: 1.62800e-15	AbsError: 1.99555e+01
      Equation: "HoleContinuityEquation"	RelError: 3.56958e-15	AbsError: 7.94369e+00
      Equation: "PotentialEquation"	RelError: 1.19606e-14	AbsError: 1.12724e-16
Charge Relative Error 2.28958e-09
number of equations 5085
Iteration: 0
  Device: "BenchmarkDiode"	RelError: 1.97073e-14	AbsError: 2.16254e+01
    Region: "SiRegion"	RelError: 1.97073e-14	AbsError: 2.16254e+01
      Equation: "ElectronContinuityEquation"	RelError: 1.83333e-15	AbsError: 1.36636e+01
      Equation: "HoleContinuityEquation"	RelError: 2.68241e-15	AbsError: 7.96182e+00
      Equation: "PotentialEquation"	RelError: 1.51916e-14	AbsError: 1.11029e-16
Charge Relative Error 2.28958e-09
number of equations 5085
Iteration: 0
  Device: "BenchmarkDiode"	RelError: 1.55576e-14	AbsError: 2.79981e+01
    Region: "SiRegion"	RelError: 1.55576e-14	AbsError: 2.79981e+01
      Equation: "ElectronContinuityEquation"	RelError: 2.28054e-15	AbsError: 1.99758e+01
      Equation: "HoleContinuityEquation"	RelError: 1.58337e-15	AbsError: 8.02234e+00
      Equation: "PotentialEquation"	RelError: 1.16937e-14	AbsError: 1.13421e-16
Charge Relative Error 2.28958e-09
number of equations 5085
Iteration: 0
  Device: "BenchmarkDiode"	RelError: 1.18852e-14	AbsError: 2.17020e+01
    Region: "SiRegion"	RelError: 1.18852e-14	AbsError: 2.17020e+01
      Equation: "ElectronContinuityEquation"	RelError: 1.57902e-15	AbsError: 1.36626e+01
      Equation: "HoleContinuityEquation"	RelError: 1.64475e-15	AbsError: 8.03942e+00
      Equation: "PotentialEquation"	RelError: 8.66140e-15	AbsError: 1.13545e-16
Charge Relative Error 2.28958e-09
number of equations 5085
Iteration: 0
  Device: "BenchmarkDiode"	RelError: 1.22712e-14	AbsError: 2.79686e+01
    Region: "SiRegion"	RelError: 1.22712e-14	AbsError: 2.79686e+01
      Equation: "ElectronContinuityEquation"	RelError: 1.23411e-15	AbsError: 1.99954e+01
      Equation: "HoleContinuityEquation"	RelError: 3.42854e-15	AbsError: 7.97322e+00
      Equation: "PotentialEquation"	RelError: 7.60855e-15	AbsError: 1.12684e-16
Charge Relative Error 2.28958e-09
number of equations 5085
Iteration: 0
  Device: "BenchmarkDiode"	RelError: 1.52169e-14	AbsError: 2.20198e+01
    Region: "SiRegion"	RelError: 1.52169e-14	AbsError: 2.20198e+01
      Equation: "ElectronContinuityEquation"	RelError: 2.01906e-15	AbsError: 1.40207e+01
      Equation: "HoleContinuityEquation"	RelError: 4.57374e-15	AbsError: 7.99911e+00
      Equation: "PotentialEquation"	RelError: 8.62410e-15	AbsError: 1.11289e-16
Charge Relative Error 2.28958e-09
number of equations 5085
Iteration: 0
  Device: "BenchmarkDiode"	RelError: 1.64577e-14	AbsError: 2.78965e+01
    Region: "SiRegion"	RelError: 1.64577e-14	AbsError: 2.78965e+01
      Equation: "ElectronContinuityEquation"	RelError: 1.91764e-15	AbsError: 1.99526e+01
      Equation: "HoleContinuityEquation"	RelError: 4.13865e-15	AbsError: 7.94392e+00
      Equation: "PotentialEquation"	RelError: 1.04014e-14	AbsError: 1.12701e-16
Charge Relative Error 2.28958e-09
number of equations 5085
Iteration: 0
  Device: "BenchmarkDiode"	RelError: 1.34776e-14	AbsError: 2.16172e+01
    Region: "SiRegion"	RelError: 1.34776e-14	AbsError: 2.16172e+01
      Equation: "ElectronContinuityEquation"	RelError: 2.39296e-15	AbsError: 1.36562e+01
      Equation: "HoleContinuityEquation"	RelError: 4.06841e-15	AbsError: 7.96104e+00
      Equation: "PotentialEquation"	RelError: 7.01623e-15	AbsError: 1.11022e-16
Charge Relative Error 2.28958e-09
number of equations 5085
Iteration: 0
  Device: "BenchmarkDiode"	RelError: 1.14887e-14	AbsError: 2.80318e+01
    Region: "SiRegion"	RelError: 1.14887e-14	AbsError: 2.80318e+01
      Equation: "ElectronContinuityEquation"	RelError: 1.96246e-15	AbsError: 2.00092e+01
      Equation: "HoleContinuityEquation"	RelError: 3.38806e-15	AbsError: 8.02258e+00
      Equation: "PotentialEquation"	RelError: 6.13822e-15	AbsError: 1.13595e-16
Charge Relative Error 2.28958e-09
number of equations 5085
Iteration: 0
  Device: "BenchmarkDiode"	RelError: 1.93419e-14	AbsError: 2.17683e+01
    Region: "SiRegion"	RelError: 1.93419e-14	AbsError: 2.17683e+01
      Equation: "ElectronContinuityEquation"	RelError: 1.81915e-15	AbsError: 1.37295e+01
      Equation: "HoleContinuityEquation"	RelError: 3.98936e-15	AbsError: 8.03876e+00
      Equation: "PotentialEquation"	RelError: 1.35333e-14	AbsError: 1.13178e-16
Charge Relative Error 2.28958e-09
number of equations 5085
Iteration: 0
  Device: "BenchmarkDiode"	RelError: 2.77619e-14	AbsError: 3.08226e+01
    Region: "SiRegion"	RelError: 2.77619e-14	AbsError: 3.08226e+01
      Equation: "ElectronContinuityEquation"	RelError: 2.03756e-15	AbsError: 2.28514e+01
      Equation: "HoleContinuityEquation"	RelError: 3.68833e-15	AbsError: 7.97123e+00
      Equation: "PotentialEquation"	RelError: 2.20360e-14	AbsError: 1.11263e-16
Charge Relative Error 2.28958e-09
number of equations 5085
Iteration: 0
  Device: "BenchmarkDiode"	RelError: 2.23640e-14	AbsError: 2.30333e+01
    Region: "SiRegion"	RelError: 2.23640e-14	AbsError: 2.30333e+01
      Equation: "ElectronContinuityEquation"	RelError: 1.99531e-15	AbsError: 1.50333e+01
      Equation: "HoleContinuityEquation"	RelError: 3.29264e-15	AbsError: 7.99998e+00
      Equation: "PotentialEquation"	RelError: 1.70761e-14	AbsError: 1.11993e-16
Charge Relative Error 2.28958e-09
number of equations 5085
Iteration: 0
  Device: "BenchmarkDiode"	RelError: 1.28290e-14	AbsError: 2.80751e+01
    Region: "SiRegion"	RelError: 1.28290e-14	AbsError: 2.80751e+01
      Equation: "ElectronContinuityEquation"	RelError: 1.99493e-15	AbsError: 2.01314e+01
      Equation: "HoleContinuityEquation"	RelError: 3.49003e-15	AbsError: 7.94371e+00
      Equation: "PotentialEquation"	RelError: 7.34403e-15	AbsError: 1.12721e-16
Charge Relative Error 2.28958e-09
number of equations 5085
Iteration: 0
  Device: "BenchmarkDiode"	RelError: 1.79394e-14	AbsError: 2.17096e+01
    Region: "SiRegion"	RelError: 1.79394e-14	AbsError: 2.17096e+01
      Equation: "ElectronContinuityEquation"	RelError: 1.52701e-15	AbsError: 1.37469e+01
      Equation: "HoleContinuityEquation"	RelError: 2.92154e-15	AbsError: 7.96269e+00
      Equation: "PotentialEquation"	RelError: 1.34908e-14	AbsError: 1.11824e-16
Charge Relative Error 2.28958e-09
number of equations 5085
Iteration: 0
  Device: "BenchmarkDiode"	RelError: 1.79040e-14	AbsError: 2.79956e+01
    Region: "SiRegion"	RelError: 1.79040e-14	AbsError: 2.79956e+01
      Equation: "ElectronContinuityEquation"	RelError: 1.42831e-15	AbsError: 1.99730e+01
      Equation: "HoleContinuityEquation"	RelError: 3.28677e-15	AbsError: 8.02265e+00
      Equation: "PotentialEquation"	RelError: 1.31889e-14	AbsError: 1.13597e-16
Charge Relative Error 2.28958e-09
number of equations 5085
Iteration: 0
  Device: "BenchmarkDiode"	RelError: 1.15176e-14	AbsError: 2.17001e+01
    Region: "SiRegion"	RelError: 1.15176e-14	AbsError: 2.17001e+01
      Equation: "ElectronContinuityEquation"	RelError: 1.68555e-15	AbsError: 1.36606e+01
      Equation: "HoleContinuityEquation"	RelError: 3.04069e-15	AbsError: 8.03947e+00
      Equation: "PotentialEquation"	RelError: 6.79138e-15	AbsError: 1.13542e-16
Charge Relative Error 2.28958e-09
number of equations 5085
Iteration: 0
  Device: "BenchmarkDiode"	RelError: 1.18768e-14	AbsError: 2.79771e+01
    Region: "SiRegion"	RelError: 1.18768e-14	AbsError: 2.79771e+01
      Equation: "ElectronContinuityEquation"	RelError: 1.64486e-15	AbsError: 2.00037e+01
      Equation: "HoleContinuityEquation"	RelError: 2.61155e-15	AbsError: 7.97338e+00
      Equation: "PotentialEquation"	RelError: 7.62041e-15	AbsError: 1.14505e-16
Charge Relative Error 2.28958e-09
number of equations 5085
Iteration: 0
  Device: "BenchmarkDiode"	RelError: 1.71615e-14	AbsError: 2.17273e+01
    Region: "SiRegion"	RelError: 1.71615e-14	AbsError: 2.17273e+01
      Equation: "ElectronContinuityEquation"	RelError: 1.72170e-15	AbsError: 1.37275e+01
      Equation: "HoleContinuityEquation"	RelError: 2.60886e-15	AbsError: 7.99976e+00
      Equation: "PotentialEquation"	RelError: 1.28309e-14	AbsError: 1.11022e-16
Charge Relative Error 2.28958e-09
number of equations 5085
Iteration: 0
  Device: "BenchmarkDiode"	RelError: 2.60929e-14	AbsError: 3.08995e+01
    Region: "SiRegion"	RelError: 2.60929e-14	AbsError: 3.08995e+01
      Equation: "ElectronContinuityEquation"	RelError: 1.99333e-15	AbsError: 2.29567e+01
      Equation: "HoleContinuityEquation"	RelError: 3.15800e-15	AbsError: 7.94287e+00
      Equation: "PotentialEquation"	RelError: 2.09416e-14	AbsError: 1.12804e-16
Charge Relative Error 2.28958e-09
number of equations 5085
Iteration: 0
  Device: "BenchmarkDiode"	RelError: 1.97883e-14	AbsError: 2.28935e+01
    Region: "SiRegion"	RelError: 1.97883e-14	AbsError: 2.28935e+01
      Equation: "ElectronContinuityEquation"	RelError: 1.94016e-15	AbsError: 1.49324e+01
      Equation: "HoleContinuityEquation"	RelError: 2.69802e-15	AbsError: 7.96110e+00
      Equation: "PotentialEquation"	RelError: 1.51501e-14	AbsError: 1.11022e-16
Charge Relative Error 2.28958e-09
number of equations 5085
Iteration: 0
  Device: "BenchmarkDiode"	RelError: 1.29498e-14	AbsError: 2.80274e+01
    Region: "SiRegion"	RelError: 1.29498e-14	AbsError: 2.80274e+01
      Equation: "ElectronContinuityEquation"	RelError: 1.74916e-15	AbsError: 2.00046e+01
      Equation: "HoleContinuityEquation"	RelError: 3.33727e-15	AbsError: 8.02271e+00
      Equation: "PotentialEquation"	RelError: 7.86334e-15	AbsError: 1.13696e-16
Charge Relative Error 2.28958e-09
number of equations 5085
Iteration: 0
  Device: "BenchmarkDiode"	RelError: 1.86154e-14	AbsError: 2.17665e+01
    Region: "SiRegion"	RelError: 1.86154e-14	AbsError: 2.17665e+01
      Equation: "ElectronContinuityEquation"	RelError: 1.79123e-15	AbsError: 1.37276e+01
      Equation: "HoleContinuityEquation"	RelError: 3.98172e-15	AbsError: 8.03892e+00
      Equation: "PotentialEquation"	RelError: 1.28424e-14	AbsError: 1.13209e-16
Charge Relative Error 2.28958e-09
number of equations 5085
Iteration: 0
  Device: "BenchmarkDiode"	RelError: 2.57792e-14	AbsError: 3.09204e+01
    Region: "SiRegion"	RelError: 2.57792e-14	AbsError: 3.09204e+01
      Equation: "ElectronContinuityEquation"	RelError: 2.99076e-15	AbsError: 2.29491e+01
      Equation: "HoleContinuityEquation"	RelError: 2.92676e-15	AbsError: 7.97137e+00
      Equation: "PotentialEquation"	RelError: 1.98617e-14	AbsError: 1.11337e-16
Charge Relative Error 2.28958e-09
number of equations 5085
Iteration: 0
  Device: "BenchmarkDiode"	RelError: 2.09324e-14	AbsError: 2.29535e+01
    Region: "SiRegion"	RelError: 2.09324e-14	AbsError: 2.29535e+01
      Equation: "ElectronContinuityEquation"	RelError: 2.10939e-15	AbsError: 1.49537e+01
      Equation: "HoleContinuityEquation"	RelError: 3.07168e-15	AbsError: 7.99987e+00
      Equation: "PotentialEquation"	RelError: 1.57513e-14	AbsError: 1.12072e-16
Charge Relative Error 2.28958e-09
number of equations 5085
Iteration: 0
  Device: "BenchmarkDiode"	RelError: 1.29334e-14	AbsError: 2.79668e+01
    Region: "SiRegion"	RelError: 1.29334e-14	AbsError: 2.79668e+01
      Equation: "ElectronContinuityEquation"	RelError: 2.57270e-15	AbsError: 2.00229e+01
      Equation: "HoleContinuityEquation"	RelError: 3.32761e-15	AbsError: 7.94392e+00
      Equation: "PotentialEquation"	RelError: 7.03304e-15	AbsError: 1.12701e-16
Charge Relative Error 2.28958e-09
number of equations 5085
Iteration: 0
  Device: "BenchmarkDiode"	RelError: 1.29354e-14	AbsError: 2.17986e+01
    Region: "SiRegion"	RelError: 1.29354e-14	AbsError: 2.17986e+01
      Equation: "ElectronContinuityEquation"	RelError: 1.98306e-15	AbsError: 1.38368e+01
      Equation: "HoleContinuityEquation"	RelError: 2.44410e-15	AbsError: 7.96177e+00
      Equation: "PotentialEquation"	RelError: 8.50821e-15	AbsError: 1.11022e-16
Charge Relative Error 2.28958e-09
number of equations 5085
Iteration: 0
  Device: "BenchmarkDiode"	RelError: 2.38317e-14	AbsError: 3.04443e+01
    Region: "SiRegion"	RelError: 2.38317e-14	AbsError: 3.04443e+01
      Equation: "ElectronContinuityEquation"	RelError: 1.18165e-15	AbsError: 2.24233e+01
      Equation: "HoleContinuityEquation"	RelError: 2.65564e-15	AbsError: 8.02104e+00
      Equation: "PotentialEquation"	RelError: 1.99944e-14	AbsError: 1.12983e-16
Charge Relative Error 2.28958e-09
number of equations 5085
Iteration: 0
  Device: "BenchmarkDiode"	RelError: 2.64989e-14	AbsError: 2.23836e+01
    Region: "SiRegion"	RelError: 2.64989e-14	AbsError: 2.23836e+01
      Equation: "ElectronContinuityEquation"	RelError: 1.96750e-15	AbsError: 1.43446e+01
      Equation: "HoleContinuityEquation"	RelError: 3.52553e-15	AbsError: 8.03906e+00
      Equation: "PotentialEquation"	RelError: 2.10059e-14	AbsError: 1.13411e-16
Charge Relative Error 2.28958e-09
number of equations 5085
Iteration: 0
  Device: "BenchmarkDiode"	RelError: 1.53954e-14	AbsError: 2.79796e+01
    Region: "SiRegion"	RelError: 1.53954e-14	AbsError: 2.79796e+01
      Equation: "ElectronContinuityEquation"	RelError: 1.80500e-15	AbsError: 2.00068e+01
      Equation: "HoleContinuityEquation"	RelError: 3.52301e-15	AbsError: 7.97280e+00
      Equation: "PotentialEquation"	RelError: 1.00674e-14	AbsError: 1.12382e-16
Charge Relative Error 2.28958e-09
number of equations 5085
Iteration: 0
  Device: "BenchmarkDiode"	RelError: 1.91815e-14	AbsError: 2.17282e+01
    Region: "SiRegion"	RelError: 1.91815e-14	AbsError: 2.17282e+01
      Equation: "ElectronContinuityEquation"	RelError: 2.14475e-15	AbsError: 1.37290e+01
      Equation: "HoleContinuityEquation"	RelError: 3.64237e-15	AbsError: 7.99921e+00
      Equation: "PotentialEquation"	RelError: 1.33944e-14	AbsError: 1.11026e-16
Charge Relative Error 2.28958e-09
number of equations 5085
Iteration: 0
  Device: "BenchmarkDiode"	RelError: 2.80598e-14	AbsError: 3.08010e+01
    Region: "SiRegion"	RelError: 2.80598e-14	AbsError: 3.08010e+01
      Equation: "ElectronContinuityEquation"	RelError: 2.22297e-15	AbsError: 2.28580e+01
      Equation: "HoleContinuityEquation"	RelError: 3.91084e-15	AbsError: 7.94298e+00
      Equation: "PotentialEquation"	RelError: 2.19260e-14	AbsError: 1.13128e-16
Charge Relative Error 2.28958e-09
number of equations 5085
Iteration: 0
  Device: "BenchmarkDiode"	RelError: 1.97019e-14	AbsError: 2.29855e+01
    Region: "SiRegion"	RelError: 1.97019e-14	AbsError: 2.29855e+01
      Equation: "ElectronContinuityEquation"	RelError: 1.56001e-15	AbsError: 1.50241e+01
      Equation: "HoleContinuityEquation"	RelError: 2.31375e-15	AbsError: 7.96142e+00
      Equation: "PotentialEquation"	RelError: 1.58282e-14	AbsError: 1.11022e-16
Charge Relative Error 2.28958e-09
number of equations 5085
Iteration: 0
  Device: "BenchmarkDiode"	RelError: 9.20070e-15	AbsError: 2.81529e+01
    Region: "SiRegion"	RelError: 9.20070e-15	AbsError: 2.81529e+01
      Equation: "ElectronContinuityEquation"	RelError: 1.19535e-15	AbsError: 2.01306e+01
      Equation: "HoleContinuityEquation"	RelError: 1.14103e-15	AbsError: 8.02227e+00
      Equation: "PotentialEquation"	RelError: 6.86432e-15	AbsError: 1.13462e-16
Charge Relative Error 2.28958e-09
number of equations 5085
Iteration: 0
  Device: "BenchmarkDiode"	RelError: 1.55002e-14	AbsError: 2.17852e+01
    Region: "SiRegion"	RelError: 1.55002e-14	AbsError: 2.17852e+01
      Equation: "ElectronContinuityEquation"	RelError: 9.14410e-16	AbsError: 1.37468e+01
      Equation: "HoleContinuityEquation"	RelError: 1.02783e-15	AbsError: 8.03836e+00
      Equation: "PotentialEquation"	RelError: 1.35580e-14	AbsError: 1.13139e-16
Charge Relative Error 2.28958e-09
number of equations 5085
Iteration: 0
  Device: "BenchmarkDiode"	RelError: 1.70083e-14	AbsError: 2.79436e+01
    Region: "SiRegion"	RelError: 1.70083e-14	AbsError: 2.79436e+01
      Equation: "ElectronContinuityEquation"	RelError: 9.68710e-16	AbsError: 1.99711e+01
      Equation: "HoleContinuityEquation"	RelError: 2.30029e-15	AbsError: 7.97250e+00
      Equation: "PotentialEquation"	RelError: 1.37393e-14	AbsError: 1.12291e-16
Charge Relative Error 2.28958e-09
number of equations 5085
Iteration: 0
  Device: "BenchmarkDiode"	RelError: 1.20482e-14	AbsError: 2.16594e+01
    Region: "SiRegion"	RelError: 1.20482e-14	AbsError: 2.16594e+01
      Equation: "ElectronContinuityEquation"	RelError: 2.11034e-15	AbsError: 1.36610e+01
      Equation: "HoleContinuityEquation"	RelError: 3.22147e-15	AbsError: 7.99845e+00
      Equation: "PotentialEquation"	RelError: 6.71638e-15	AbsError: 1.11469e-16
Charge Relative Error 2.28958e-09
number of equations 5085
Iteration: 0
  Device: "BenchmarkDiode"	RelError: 1.27238e-14	AbsError: 2.79468e+01
    Region: "SiRegion"	RelError: 1.27238e-14	AbsError: 2.79468e+01
      Equation: "ElectronContinuityEquation"	RelError: 2.03161e-15	AbsError: 2.00026e+01
      Equation: "HoleContinuityEquation"	RelError: 2.83192e-15	AbsError: 7.94416e+00
      Equation: "PotentialEquation"	RelError: 7.86030e-15	AbsError: 1.12677e-16
Charge Relative Error 2.28958e-09
number of equations 5085
Iteration: 0
  Device: "BenchmarkDiode"	RelError: 1.23720e-14	AbsError: 2.19269e+01
    Region: "SiRegion"	RelError: 1.23720e-14	AbsError: 2.19269e+01
      Equation: "ElectronContinuityEquation"	RelError: 1.50900e-15	AbsError: 1.39654e+01
      Equation: "HoleContinuityEquation"	RelError: 2.06724e-15	AbsError: 7.96144e+00
      Equation: "PotentialEquation"	RelError: 8.79573e-15	AbsError: 1.11022e-16
Charge Relative Error 2.28958e-09
number of equations 5085
Iteration: 0
  Device: "BenchmarkDiode"	RelError: 1.14948e-14	AbsError: 2.79957e+01
    Region: "SiRegion"	RelError: 1.14948e-14	AbsError: 2.79957e+01
      Equation: "ElectronContinuityEquation"	RelError: 2.19722e-15	AbsError: 1.99732e+01
      Equation: "HoleContinuityEquation"	RelError: 2.54423e-15	AbsError: 8.02251e+00
      Equation: "PotentialEquation"	RelError: 6.75338e-15	AbsError: 1.13617e-16
Charge Relative Error 2.28958e-09
number of equations 5085
Iteration: 0
  Device: "BenchmarkDiode"	RelError: 9.94964e-15	AbsError: 2.17000e+01
    Region: "SiRegion"	RelError: 9.94964e-15	AbsError: 2.17000e+01
      Equation: "ElectronContinuityEquation"	RelError: 1.56090e-15	AbsError: 1.36607e+01
      Equation: "HoleContinuityEquation"	RelError: 2.89087e-15	AbsError: 8.03930e+00
      Equation: "PotentialEquation"	RelError: 5.49787e-15	AbsError: 1.13474e-16
Charge Relative Error 2.28958e-09
number of equations 5085
Iteration: 0
  Device: "BenchmarkDiode"	RelError: 1.54666e-14	AbsError: 2.79299e+01
    Region: "SiRegion"	RelError: 1.54666e-14	AbsError: 2.79299e+01
      Equation: "ElectronContinuityEquation"	RelError: 1.49250e-15	AbsError: 1.99574e+01
      Equation: "HoleContinuityEquation"	RelError: 3.17470e-15	AbsError: 7.97252e+00
      Equation: "PotentialEquation"	RelError: 1.07994e-14	AbsError: 1.12031e-16
Charge Relative Error 2.28958e-09
number of equations 5085
Iteration: 0
  Device: "BenchmarkDiode"	RelError: 1.95739e-14	AbsError: 2.16622e+01
    Region: "SiRegion"	RelError: 1.95739e-14	AbsError: 2.16622e+01
      Equation: "ElectronContinuityEquation"	RelError: 1.82032e-15	AbsError: 1.36634e+01
      Equation: "HoleContinuityEquation"	RelError: 3.55005e-15	AbsError: 7.99878e+00
      Equation: "PotentialEquation"	RelError: 1.42035e-14	AbsError: 1.11268e-16
Charge Relative Error 2.28958e-09
number of equations 5085
Iteration: 0
  Device: "BenchmarkDiode"	RelError: 1.61702e-14	AbsError: 2.79179e+01
    Region: "SiRegion"	RelError: 1.61702e-14	AbsError: 2.79179e+01
      Equation: "ElectronContinuityEquation"	RelError: 1.58492e-15	AbsError: 1.99739e+01
      Equation: "HoleContinuityEquation"	RelError: 2.82410e-15	AbsError: 7.94393e+00
      Equation: "PotentialEquation"	RelError: 1.17612e-14	AbsError: 1.12700e-16
Charge Relative Error 2.28958e-09
number of equations 5085
Iteration: 0
  Device: "BenchmarkDiode"	RelError: 1.36806e-14	AbsError: 2.16239e+01
    Region: "SiRegion"	RelError: 1.36806e-14	AbsError: 2.16239e+01
      Equation: "ElectronContinuityEquation"	RelError: 1.78578e-15	AbsError: 1.36624e+01
      Equation: "HoleContinuityEquation"	RelError: 2.07226e-15	AbsError: 7.96147e+00
      Equation: "PotentialEquation"	RelError: 9.82254e-15	AbsError: 1.11022e-16
Charge Relative Error 2.28958e-09
number of equations 5085
Iteration: 0
  Device: "BenchmarkDiode"	RelError: 1.17047e-14	AbsError: 2.80182e+01
    Region: "SiRegion"	RelError: 1.17047e-14	AbsError: 2.80182e+01
      Equation: "ElectronContinuityEquation"	RelError: 2.30111e-15	AbsError: 1.99956e+01
      Equation: "HoleContinuityEquation"	RelError: 2.42547e-15	AbsError: 8.02265e+00
      Equation: "PotentialEquation"	RelError: 6.97807e-15	AbsError: 1.13678e-16
Charge Relative Error 2.28958e-09
recovery_vfixed_tau_1e-06_dt_1e-09_mesh_2e-07: Qrr=4.612e-07 C, Irrm=8.723e+02 A, elapsed=3.88s
