{
  "L_fp": 6.0,
  "timestamp": "2026-02-17T16:13:23.963422",
  "method": "adaptive_step_v2",
  "voltages": [
    -5,
    -10,
    -20,
    -30,
    -40,
    -50,
    -60,
    -80,
    -100,
    -120,
    -150
  ],
  "currents": [
    0,
    0,
    0,
    0,
    0,
    0,
    0,
    0,
    0,
    0,
    0
  ],
  "max_electric_fields": [
    1281.2287309391195,
    1281.2287309391195,
    1281.2287309391195,
    1281.2287309391195,
    1281.2287309391195,
    1281.2287309391195,
    1281.2287309391195,
    1281.2287309391195,
    1281.2287309391195,
    1281.2287309391195,
    1281.2287309391195
  ],
  "n_points": 11
}