{
  "L_fp": 6.0,
  "timestamp": "2026-02-18T16:36:47.255862",
  "method": "builtin_2d_mesh_fixed",
  "voltages": [
    -0.5,
    -1.0,
    -1.5,
    -2.0,
    -2.5,
    -3.0,
    -3.5,
    -4.0,
    -4.5,
    -5.0,
    -6.0,
    -7.0,
    -8.0,
    -9.0,
    -10.0,
    -12.0,
    -14.0,
    -16.0,
    -18.0,
    -20.0
  ],
  "currents": [
    3.250663568397065e-14,
    3.250663568397065e-14,
    3.250663568397065e-14,
    3.250663568397065e-14,
    3.250663568397065e-14,
    3.250663568397065e-14,
    3.250663568397065e-14,
    3.250663568397065e-14,
    3.250663568397065e-14,
    3.250663568397065e-14,
    3.250663568397065e-14,
    3.250663568397065e-14,
    3.250663568397065e-14,
    3.250663568397065e-14,
    3.250663568397065e-14,
    3.250663568397065e-14,
    3.250663568397065e-14,
    3.250663568397065e-14,
    3.250663568397065e-14,
    3.250663568397065e-14
  ],
  "max_electric_fields": [
    9678.77577072173,
    9678.77577072173,
    9678.77577072173,
    9678.77577072173,
    9678.77577072173,
    9678.77577072173,
    9678.77577072173,
    9678.77577072173,
    9678.77577072173,
    9678.77577072173,
    9678.77577072173,
    9678.77577072173,
    9678.77577072173,
    9678.77577072173,
    9678.77577072173,
    9678.77577072173,
    9678.77577072173,
    9678.77577072173,
    9678.77577072173,
    9678.77577072173
  ],
  "n_points": 20,
  "max_voltage": -20.0
}