{
  "L_fp": 4.0,
  "timestamp": "2026-02-18T15:14:52.014615",
  "method": "builtin_2d_mesh_fixed",
  "voltages": [
    -0.5,
    -1.0,
    -1.5,
    -2.0,
    -2.5,
    -3.0,
    -3.5,
    -4.0,
    -4.5,
    -5.0,
    -6.0,
    -7.0,
    -8.0,
    -9.0,
    -10.0,
    -12.0,
    -14.0,
    -16.0,
    -18.0,
    -20.0
  ],
  "currents": [
    0.0,
    0.0,
    0.0,
    -4.800662854454711e-12,
    -4.800662854454711e-12,
    0.0,
    0.0,
    0.0,
    0.0,
    0.0,
    0.0,
    0.0,
    0.0,
    0.0,
    0.0,
    0.0,
    0.0,
    0.0,
    0.0,
    0.0
  ],
  "max_electric_fields": [
    0.0,
    0.0,
    0.0,
    0.0,
    0.0,
    0.0,
    0.0,
    0.0,
    0.0,
    0.0,
    0.0,
    0.0,
    0.0,
    0.0,
    0.0,
    0.0,
    0.0,
    0.0,
    0.0,
    0.0
  ],
  "n_points": 20,
  "max_voltage": -20.0
}