{
  "description": "\u57fa\u51c6I-V\u7279\u6027\uff08\u65e0\u5206\u5b50\u5360\u636e\uff09",
  "parameters": {
    "ion_concentration_M": 0.1,
    "mobility_cm2_Vs": 0.0001,
    "channel_length_cm": 5e-05,
    "channel_radius_cm": 1e-05,
    "conductance_S": 6.053974707173676e-08
  },
  "voltage_V": [
    -0.1,
    -0.09000000000000001,
    -0.08000000000000002,
    -0.07000000000000002,
    -0.060000000000000026,
    -0.05000000000000003,
    -0.040000000000000036,
    -0.03000000000000004,
    -0.020000000000000046,
    -0.01000000000000005,
    -5.551115123125783e-17,
    0.00999999999999994,
    0.019999999999999934,
    0.029999999999999943,
    0.039999999999999925,
    0.049999999999999906,
    0.059999999999999915,
    0.06999999999999992,
    0.0799999999999999,
    0.08999999999999989,
    0.0999999999999999
  ],
  "current_A": [
    -6.053974707173677e-09,
    -5.448577236456309e-09,
    -4.843179765738942e-09,
    -4.237782295021574e-09,
    -3.6323848243042072e-09,
    -3.02698735358684e-09,
    -2.4215898828694726e-09,
    -1.8161924121521053e-09,
    -1.210794941434738e-09,
    -6.053974707173707e-10,
    -3.3606310552012776e-24,
    6.05397470717364e-10,
    1.2107949414347313e-09,
    1.8161924121520995e-09,
    2.421589882869466e-09,
    3.0269873535868322e-09,
    3.6323848243042006e-09,
    4.2377822950215685e-09,
    4.843179765738935e-09,
    5.448577236456302e-09,
    6.0539747071736695e-09
  ]
}