{
  "description": "\u5fb7\u62dc\u957f\u5ea6\u6548\u5e94\u5206\u6790",
  "concentrations_M": [
    0.001,
    0.01,
    0.1,
    1.0
  ],
  "debye_lengths_nm": [
    9.613324086911874,
    3.0399999999999996,
    0.9613324086911872,
    0.304
  ],
  "debye_lengths_cm": [
    9.613324086911874e-07,
    3.0399999999999997e-07,
    9.613324086911872e-08,
    3.04e-08
  ],
  "sensitivities": [
    0.25,
    0.25000000000000017,
    0.2500000000000001,
    0.25000000000000017
  ],
  "channel_radius_nm": 100.00000000000001
}