{
  "0.0": {
    "occupancy": 0.0,
    "effective_area_cm2": 3.1415926535897934e-10,
    "conductance_S": 6.053974707173676e-08,
    "current_A": [
      -6.053974707173677e-09,
      -5.448577236456309e-09,
      -4.843179765738942e-09,
      -4.237782295021574e-09,
      -3.6323848243042072e-09,
      -3.02698735358684e-09,
      -2.4215898828694726e-09,
      -1.8161924121521053e-09,
      -1.210794941434738e-09,
      -6.053974707173707e-10,
      -3.3606310552012776e-24,
      6.05397470717364e-10,
      1.2107949414347313e-09,
      1.8161924121520995e-09,
      2.421589882869466e-09,
      3.0269873535868322e-09,
      3.6323848243042006e-09,
      4.2377822950215685e-09,
      4.843179765738935e-09,
      5.448577236456302e-09,
      6.0539747071736695e-09
    ],
    "delta_I_A": [
      0.0,
      0.0,
      0.0,
      0.0,
      0.0,
      0.0,
      0.0,
      0.0,
      0.0,
      0.0,
      0.0,
      0.0,
      0.0,
      0.0,
      0.0,
      0.0,
      0.0,
      0.0,
      0.0,
      0.0,
      0.0
    ],
    "sensitivity": [
      0.0,
      0.0,
      0.0,
      0.0,
      0.0,
      0.0,
      0.0,
      0.0,
      0.0,
      0.0,
      0.0,
      0.0,
      0.0,
      0.0,
      0.0,
      0.0,
      0.0,
      0.0,
      0.0,
      0.0,
      0.0
    ],
    "average_sensitivity": 0.0
  },
  "0.1": {
    "occupancy": 0.1,
    "effective_area_cm2": 2.827433388230814e-10,
    "conductance_S": 5.448577236456309e-08,
    "current_A": [
      -5.448577236456309e-09,
      -4.903719512810679e-09,
      -4.358861789165048e-09,
      -3.814004065519417e-09,
      -3.269146341873787e-09,
      -2.724288618228156e-09,
      -2.1794308945825254e-09,
      -1.6345731709368949e-09,
      -1.0897154472912644e-09,
      -5.448577236456336e-10,
      -3.02456794968115e-24,
      5.448577236456276e-10,
      1.0897154472912582e-09,
      1.6345731709368895e-09,
      2.1794308945825196e-09,
      2.7242886182281493e-09,
      3.2691463418737807e-09,
      3.814004065519412e-09,
      4.358861789165042e-09,
      4.903719512810671e-09,
      5.448577236456303e-09
    ],
    "delta_I_A": [
      6.053974707173675e-10,
      5.448577236456305e-10,
      4.843179765738935e-10,
      4.2377822950215735e-10,
      3.6323848243042035e-10,
      3.026987353586842e-10,
      2.421589882869472e-10,
      1.8161924121521038e-10,
      1.210794941434736e-10,
      6.05397470717371e-11,
      3.360631055201276e-25,
      6.053974707173638e-11,
      1.2107949414347317e-10,
      1.8161924121520997e-10,
      2.4215898828694635e-10,
      3.0269873535868294e-10,
      3.6323848243041994e-10,
      4.237782295021565e-10,
      4.843179765738935e-10,
      5.448577236456305e-10,
      6.053974707173667e-10
    ],
    "sensitivity": [
      0.09999999999999998,
      0.09999999999999992,
      0.09999999999999987,
      0.09999999999999998,
      0.0999999999999999,
      0.10000000000000006,
      0.09999999999999996,
      0.09999999999999992,
      0.09999999999999983,
      0.10000000000000005,
      0.09999999999999995,
      0.09999999999999996,
      0.10000000000000003,
      0.1,
      0.0999999999999999,
      0.09999999999999991,
      0.09999999999999996,
      0.09999999999999992,
      0.1,
      0.10000000000000006,
      0.09999999999999996
    ],
    "average_sensitivity": 0.09999999999999996
  },
  "0.25": {
    "occupancy": 0.25,
    "effective_area_cm2": 2.356194490192345e-10,
    "conductance_S": 4.540481030380257e-08,
    "current_A": [
      -4.540481030380257e-09,
      -4.086432927342232e-09,
      -3.6323848243042064e-09,
      -3.1783367212661805e-09,
      -2.724288618228155e-09,
      -2.2702405151901297e-09,
      -1.8161924121521044e-09,
      -1.3621443091140788e-09,
      -9.080962060760535e-10,
      -4.5404810303802797e-10,
      -2.520473291400958e-24,
      4.5404810303802296e-10,
      9.080962060760484e-10,
      1.3621443091140744e-09,
      1.8161924121520993e-09,
      2.2702405151901243e-09,
      2.72428861822815e-09,
      3.1783367212661764e-09,
      3.632384824304201e-09,
      4.086432927342226e-09,
      4.540481030380252e-09
    ],
    "delta_I_A": [
      1.51349367679342e-09,
      1.3621443091140776e-09,
      1.2107949414347355e-09,
      1.0594455737553938e-09,
      9.080962060760521e-10,
      7.567468383967104e-10,
      6.053974707173681e-10,
      4.5404810303802647e-10,
      3.026987353586845e-10,
      1.5134936767934276e-10,
      8.401577638003196e-25,
      1.5134936767934105e-10,
      3.0269873535868294e-10,
      4.54048103038025e-10,
      6.053974707173667e-10,
      7.56746838396708e-10,
      9.080962060760505e-10,
      1.0594455737553921e-09,
      1.2107949414347342e-09,
      1.3621443091140759e-09,
      1.5134936767934176e-09
    ],
    "sensitivity": [
      0.2500000000000001,
      0.25000000000000006,
      0.25,
      0.25000000000000006,
      0.2500000000000001,
      0.2500000000000001,
      0.25,
      0.2500000000000001,
      0.25,
      0.2500000000000001,
      0.25000000000000006,
      0.2500000000000001,
      0.2500000000000001,
      0.2500000000000001,
      0.2500000000000001,
      0.24999999999999997,
      0.2500000000000001,
      0.25,
      0.2500000000000001,
      0.25000000000000006,
      0.25000000000000006
    ],
    "average_sensitivity": 0.2500000000000001
  },
  "0.5": {
    "occupancy": 0.5,
    "effective_area_cm2": 1.5707963267948967e-10,
    "conductance_S": 3.026987353586838e-08,
    "current_A": [
      -3.0269873535868385e-09,
      -2.7242886182281547e-09,
      -2.421589882869471e-09,
      -2.118891147510787e-09,
      -1.8161924121521036e-09,
      -1.51349367679342e-09,
      -1.2107949414347363e-09,
      -9.080962060760526e-10,
      -6.05397470717369e-10,
      -3.0269873535868536e-10,
      -1.6803155276006388e-24,
      3.02698735358682e-10,
      6.053974707173657e-10,
      9.080962060760497e-10,
      1.210794941434733e-09,
      1.5134936767934161e-09,
      1.8161924121521003e-09,
      2.1188911475107843e-09,
      2.4215898828694676e-09,
      2.724288618228151e-09,
      3.0269873535868347e-09
    ],
    "delta_I_A": [
      3.0269873535868385e-09,
      2.7242886182281547e-09,
      2.421589882869471e-09,
      2.118891147510787e-09,
      1.8161924121521036e-09,
      1.51349367679342e-09,
      1.2107949414347363e-09,
      9.080962060760526e-10,
      6.05397470717369e-10,
      3.0269873535868536e-10,
      1.6803155276006388e-24,
      3.02698735358682e-10,
      6.053974707173657e-10,
      9.080962060760497e-10,
      1.210794941434733e-09,
      1.5134936767934161e-09,
      1.8161924121521003e-09,
      2.1188911475107843e-09,
      2.4215898828694676e-09,
      2.724288618228151e-09,
      3.0269873535868347e-09
    ],
    "sensitivity": [
      0.5,
      0.5,
      0.5,
      0.5,
      0.5,
      0.5,
      0.5,
      0.5,
      0.5,
      0.5,
      0.5,
      0.5,
      0.5,
      0.5,
      0.5,
      0.5,
      0.5,
      0.5,
      0.5,
      0.5,
      0.5
    ],
    "average_sensitivity": 0.5
  },
  "0.75": {
    "occupancy": 0.75,
    "effective_area_cm2": 7.853981633974483e-11,
    "conductance_S": 1.513493676793419e-08,
    "current_A": [
      -1.5134936767934192e-09,
      -1.3621443091140773e-09,
      -1.2107949414347355e-09,
      -1.0594455737553936e-09,
      -9.080962060760518e-10,
      -7.5674683839671e-10,
      -6.053974707173681e-10,
      -4.540481030380263e-10,
      -3.026987353586845e-10,
      -1.5134936767934268e-10,
      -8.401577638003194e-25,
      1.51349367679341e-10,
      3.0269873535868283e-10,
      4.5404810303802487e-10,
      6.053974707173665e-10,
      7.567468383967081e-10,
      9.080962060760501e-10,
      1.0594455737553921e-09,
      1.2107949414347338e-09,
      1.3621443091140755e-09,
      1.5134936767934174e-09
    ],