{
  "description": "\u4fe1\u566a\u6bd4\u5206\u6790",
  "noise_level_A": 1e-12,
  "radii_nm": [
    50.00000000000001,
    75.0,
    100.00000000000001,
    150.0
  ],
  "radii_cm": [
    5e-06,
    7.5e-06,
    1e-05,
    1.5e-05
  ],
  "snr_values": [
    756.7468383967097,
    1702.6803863925963,
    3026.9873535868387,
    6810.721545570385
  ],
  "bias_V": 0.1
}